series,category,league,market_type,usd_per_day,trades_per_day,maker_fee_status,class_certainty,api_category_aug2,fee_type_aug2
KXBTC15M,crypto_15m,,,124269078.0,3224828.75,maker_free(census),rule,Crypto,quadraticx1
KXMVECROSSCATEGORY,combos_mve,,,58679015.22,1575049.25,maker_fee_combo_0.5x,rule,,
KXNFLGAME,sports_football_us,NFL,game,23959340.34,291406.88,maker_fee,rule,Sports,quadratic_with_maker_feesx1
KXATPCHALLENGERMATCH,sports_tennis,ATPCHALLENGER,game,22267990.7,306623.12,maker_free(census),rule,Sports,quadraticx1
KXMLBGAME,sports_baseball,MLB,game,19488988.94,261351.5,maker_fee,rule,Sports,quadratic_with_maker_feesx1
KXNCAAFGAME,sports_football_us,NCAAF,game,17300652.32,241737.88,maker_fee,rule,Sports,quadratic_with_maker_feesx1
KXBTCD,crypto_hourly_ladder,,,17123944.45,476910.75,maker_free(census),rule,Crypto,quadraticx1
KXITFWMATCH,sports_tennis,ITFW,game,13834291.01,303261.38,maker_free(census),rule,Sports,quadraticx1
KXGOLD15M,commodities_fx_15m,,,11690890.38,412064.38,maker_free(census),rule,Commodities,quadraticx1
KXATPMATCH,sports_tennis,ATP,game,10523856.11,121461.25,maker_fee,rule,Sports,quadratic_with_maker_feesx1
KXITFMATCH,sports_tennis,ITF,game,9943115.09,221041.12,maker_free(census),rule,Sports,quadraticx1
KXWTACHALLENGERMATCH,sports_tennis,WTACHALLENGER,game,8530430.3,99530.38,UNKNOWN,rule,,
KXWTAMATCH,sports_tennis,WTA,game,8029066.69,81583.62,maker_fee,rule,Sports,quadratic_with_maker_feesx1
KXMVECROSSCATEGORY0,combos_mve,,,7895005.25,181759.62,UNKNOWN(possible shard of maker-fee KXMVECROSSCATEGORY),rule,,
KXETH15M,crypto_15m,,,6337368.9,489481.25,maker_free(census),rule,Crypto,quadraticx1
KXNCAAFSPREAD,sports_football_us,NCAAF,spread,6163562.68,118877.38,UNKNOWN(likely maker_fee),rule,,
KXMLBTOTAL,sports_baseball,MLB,total,5791197.29,72593.12,maker_free(taker x0.5 pre-game),rule,Sports,quadraticx1
KXNFLSPREAD,sports_football_us,NFL,spread,5745886.91,85893.38,maker_fee,rule,Sports,quadratic_with_maker_feesx1
KXUEFANLGAME,sports_soccer,UEFANL,game,5597778.34,110818.25,UNKNOWN,rule,,
KXWNBAGAME,sports_basketball,WNBA,game,3428448.25,40871.0,maker_fee,rule,Sports,quadratic_with_maker_feesx1
KXXRP15M,crypto_15m,,,3264567.39,340885.25,maker_free(census),rule,Crypto,quadraticx1
KXNCAAFTOTAL,sports_football_us,NCAAF,total,3243007.55,64649.5,UNKNOWN(likely maker_fee),rule,,
KXMLBSPREAD,sports_baseball,MLB,spread,3181840.07,53265.75,maker_free(taker x0.5 pre-game),rule,Sports,quadraticx1
KXNFLTOTAL,sports_football_us,NFL,total,3037843.48,38265.12,maker_fee,rule,Sports,quadratic_with_maker_feesx1
KXWTI15M,commodities_fx_15m,,,2853174.66,133119.62,maker_free(census),rule,Commodities,quadraticx1
KXSOL15M,crypto_15m,,,2453709.4,251083.88,maker_free(census),rule,Crypto,quadraticx1
KXINTLFRIENDLYGAME,sports_soccer,INTLFRIENDLY,game,2232950.33,70291.25,UNKNOWN,rule,,
KXSILVER15M,commodities_fx_15m,,,2067806.66,97769.0,maker_free(census),rule,Commodities,quadraticx1
KXODIMATCH,sports_cricket,ODI,game,1949746.82,14882.88,maker_free(census),rule,Sports,quadraticx1
KXUFCFIGHT,sports_combat,UFC,game,1696824.29,40953.88,maker_free(census),rule,Sports,quadraticx1
KXNFLTD,sports_football_us,NFL,props,1687873.98,57240.5,maker_free(census),rule,Sports,quadraticx1
KXDOGE15M,crypto_15m,,,1524524.7,172703.25,maker_free(census),rule,Crypto,quadraticx1
KXCS2GAME,sports_esports,CS2,game,1300645.7,70072.75,maker_free(census),rule,Sports,quadraticx1
KXLIGAMXGAME,sports_soccer,LIGAMX,game,1288674.0,45401.12,maker_free(census),rule,Sports,quadraticx1
KXCONCACAFNLGAME,sports_soccer,CONCACAFNL,game,1269702.5,61118.88,UNKNOWN,rule,,
KXAFCONGAME,sports_soccer,AFCON,game,1243127.54,57528.5,UNKNOWN,rule,,
KXNASDAQ100U,equity_indices,,,1231739.79,5387.0,maker_free(census),rule,Financials,quadraticx1
KXINXU,equity_indices,,,1157136.11,6631.25,maker_free(census),rule,Financials,quadraticx1
KXZEC15M,crypto_15m,,,1024354.11,117864.38,maker_free(census),rule,Crypto,quadraticx1
KXUEFANLTOTAL,sports_soccer,UEFANL,total,1017535.93,21629.5,UNKNOWN,rule,,
KXT20MATCH,sports_cricket,T20,game,1017457.14,52353.25,maker_free(census),rule,Sports,quadraticx1
KXHYPE15M,crypto_15m,,,1008488.16,116345.12,maker_free(census),rule,Crypto,quadraticx1
KXLAVERCUPMATCH,sports_tennis,LAVERCUP,game,1005969.77,11366.5,UNKNOWN,rule,,
KXMLBRFI,sports_baseball,MLB,props,1005152.49,16741.62,maker_free(taker x0.5 pre-game),rule,Sports,quadraticx1
KXATPSETWINNER,sports_tennis,ATP,period,999582.21,19063.0,maker_free(census),rule,Sports,quadraticx1
KXMLSGAME,sports_soccer,MLS,game,998548.29,27989.38,UNKNOWN(Aug-2 maker-free; Sept-26 league in maker-fee set),rule,Sports,quadraticx1
KXMLBF5TOTAL,sports_baseball,MLB,total,884639.87,13398.0,maker_free(census),rule,Sports,quadraticx1
KXNEAR15M,crypto_15m,,,868711.27,100146.75,maker_free(census),rule,Crypto,quadraticx1
KXNCAAF1HSPREAD,sports_football_us,NCAAF,period,788804.72,20061.25,UNKNOWN,rule,,
KXNHLGAME,sports_hockey,NHL,game,752212.77,19783.25,UNKNOWN(likely maker_fee),rule,,
KXWTASETWINNER,sports_tennis,WTA,period,751532.58,12663.62,maker_free(census),rule,Sports,quadraticx1
KXNFLRECYDS,sports_football_us,NFL,props,719846.68,17970.88,UNKNOWN,rule,,
KXWNBATOTAL,sports_basketball,WNBA,total,709478.45,16302.25,UNKNOWN(Aug-2 maker-free; Sept-26 league in maker-fee set),rule,Sports,quadraticx1
KXCOPPER15M,commodities_fx_15m,,,706279.39,65698.5,UNKNOWN,rule,,
KXBNB15M,crypto_15m,,,693086.58,99729.88,maker_free(census),rule,Crypto,quadraticx1
KXNFL1HSPREAD,sports_football_us,NFL,period,683037.77,12842.25,UNKNOWN,rule,,
KXNFLRSHYDS,sports_football_us,NFL,props,672838.46,18362.12,maker_free(census),rule,Sports,quadraticx1
KXNATGAS15M,commodities_fx_15m,,,672240.09,58402.75,UNKNOWN,rule,,
KXWNBASPREAD,sports_basketball,WNBA,spread,663559.72,14420.25,UNKNOWN(Aug-2 maker-free; Sept-26 league in maker-fee set),rule,Sports,quadraticx1
KXLOLGAME,sports_esports,LOL,game,661241.7,26529.0,maker_free(census),rule,Sports,quadraticx1
KXCS2MAP,sports_esports,CS2,period,627060.09,23909.38,maker_free(census),rule,Sports,quadraticx1
KXMLBF5,sports_baseball,MLB,period,625042.62,9232.88,maker_free(taker x0.5 pre-game),rule,Sports,quadraticx1
KXINTLFRIENDLYTOTAL,sports_soccer,INTLFRIENDLY,total,621323.34,17289.0,UNKNOWN,rule,,
KXETHD,crypto_hourly_ladder,,,576523.37,31440.25,maker_free(census),rule,Crypto,quadraticx1
KXPRESCUPMATCH,sports_golf,PRESCUP,game,554543.09,9466.62,UNKNOWN,rule,,
KXUCLWGAME,sports_soccer,UCLW,game,540448.55,16060.25,maker_free(census),rule,Sports,quadraticx1
KXMLBTEAMTOTAL,sports_baseball,MLB,props,521175.22,10517.38,maker_free(census),rule,Sports,quadraticx1
KXVALORANTGAME,sports_esports,VALORANT,game,469985.63,7514.0,maker_free(census),rule,Sports,quadraticx1
KXNFLPASSYDS,sports_football_us,NFL,props,467960.19,12677.38,maker_free(census),rule,Sports,quadraticx1
KXNCAAF1HTOTAL,sports_football_us,NCAAF,total,451293.13,11454.62,UNKNOWN(likely maker_fee),rule,,
KXMLBHR,sports_baseball,MLB,props,441503.65,25112.38,maker_free(taker x0.5 pre-game),rule,Sports,quadraticx1
KXCONCACAFNLTOTAL,sports_soccer,CONCACAFNL,total,437865.77,15776.75,UNKNOWN,rule,,
KXRAIN,weather_climate,,,437046.33,41847.88,maker_free(census),rule,Climate and Weather,quadraticx1
KXNFLREC,sports_football_us,NFL,props,389836.21,9030.25,UNKNOWN,rule,,
KXNFL1HTOTAL,sports_football_us,NFL,total,375916.94,6529.38,UNKNOWN(likely maker_fee),rule,,
KXMLBKS,sports_baseball,MLB,props,370101.35,14866.75,maker_free(taker x0.5 pre-game),rule,Sports,quadraticx1
KXBTC,crypto_hourly_ladder,,,362405.95,33159.88,maker_free(census),rule,Crypto,quadraticx1
KXNCAAFTEAMTOTAL,sports_football_us,NCAAF,props,361227.65,10197.62,UNKNOWN,rule,,
KXDIMAYORGAME,sports_soccer,DIMAYOR,game,358156.32,21727.38,maker_free(census),rule,Sports,quadraticx1
KXNCAAF1H,sports_football_us,NCAAF,period,356147.21,9588.88,UNKNOWN,rule,,
KXNFL1H,sports_football_us,NFL,period,355278.96,7144.5,UNKNOWN,rule,,
KXMLSTOTAL,sports_soccer,MLS,total,328464.52,6931.12,UNKNOWN(likely maker_fee),rule,,
KXNFLTEAMTOTAL,sports_football_us,NFL,props,326735.47,7686.75,UNKNOWN,rule,,
KXAFCONTOTAL,sports_soccer,AFCON,total,316489.78,13306.25,UNKNOWN,rule,,
KXUCLWTOTAL,sports_soccer,UCLW,total,303144.66,8587.62,maker_free(census),rule,Sports,quadraticx1
KXLIGAMXTOTAL,sports_soccer,LIGAMX,total,296753.61,7510.75,UNKNOWN,rule,,
KXUFCMOV,sports_combat,UFC,spread,295004.41,18258.5,UNKNOWN,rule,,
KXITFWDOUBLES,sports_tennis,ITFW,game,294407.72,15274.25,maker_free(census),rule,Sports,quadraticx1
KXUEFANLSPREAD,sports_soccer,UEFANL,spread,287938.99,7214.12,UNKNOWN,rule,,
KXNPBGAME,sports_baseball,NPB,game,287355.9,9455.25,maker_free(census),rule,Sports,quadraticx1
KXTTELITEMATCH,sports_table_tennis,TTELITE,game,282216.93,16069.75,UNKNOWN,rule,,
KXLOLMAP,sports_esports,LOL,period,280560.08,11469.0,maker_free(census),rule,Sports,quadraticx1
KXPALLADIUM15M,commodities_fx_15m,,,275820.69,26526.38,UNKNOWN,rule,,
KXMLBHIT,sports_baseball,MLB,props,275368.36,9884.62,maker_free(census),rule,Sports,quadraticx1
KXEURUSD15M,commodities_fx_15m,,,267515.63,6305.62,UNKNOWN,rule,,
KXPLATINUM15M,commodities_fx_15m,,,266692.55,24259.5,UNKNOWN,rule,,
KXPRESCUP,sports_golf,PRESCUP,futures,265781.77,5160.0,maker_free(census),rule,Sports,quadraticx1
KXRT,entertainment_culture,,,261711.6,3958.25,maker_free(census),rule,Entertainment,quadraticx1
KXGBPUSD15M,commodities_fx_15m,,,247739.51,5727.5,UNKNOWN,rule,,
KXLALIGA2GAME,sports_soccer,LALIGA2,game,246875.66,8278.25,UNKNOWN,rule,,
KXDOTA2GAME,sports_esports,DOTA2,game,246447.85,11904.12,maker_free(census),rule,Sports,quadraticx1
KXNFLFIRSTTD,sports_football_us,NFL,props,239148.86,15562.25,UNKNOWN,rule,,
KXNHLTOTAL,sports_hockey,NHL,total,238722.6,6991.5,UNKNOWN(likely maker_fee),rule,,
KXTEMPMIAH,weather_climate,,,230629.84,12015.75,UNKNOWN,rule,,
KXEUROLEAGUEGAME,sports_basketball,EUROLEAGUE,game,224096.94,6810.75,UNKNOWN,rule,,
KXKBOGAME,sports_baseball,KBO,game,218415.34,6820.62,maker_free(census),rule,Sports,quadraticx1
KXUSDJPY15M,commodities_fx_15m,,,212264.56,6283.0,UNKNOWN,rule,,
KXNFLWINS,sports_football_us,NFL,futures,209644.78,2552.5,maker_free(census),rule,Sports,quadraticx1
KXUEFANL1HTOTAL,sports_soccer,UEFANL,total,204101.99,5344.38,UNKNOWN,rule,,
KXATPCHALLENGERDOUBLES,sports_tennis,ATPCHALLENGER,game,203902.33,6152.88,UNKNOWN,rule,,
KXMLB,sports_baseball,MLB,futures,201442.44,7515.12,maker_fee,rule,Sports,quadratic_with_maker_feesx1
KXFEDDECISION,rates_macro,,,196061.35,845.62,maker_fee,rule,Economics,quadratic_with_maker_feesx1
CONTROLH,politics_geopolitics,,,195478.57,753.38,maker_free(census),rule,Elections,quadraticx1
KXMLBF5SPREAD,sports_baseball,MLB,period,186965.72,5132.75,maker_free(census),rule,Sports,quadraticx1
KXUEFANLBTTS,sports_soccer,UEFANL,props,181658.33,5127.75,UNKNOWN,rule,,
KXITFDOUBLES,sports_tennis,ITF,game,181501.89,9422.75,maker_free(census),rule,Sports,quadraticx1
KXMLBHRR,sports_baseball,MLB,props,180250.15,8373.0,maker_free(census),rule,Sports,quadraticx1
KXNFLPASSTDS,sports_football_us,NFL,props,171446.38,5252.25,UNKNOWN,rule,,
KXWTI,commodities_fx_other,,,168201.14,4786.62,maker_free(census),rule,Commodities,quadraticx1
KXVALORANTMAP,sports_esports,VALORANT,period,167366.26,4928.62,maker_free(census),rule,Sports,quadraticx1
KXWODIMATCH,sports_cricket,WODI,game,163043.04,5685.25,UNKNOWN,rule,,
KXWTADOUBLES,sports_tennis,WTA,game,156111.51,2696.25,UNKNOWN(likely maker_fee),rule,,
KXUEFANL1H,sports_soccer,UEFANL,period,148667.56,4565.38,UNKNOWN,rule,,
KXNCAAF2HSPREAD,sports_football_us,NCAAF,period,146929.17,9173.0,UNKNOWN,rule,,
KXMLBF3,sports_baseball,MLB,period,144687.59,5773.12,maker_free(census),rule,Sports,quadraticx1
KXINTLFRIENDLYSPREAD,sports_soccer,INTLFRIENDLY,spread,143679.95,6374.0,UNKNOWN,rule,,
KXUSLGAME,sports_soccer,USL,game,139679.33,10248.75,maker_free(census),rule,Sports,quadraticx1
KXATPDOUBLES,sports_tennis,ATP,game,138940.14,3856.5,UNKNOWN(likely maker_fee),rule,,
KXDOTA2MAP,sports_esports,DOTA2,period,138157.75,6194.25,maker_free(census),rule,Sports,quadraticx1
KXDIMAYORTOTAL,sports_soccer,DIMAYOR,total,136650.68,4506.5,maker_free(census),rule,Sports,quadraticx1
KXNFL1Q,sports_football_us,NFL,period,136571.02,3349.5,UNKNOWN,rule,,
KXBRASILEIROBGAME,sports_soccer,BRASILEIROB,game,136430.47,7111.5,maker_free(census),rule,Sports,quadraticx1
KXAAAGASD,macro_gas_prices,,,134736.06,5813.0,maker_free(census),rule,Economics,quadraticx1
KXURYPDGAME,sports_soccer,URYPD,game,133183.28,7848.38,maker_free(census),rule,Sports,quadraticx1
KXNFL2HSPREAD,sports_football_us,NFL,period,128669.71,5371.75,UNKNOWN,rule,,
KXETH,crypto_hourly_ladder,,,126816.18,4386.62,maker_free(census),rule,Crypto,quadraticx1
KXATPGTOTAL,sports_tennis,ATP,total,126700.05,4904.5,UNKNOWN(Aug-2 maker-free; Sept-26 league in maker-fee set),rule,Sports,quadraticx1
KXNFL1QTOTAL,sports_football_us,NFL,total,123761.13,3252.25,UNKNOWN(likely maker_fee),rule,,
KXDPWORLDTOUR,sports_golf,DPWORLDTOUR,futures,123181.82,4985.88,UNKNOWN,rule,,
KXAPFDDHGAME,sports_soccer,APFDDH,game,122321.56,5399.62,maker_free(census),rule,Sports,quadraticx1
KXNCAAF1QSPREAD,sports_football_us,NCAAF,period,117474.81,3731.62,UNKNOWN,rule,,
KXMAYORLA,politics_geopolitics,,,117024.88,459.38,maker_free(census),rule,Elections,quadraticx1
KXMLBSERIES,sports_baseball,MLB,game,116925.8,1405.62,UNKNOWN,rule,,
SENATETX,politics_geopolitics,,,111953.1,852.12,maker_free(census),rule,Elections,quadraticx1
KXNFL3QTOTAL,sports_football_us,NFL,total,109750.96,2435.88,UNKNOWN(likely maker_fee),rule,,
KXPERLIGA1GAME,sports_soccer,PERLIGA1,game,109406.57,5289.38,maker_free(census),rule,Sports,quadraticx1
KXCANPLGAME,sports_soccer,CANPL,game,108224.74,5521.12,maker_free(census),rule,Sports,quadraticx1
KXWNBA1HTOTAL,sports_basketball,WNBA,total,107743.69,2313.38,UNKNOWN(Aug-2 maker-free; Sept-26 league in maker-fee set),rule,Sports,quadraticx1
KXLAVERCUPDOUBLESMATCH,sports_tennis,LAVERCUP,game,106983.27,2222.75,UNKNOWN,rule,,
KXNCAAF1QTOTAL,sports_football_us,NCAAF,total,104136.63,3039.5,UNKNOWN(likely maker_fee),rule,,
KXHIGHLAX,weather_climate,,,102468.16,16468.88,maker_free(census),rule,Climate and Weather,quadraticx1
KXCRYPTOLEAD15M,crypto_15m,,,102070.78,7596.38,UNKNOWN,rule,,
KXNFL1QSPREAD,sports_football_us,NFL,period,101949.8,3107.38,UNKNOWN,rule,,
KXWNBA1HSPREAD,sports_basketball,WNBA,period,99185.73,2174.62,maker_free(census),rule,Sports,quadraticx1
KXATPEXACTMATCH,sports_tennis,ATP,props,97860.24,3626.62,maker_free(census),rule,Sports,quadraticx1
CONTROLS,politics_geopolitics,,,97606.51,667.38,maker_free(census),rule,Elections,quadraticx1
KXLALIGA2TOTAL,sports_soccer,LALIGA2,total,97412.71,2981.62,UNKNOWN,rule,,
KXATPGSPREAD,sports_tennis,ATP,spread,96133.63,3705.25,UNKNOWN(Aug-2 maker-free; Sept-26 league in maker-fee set),rule,Sports,quadraticx1
KXCONCACAFNL1HTOTAL,sports_soccer,CONCACAFNL,total,93342.69,3950.5,UNKNOWN,rule,,
KXUFCDISTANCE,sports_combat,UFC,props,93187.65,2521.62,UNKNOWN,rule,,
KXNCAAF2HTOTAL,sports_football_us,NCAAF,total,90888.09,4486.38,UNKNOWN(likely maker_fee),rule,,
KXBRASILEIROBTOTAL,sports_soccer,BRASILEIROB,total,90790.44,2405.62,maker_free(census),rule,Sports,quadraticx1
KXUEFANLGOAL,sports_soccer,UEFANL,props,89297.37,4411.0,UNKNOWN,rule,,
SENATEME,politics_geopolitics,,,88913.29,252.38,maker_free(census),rule,Elections,quadraticx1
KXUEFANLTEAMTOTAL,sports_soccer,UEFANL,props,87117.05,2617.0,UNKNOWN,rule,,
KXINTLFRIENDLYBTTS,sports_soccer,INTLFRIENDLY,props,87093.84,3572.12,UNKNOWN,rule,,
KXSB,sports_football_us,NFL,futures,86023.11,2665.62,maker_fee(conflict:fees.json flat 1c),rule,Sports,quadratic_with_maker_feesx1
KXINTLFRIENDLY1HTOTAL,sports_soccer,INTLFRIENDLY,total,83812.97,3856.5,UNKNOWN,rule,,
KXNFL2HTOTAL,sports_football_us,NFL,total,82423.81,2539.88,UNKNOWN(likely maker_fee),rule,,
KXEWSLGAME,sports_soccer,EWSL,game,82420.78,3519.75,UNKNOWN,rule,,
KXWNBAPTS,sports_basketball,WNBA,props,81786.7,3431.0,maker_free(census),rule,Sports,quadraticx1
KXARGNACBGAME,sports_soccer,ARGNACB,game,81646.71,8226.38,maker_free(census),rule,Sports,quadraticx1
KXMLBTB,sports_baseball,MLB,props,81082.89,4283.12,maker_free(census),rule,Sports,quadraticx1
KXENGNLGAME,sports_soccer,ENGNL,game,79239.18,2987.25,UNKNOWN,rule,,
KXNFL3QSPREAD,sports_football_us,NFL,period,78517.81,2856.5,UNKNOWN,rule,,
KXCONCACAFNLSPREAD,sports_soccer,CONCACAFNL,spread,78160.86,4319.62,UNKNOWN,rule,,
KXBALANCEPOWERCOMBO,politics_geopolitics,,,77879.61,581.5,maker_free(census),rule,Elections,quadraticx1
KXUCLWSPREAD,sports_soccer,UCLW,spread,77805.36,2907.88,maker_free(census),rule,Sports,quadraticx1
KXAAAGASW,macro_gas_prices,,,77195.38,2317.0,maker_free(census),rule,Economics,quadraticx1
KXNFL3Q,sports_football_us,NFL,period,77006.14,2417.88,UNKNOWN,rule,,
KXSOLD,crypto_hourly_ladder,,,75614.4,7973.0,maker_free(census),rule,Crypto,quadraticx1
KXNCAAF1Q,sports_football_us,NCAAF,period,75451.63,2273.25,UNKNOWN,rule,,
KXUSLTOTAL,sports_soccer,USL,total,75308.18,3248.88,maker_free(census),rule,Sports,quadraticx1
KXSERIECGAME,sports_soccer,SERIEC,game,74812.07,5009.12,UNKNOWN,rule,,
SENATEOHS,politics_geopolitics,,,73263.75,139.75,maker_free(census),rule,Elections,quadraticx1
KXNHLSPREAD,sports_hockey,NHL,spread,73170.25,3267.25,UNKNOWN(likely maker_fee),rule,,
KXNFLRRYDS,sports_football_us,NFL,props,72700.04,2127.12,UNKNOWN,rule,,
KXNCAAF3QSPREAD,sports_football_us,NCAAF,period,71004.75,2902.75,UNKNOWN,rule,,
KXMLBF7,sports_baseball,MLB,period,70805.67,3331.25,maker_free(census),rule,Sports,quadraticx1
KXTRUMPAPPROVE,politics_geopolitics,,,70636.27,6533.0,UNKNOWN,rule,,
KXWNBA1HWINNER,sports_basketball,WNBA,period,70631.91,1204.12,maker_free(census),rule,Sports,quadraticx1
KXTRUMPMENTION,mentions,,,70448.89,6217.88,UNKNOWN,rule,,
KXAFCON1HTOTAL,sports_soccer,AFCON,total,70203.75,3765.88,UNKNOWN,rule,,
KXNCAAF3QTOTAL,sports_football_us,NCAAF,total,69725.35,2845.62,UNKNOWN(likely maker_fee),rule,,
KXMLBOUTS,sports_baseball,MLB,props,68947.45,3692.25,maker_free(census),rule,Sports,quadraticx1
KXMLBINNINGTOTAL,sports_baseball,MLB,period,68040.87,2928.38,UNKNOWN,rule,,
KXINTLFRIENDLY1H,sports_soccer,INTLFRIENDLY,period,67826.1,3197.5,UNKNOWN,rule,,
KXNCAAF2QSPREAD,sports_football_us,NCAAF,period,67624.02,3885.12,UNKNOWN,rule,,
KXETTANGAME,sports_soccer,ETTAN,game,67362.98,5064.25,UNKNOWN,rule,,
KXNFL4Q,sports_football_us,NFL,period,67339.65,3426.12,UNKNOWN,rule,,
KXNFL2Q,sports_football_us,NFL,period,66345.6,2721.0,UNKNOWN,rule,,
KXHIGHMIA,weather_climate,,,65940.0,8950.38,maker_free(census),rule,Climate and Weather,quadraticx1
KXAFCONSPREAD,sports_soccer,AFCON,spread,65834.47,3724.38,UNKNOWN,rule,,
KXNFL2H,sports_football_us,NFL,period,64382.72,2396.75,UNKNOWN,rule,,
KXNCAAF2H,sports_football_us,NCAAF,period,63744.35,2909.38,UNKNOWN,rule,,
KXNWSLGAME,sports_soccer,NWSL,game,61638.94,5237.12,maker_free(census),rule,Sports,quadraticx1
KXMLBPLAYOFFS,sports_baseball,MLB,futures,60928.28,724.12,maker_free(census),rule,Sports,quadraticx1
KXNFLRSHATT,sports_football_us,NFL,props,59992.06,1652.38,UNKNOWN,rule,,
KXNFL2QTOTAL,sports_football_us,NFL,total,59197.74,2596.62,UNKNOWN(likely maker_fee),rule,,
KXNFLRACE,sports_football_us,NFL,props,57909.74,2732.88,UNKNOWN,rule,,
KXUEFANLSCORE,sports_soccer,UEFANL,props,57711.22,5349.5,UNKNOWN,rule,,
KXWNBATEAMTOTAL,sports_basketball,WNBA,props,55901.89,1884.38,UNKNOWN,rule,,
KXNBLGAME,sports_basketball,NBL,game,55636.51,1682.62,UNKNOWN,rule,,
KXNCAAF4QSPREAD,sports_football_us,NCAAF,period,55488.39,4087.12,UNKNOWN,rule,,
KXNFL2QSPREAD,sports_football_us,NFL,period,55137.0,3273.0,UNKNOWN,rule,,
KXLIGAMX1HTOTAL,sports_soccer,LIGAMX,total,54057.26,1342.62,UNKNOWN,rule,,
KXLIGAEXPGAME,sports_soccer,LIGAEXP,game,53870.77,3099.38,maker_free(census),rule,Sports,quadraticx1
SENATEMI,politics_geopolitics,,,53720.98,241.75,maker_free(census),rule,Elections,quadraticx1
KXWNBA1QTOTAL,sports_basketball,WNBA,total,53585.27,1753.88,UNKNOWN(Aug-2 maker-free; Sept-26 league in maker-fee set),rule,Sports,quadraticx1
KXNFL1HTEAMTOTAL,sports_football_us,NFL,props,53554.99,2317.88,UNKNOWN,rule,,
KXBBLGAME,sports_basketball,BBL,game,53049.69,2152.38,UNKNOWN,rule,,
KXKBOTOTAL,sports_baseball,KBO,total,52735.53,1937.38,maker_free(census),rule,Sports,quadraticx1
KXNCAAF4QTOTAL,sports_football_us,NCAAF,total,52673.9,2774.38,UNKNOWN(likely maker_fee),rule,,
KXNCAAF3Q,sports_football_us,NCAAF,period,52277.61,2331.62,UNKNOWN,rule,,
KXNCAAF2QTOTAL,sports_football_us,NCAAF,total,51810.5,2396.75,UNKNOWN(likely maker_fee),rule,,
KXMLS1HTOTAL,sports_soccer,MLS,total,50846.88,1404.88,UNKNOWN(likely maker_fee),rule,,
KXMLSBTTS,sports_soccer,MLS,props,50013.71,1252.75,UNKNOWN,rule,,
KXAFCON1H,sports_soccer,AFCON,period,49313.35,2289.38,UNKNOWN,rule,,
KXWORLDNEWSMENTION,mentions,,,48486.38,3977.0,maker_free(census),rule,Mentions,quadraticx1
KXCONCACAFNLBTTS,sports_soccer,CONCACAFNL,props,48244.54,2920.5,UNKNOWN,rule,,
KXNFLTEAMFIRSTTD,sports_football_us,NFL,props,47888.63,1840.5,UNKNOWN,rule,,
KXURYPDTOTAL,sports_soccer,URYPD,total,47811.08,1622.88,maker_free(census),rule,Sports,quadraticx1
KXR6GAME,sports_esports,R6,game,47598.16,4688.88,maker_free(census),rule,Sports,quadraticx1
KXENGNLTOTAL,sports_soccer,ENGNL,total,46343.64,2141.25,UNKNOWN,rule,,
KXPERLIGA1TOTAL,sports_soccer,PERLIGA1,total,46007.13,1705.25,maker_free(census),rule,Sports,quadraticx1
KXNCAAF,sports_football_us,NCAAF,futures,45474.72,1556.88,maker_fee,rule,Sports,quadratic_with_maker_feesx1
KXHIGHNY,weather_climate,,,45458.67,7696.38,maker_free(census),rule,Climate and Weather,quadraticx1
KXTEMPNYCHS,weather_climate,,,44927.97,4546.0,UNKNOWN,rule,,
KXVMA,entertainment_culture,,,44881.16,5179.75,UNKNOWN,rule,,
KXNCAAF2Q,sports_football_us,NCAAF,period,44812.4,2024.88,UNKNOWN,rule,,
KXNFL4QTOTAL,sports_football_us,NFL,total,44498.65,1905.5,UNKNOWN(likely maker_fee),rule,,
KXNPBTOTAL,sports_baseball,NPB,total,43816.11,2765.75,maker_free(census),rule,Sports,quadraticx1
KXWTAGTOTAL,sports_tennis,WTA,total,43185.9,2731.25,UNKNOWN(likely maker_fee),rule,,
KXTEMPCHIHS,weather_climate,,,43091.83,3867.75,UNKNOWN,rule,,
KXNFL4QSPREAD,sports_football_us,NFL,period,42729.63,3082.0,UNKNOWN,rule,,
KXTEMPLAXHS,weather_climate,,,42727.15,3861.12,UNKNOWN,rule,,
KXLIGAMXBTTS,sports_soccer,LIGAMX,props,42491.73,1198.38,UNKNOWN,rule,,
KXLLM1,tech_ai,,,42469.73,1257.75,maker_fee,rule,Science and Technology,quadratic_with_maker_feesx1
KXCANPLTOTAL,sports_soccer,CANPL,total,42189.15,1490.5,UNKNOWN,rule,,
SENATENE,politics_geopolitics,,,42168.82,79.5,maker_free(census),rule,Elections,quadraticx1
KXAPFDDHTOTAL,sports_soccer,APFDDH,total,41841.64,1566.5,maker_free(census),rule,Sports,quadraticx1
KXMLBSB,sports_baseball,MLB,props,41755.05,2088.62,maker_free(census),rule,Sports,quadraticx1
KXLIGAMXSPREAD,sports_soccer,LIGAMX,spread,41365.46,2539.25,UNKNOWN,rule,,
KXXRPD,crypto_hourly_ladder,,,40987.83,4358.12,maker_free(census),rule,Crypto,quadraticx1
KXPRESCUPDAYWINNER,sports_golf,PRESCUP,game,40908.87,630.38,UNKNOWN,rule,,
KXCONCACAFNL1H,sports_soccer,CONCACAFNL,period,40791.79,2231.25,UNKNOWN,rule,,
KXMLSSPREAD,sports_soccer,MLS,spread,40647.47,1527.0,UNKNOWN(likely maker_fee),rule,,
KXUFCMOF,sports_combat,UFC,props,40345.81,1980.75,UNKNOWN,rule,,
KXTRUMPSAYCOMPANY,mentions,,,40233.75,769.75,maker_free(census),rule,Mentions,quadraticx1
KXMLS1H,sports_soccer,MLS,period,40164.77,1162.5,UNKNOWN,rule,,
KXETTANTOTAL,sports_soccer,ETTAN,total,39588.55,1467.0,UNKNOWN,rule,,
KXBALLONDOR,sports_soccer,SOCCERMISC,futures,39515.82,1678.38,maker_fee,rule,Sports,quadratic_with_maker_feesx1
KXNASCARRACE,sports_motorsport,NASCAR,game,39450.22,3874.75,UNKNOWN(likely maker_fee),rule,,
KXNFLFFPTS,sports_football_us,NFL,props,38984.49,1383.12,UNKNOWN,rule,,
KXMLBINNINGWIN,sports_baseball,MLB,period,38720.78,2961.62,UNKNOWN,rule,,
KXBOXING,sports_combat,BOXING,game,38613.89,1392.62,maker_free(census),rule,Sports,quadraticx1
KXFINYLGAME,sports_soccer,FINYL,game,38572.54,1568.75,UNKNOWN,rule,,
KXF1RACE,sports_motorsport,F1,game,38422.03,2542.0,UNKNOWN(likely maker_fee),rule,,
KXGOLDH,commodities_fx_other,,,38188.32,5662.75,maker_free(census),rule,Commodities,quadraticx1
KXYTVIEWSW,entertainment_culture,,,37719.94,375.88,maker_free(census),rule,Entertainment,quadraticx1
KXJ2LEAGUEGAME,sports_soccer,J2LEAGUE,game,37431.23,2707.5,UNKNOWN,rule,,
SENATEAK,politics_geopolitics,,,37372.01,78.12,maker_free(census),rule,Elections,quadraticx1
KXUCLWBTTS,sports_soccer,UCLW,props,37210.35,2049.0,maker_free(census),rule,Sports,quadraticx1
KXTESTMATCH,sports_cricket,TEST,game,35774.78,1734.0,maker_free(census),rule,Sports,quadraticx1
KXNCAAF4Q,sports_football_us,NCAAF,period,35663.3,2252.38,UNKNOWN,rule,,
KXWNBA1QSPREAD,sports_basketball,WNBA,period,35448.95,953.0,maker_free(census),rule,Sports,quadraticx1
KXWNBA,sports_basketball,WNBA,futures,35368.21,1136.62,maker_fee,rule,Sports,quadratic_with_maker_feesx1
KXSERIECTOTAL,sports_soccer,SERIEC,total,34649.87,1511.88,UNKNOWN,rule,,
KXTTSTARMATCH,sports_table_tennis,TTSTAR,game,32844.35,1173.88,UNKNOWN,rule,,
KXNEXTTEAMNBA,sports_basketball,NBA,futures,32518.06,326.38,maker_free(census),rule,Sports,quadraticx1
KXWNBA1QWINNER,sports_basketball,WNBA,period,31824.99,779.62,maker_free(census),rule,Sports,quadraticx1
KXTRUMPSAY,mentions,,,31785.68,2275.75,maker_free(census),rule,Mentions,quadraticx1
KXNATGASD,commodities_fx_other,,,31603.25,948.12,maker_free(census),rule,Commodities,quadraticx1
KXLIGAMX1H,sports_soccer,LIGAMX,period,31487.39,1186.25,UNKNOWN,rule,,
KXDIESELD,macro_gas_prices,,,31398.92,686.25,maker_free(census),rule,Economics,quadraticx1
KXAFCONBTTS,sports_soccer,AFCON,props,31093.53,2292.88,UNKNOWN,rule,,
KXNWSLTOTAL,sports_soccer,NWSL,total,30522.32,1496.25,maker_free(census),rule,Sports,quadraticx1
KXATP,sports_tennis,ATP,futures,30436.74,297.75,maker_free(census),rule,Sports,quadraticx1
KXWNBA3QTOTAL,sports_basketball,WNBA,total,30286.76,917.38,UNKNOWN(Aug-2 maker-free; Sept-26 league in maker-fee set),rule,Sports,quadraticx1
KXNHL1PTOTAL,sports_hockey,NHL,total,29333.67,963.38,UNKNOWN(likely maker_fee),rule,,
KXEERSTEDIVTOTAL,sports_soccer,EERSTEDIV,total,29287.81,759.25,UNKNOWN,rule,,
SENATEKS,politics_geopolitics,,,29161.34,160.12,maker_free(census),rule,Elections,quadraticx1
KXMLBAL,sports_baseball,MLB,futures,29000.71,950.88,maker_fee,rule,Sports,quadratic_with_maker_feesx1
KXCHNL1GAME,sports_soccer,CHNL1,game,28706.31,1536.5,UNKNOWN,rule,,
KXNFLPASSINT,sports_football_us,NFL,props,28556.88,1041.88,UNKNOWN,rule,,
KXDOGE,crypto_hourly_ladder,,,28153.38,1174.25,maker_free(census),rule,Crypto,quadraticx1
KXWNBA2QTOTAL,sports_basketball,WNBA,total,27634.98,790.5,UNKNOWN(Aug-2 maker-free; Sept-26 league in maker-fee set),rule,Sports,quadraticx1
KXWNBA3QSPREAD,sports_basketball,WNBA,period,27436.14,794.12,maker_free(census),rule,Sports,quadraticx1
KXFED,rates_macro,,,27301.92,196.25,maker_fee,rule,Economics,quadratic_with_maker_feesx1
KXBIGBROTHER,entertainment_culture,,,27217.43,1822.12,maker_free(census),rule,Entertainment,quadraticx1
KXBRASILEIROCGAME,sports_soccer,BRASILEIROC,game,26888.94,1371.25,maker_free(census),rule,Sports,quadraticx1
KXNFLWINMARGIN,sports_football_us,NFL,spread,26588.42,3175.5,UNKNOWN(likely maker_fee),rule,,
KXTRUMPMENTIONB,mentions,,,26510.65,2106.0,UNKNOWN,rule,,
KXBRPRES,politics_geopolitics,,,26510.12,202.25,maker_free(census),rule,Elections,quadraticx1
KXMLBRBI,sports_baseball,MLB,props,26326.11,1929.0,maker_free(census),rule,Sports,quadraticx1
KXCPIYOY,rates_macro,,,26270.74,615.88,maker_fee,rule,Economics,quadratic_with_maker_feesx1
KXMLBNL,sports_baseball,MLB,futures,26105.14,968.0,maker_fee,rule,Sports,quadratic_with_maker_feesx1
KXSERIEAWGAME,sports_soccer,SERIEAW,game,26058.0,2615.0,UNKNOWN,rule,,
KXXIAOMISHARE,tech_ai,,,25788.71,146.0,UNKNOWN,rule,,
KXWNBAREB,sports_basketball,WNBA,props,25543.51,1101.75,maker_free(census),rule,Sports,quadraticx1
KXEERSTEDIVGAME,sports_soccer,EERSTEDIV,game,25539.22,1357.25,UNKNOWN,rule,,
KXUFCVICROUND,sports_combat,UFC,props,25325.01,1999.12,UNKNOWN,rule,,
KXNFL1HFT,sports_football_us,NFL,period,25267.38,1740.12,UNKNOWN,rule,,
KXUFCROUNDS,sports_combat,UFC,props,24791.06,1155.88,UNKNOWN,rule,,
KXDJI,equity_indices,,,24561.84,1162.38,maker_free(census),rule,Financials,quadraticx1
KXLIGAEXPTOTAL,sports_soccer,LIGAEXP,total,24520.39,891.88,maker_free(census),rule,Sports,quadraticx1
KXNCAAWVMATCH,sports_volleyball,NCAAWV,game,24311.2,1094.5,UNKNOWN,rule,,
KXGOLDD,commodities_fx_other,,,24256.83,1951.12,maker_free(census),rule,Commodities,quadraticx1
KXDIMAYORBTTS,sports_soccer,DIMAYOR,props,24234.41,806.88,maker_free(census),rule,Sports,quadraticx1
KXLOLTOTALMAPS,sports_esports,LOL,total,23801.3,1053.25,maker_free(census),rule,Sports,quadraticx1
KXHYPED,crypto_hourly_ladder,,,23764.38,4618.5,maker_free(census),rule,Crypto,quadraticx1
KXEUROCUPGAME,sports_basketball,EUROCUP,game,23756.84,1326.25,UNKNOWN,rule,,
KXACBGAME,sports_basketball,ACB,game,23689.31,1094.25,UNKNOWN,rule,,
KXBTCMAXMON-BTC,crypto_daily_longer,,,23332.09,630.38,UNKNOWN,rule,,
KXHEISMAN,sports_football_us,NCAAF,futures,23303.73,1460.5,maker_fee,rule,Sports,quadratic_with_maker_feesx1
KXLNBPGAME,sports_basketball,LNBP,game,23224.3,1428.62,maker_free(census),rule,Sports,quadraticx1
SENATESC,politics_geopolitics,,,23064.68,87.12,maker_free(census),rule,Elections,quadraticx1
KXNFLPASSATT,sports_football_us,NFL,props,22944.28,647.0,UNKNOWN,rule,,
KXHIGHTSFO,weather_climate,,,22776.22,5568.75,maker_free(census),rule,Climate and Weather,quadraticx1
GOVPARTYGA,politics_geopolitics,,,22750.51,131.75,maker_free(census),rule,Elections,quadraticx1
KXMLBNLROTY,sports_baseball,MLB,futures,22717.74,634.0,maker_free(census),rule,Sports,quadraticx1
KXAAAGASDCA,macro_gas_prices,,,22606.84,143.12,UNKNOWN,rule,,
KXHORMUZWEEKLY,politics_geopolitics,,,22495.62,288.5,maker_free(census),rule,Politics,quadraticx1
KXBRENTD,commodities_fx_other,,,22400.97,753.38,maker_free(census),rule,Commodities,quadraticx1
KXPREMIERLEAGUE,sports_soccer,EPL,futures,22244.26,311.0,maker_free(census),rule,Sports,quadraticx1
KXPRESNOMD,politics_geopolitics,,,22229.39,43523.88,maker_free(census),rule,Elections,quadraticx1
KXSVK2LGAME,sports_soccer,SVK2L,game,22168.7,1120.25,UNKNOWN,rule,,
KXHIGHCHI,weather_climate,,,21981.66,5360.62,maker_free(census),rule,Climate and Weather,quadraticx1
KXAAAGASDFL,macro_gas_prices,,,21729.2,268.0,UNKNOWN,rule,,
KXNCAAF1HTEAMTOTAL,sports_football_us,NCAAF,props,21491.59,1118.25,UNKNOWN,rule,,
KXNFLOT,sports_football_us,NFL,props,21468.26,2013.62,UNKNOWN,rule,,
KXARGNACBTOTAL,sports_soccer,ARGNACB,total,21370.11,958.12,maker_free(census),rule,Sports,quadraticx1
KXWNBA3QWINNER,sports_basketball,WNBA,period,21228.98,548.75,maker_free(census),rule,Sports,quadraticx1
KXLNBELITEGAME,sports_basketball,LNBELITE,game,21110.53,999.12,UNKNOWN,rule,,
KXNFLFIRSTTDTEAM,sports_football_us,NFL,props,20815.48,1063.5,UNKNOWN,rule,,
KXNFLMVP,sports_football_us,NFL,futures,20692.36,853.75,maker_fee,rule,Sports,quadratic_with_maker_feesx1
KXKBOSPREAD,sports_baseball,KBO,spread,20662.57,797.75,maker_free(census),rule,Sports,quadraticx1
KXEFLL1GAME,sports_soccer,EFLL1,game,20578.07,1249.0,UNKNOWN,rule,,
KXALBUMEQUIV,entertainment_culture,,,20477.5,716.25,maker_free(census),rule,Entertainment,quadraticx1
KXHOUSERACE,politics_geopolitics,,,20102.09,762.75,maker_free(census),rule,Elections,quadraticx1
KXSVK2LTOTAL,sports_soccer,SVK2L,total,20011.72,698.25,UNKNOWN,rule,,
KXJ2LEAGUETOTAL,sports_soccer,J2LEAGUE,total,19922.22,949.5,UNKNOWN,rule,,
KXCHNL1TOTAL,sports_soccer,CHNL1,total,19763.4,807.12,UNKNOWN,rule,,
KXMIDTERMMOV,politics_geopolitics,,,19742.91,832.12,maker_free(census),rule,Elections,quadraticx1
KXLALIGAGAME,sports_soccer,LALIGA,game,19459.22,353.88,maker_fee,rule,Sports,quadratic_with_maker_feesx1
SENATEIA,politics_geopolitics,,,19430.4,146.12,maker_free(census),rule,Elections,quadraticx1
KXBRASILEIROB1HTOTAL,sports_soccer,BRASILEIROB,total,19371.76,726.38,maker_free(census),rule,Sports,quadraticx1
KXNHLGOAL,sports_hockey,NHL,props,19265.92,1056.5,UNKNOWN,rule,,
SENATENH,politics_geopolitics,,,19014.58,68.0,maker_free(census),rule,Elections,quadraticx1
KXAAAGASDGA,macro_gas_prices,,,18805.36,277.75,UNKNOWN,rule,,
KXNPBSPREAD,sports_baseball,NPB,spread,18797.14,823.0,maker_free(census),rule,Sports,quadraticx1
KXDIMAYORSPREAD,sports_soccer,DIMAYOR,spread,18671.99,1032.25,maker_free(census),rule,Sports,quadraticx1
GOVPARTYVT,politics_geopolitics,,,18646.76,97.75,maker_free(census),rule,Elections,quadraticx1
KXYTVIEWSHIGH,entertainment_culture,,,18524.65,192.88,maker_free(census),rule,Entertainment,quadraticx1
KXPGATOUR,sports_golf,PGA,game,18453.98,2059.12,maker_fee,rule,Sports,quadratic_with_maker_feesx1
KXEUROLEAGUETOTAL,sports_basketball,EUROLEAGUE,total,17891.0,671.12,UNKNOWN,rule,,
KXNFLPLAYOFF,sports_football_us,NFL,futures,17826.1,1251.25,maker_free(census),rule,Sports,quadraticx1
KXHIGHTATL,weather_climate,,,17428.19,3627.38,maker_free(census),rule,Climate and Weather,quadraticx1
KXHORMUZNORM,politics_geopolitics,,,17386.64,323.25,maker_free(census),rule,Politics,quadraticx1
KXUEFANLFIRSTGOAL,sports_soccer,UEFANL,props,16644.34,1196.0,UNKNOWN,rule,,
KXCPI,rates_macro,,,16611.81,554.38,maker_fee,rule,Economics,quadratic_with_maker_feesx1
KXNCAAFTEAMRECTD,sports_football_us,NCAAF,props,16509.61,953.5,UNKNOWN,rule,,
GOVPARTYFL,politics_geopolitics,,,16408.53,160.25,maker_free(census),rule,Elections,quadraticx1
KXNATGASW,commodities_fx_other,,,16379.2,252.5,maker_free(census),rule,Commodities,quadraticx1
KXGOOGSHARE,tech_ai,,,16327.03,131.38,UNKNOWN,rule,,
KXFINYLTOTAL,sports_soccer,FINYL,total,16322.11,515.25,UNKNOWN,rule,,
KXWNBA4QTOTAL,sports_basketball,WNBA,total,16253.87,622.0,UNKNOWN(Aug-2 maker-free; Sept-26 league in maker-fee set),rule,Sports,quadraticx1
KXDOGED,crypto_hourly_ladder,,,16104.51,951.0,maker_free(census),rule,Crypto,quadraticx1
KXU3,rates_macro,,,16039.28,395.25,maker_fee,rule,Economics,quadratic_with_maker_feesx1
KXHIGHTPHX,weather_climate,,,16007.26,3851.88,maker_free(census),rule,Climate and Weather,quadraticx1
KXCS2TOTALMAPS,sports_esports,CS2,total,15939.15,1372.25,maker_free(census),rule,Sports,quadraticx1
KXWNBA2QWINNER,sports_basketball,WNBA,period,15928.41,417.25,maker_free(census),rule,Sports,quadraticx1
KXNFLPASSCOMP,sports_football_us,NFL,props,15873.09,520.12,UNKNOWN,rule,,
KXBSLGAME,sports_basketball,BSL,game,15795.94,730.0,UNKNOWN,rule,,
KXPRESCUPPTSLEAD,sports_golf,PRESCUP,spread,15746.96,792.0,UNKNOWN,rule,,
KXGOVCA,politics_geopolitics,,,15714.01,139.5,maker_free(census),rule,Elections,quadraticx1
KXMLBSEASONGAMES,sports_baseball,MLB,futures,15667.52,41.75,UNKNOWN,rule,,
KXEUROLEAGUESPREAD,sports_basketball,EUROLEAGUE,spread,15489.34,1027.5,UNKNOWN,rule,,
KXUEFANL1HSPREAD,sports_soccer,UEFANL,period,15478.01,1033.25,UNKNOWN,rule,,
KXHIGHDEN,weather_climate,,,15310.06,3383.5,maker_free(census),rule,Climate and Weather,quadraticx1
KXHIGHAUS,weather_climate,,,14924.0,3469.88,maker_free(census),rule,Climate and Weather,quadraticx1
KXWNBAMVP,sports_basketball,WNBA,futures,14873.68,247.62,maker_free(census),rule,Sports,quadraticx1
KXISRNLGAME,sports_soccer,ISRNL,game,14848.8,811.88,UNKNOWN,rule,,
KXNCAAFWINS,sports_football_us,NCAAF,futures,14797.5,1269.0,maker_free(census),rule,Sports,quadraticx1
KXTRUMPSAYNICKNAME,mentions,,,14764.86,858.25,maker_free(census),rule,Mentions,quadraticx1
KXWNBAAST,sports_basketball,WNBA,props,14679.69,576.0,maker_free(census),rule,Sports,quadraticx1
KXTRUMPNUMSTATES,politics_geopolitics,,,14467.78,189.25,maker_free(census),rule,Politics,quadraticx1
KXNEXTTEAMNFL,sports_football_us,NFL,futures,14355.31,604.5,maker_free(census),rule,Sports,quadraticx1
KXAAAGASDMD,macro_gas_prices,,,14116.35,110.12,UNKNOWN,rule,,
KXAFCONSCORE,sports_soccer,AFCON,props,14084.0,1519.75,UNKNOWN,rule,,
KXALBUMSTREAMS,entertainment_culture,,,14035.0,167.38,UNKNOWN,rule,,
KXUSL1HTOTAL,sports_soccer,USL,total,14014.62,917.12,maker_free(census),rule,Sports,quadraticx1
KXDWTSELIMINATION,entertainment_culture,,,13953.51,1570.5,UNKNOWN,rule,,
KXDPWORLDTOURR1LEAD,sports_golf,DPWORLDTOUR,props,13847.05,1021.62,UNKNOWN,rule,,
KXPAYROLLS,rates_macro,,,13826.49,429.0,maker_fee,rule,Economics,quadratic_with_maker_feesx1
KXAAAGASDTX,macro_gas_prices,,,13681.87,201.12,UNKNOWN,rule,,
KXWNBA2QSPREAD,sports_basketball,WNBA,period,13565.69,487.25,maker_free(census),rule,Sports,quadraticx1
KXDANCINGWITHTHESTARS,entertainment_culture,,,13546.59,1061.88,UNKNOWN,rule,,
KXMESENATEPERSON,politics_geopolitics,,,13514.49,118.0,maker_free(census),rule,Elections,quadraticx1
KXISRNLTOTAL,sports_soccer,ISRNL,total,13457.0,595.75,UNKNOWN,rule,,
KXNBLTOTAL,sports_basketball,NBL,total,13301.48,484.88,UNKNOWN,rule,,
KXDEEPSHARE,tech_ai,,,13277.58,163.38,UNKNOWN,rule,,
KXANTHSHARE,tech_ai,,,13265.87,163.38,UNKNOWN,rule,,
KXLIGAMXSCORE,sports_soccer,LIGAMX,props,13156.37,1358.75,UNKNOWN,rule,,
KXDIESELW,macro_gas_prices,,,13044.11,475.62,maker_free(census),rule,Economics,quadraticx1
KXEARNINGSMENTIONCCL,mentions,,,12958.17,308.75,maker_free(census),rule,Mentions,quadraticx1
KXHIGHTDAL,weather_climate,,,12935.91,2973.75,maker_free(census),rule,Climate and Weather,quadraticx1
KXWNBA3PT,sports_basketball,WNBA,props,12927.84,611.88,maker_free(census),rule,Sports,quadraticx1
KXHIGHTSEA,weather_climate,,,12838.92,3192.12,maker_free(census),rule,Climate and Weather,quadraticx1
KXUST10AD,rates_macro,,,12768.57,242.62,maker_free(census),rule,Financials,quadraticx1
KXWNBA4QWINNER,sports_basketball,WNBA,period,12740.63,473.75,maker_free(census),rule,Sports,quadraticx1
KXHIGHPHIL,weather_climate,,,12670.68,3251.38,maker_free(census),rule,Climate and Weather,quadraticx1
SENATEFLS,politics_geopolitics,,,12614.49,93.12,maker_free(census),rule,Elections,quadraticx1
KXCFLGAME,sports_football_us,CFL,game,12606.6,638.12,maker_free(census),rule,Sports,quadraticx1
KXMLBALWEST,sports_baseball,MLB,futures,12546.56,408.5,maker_free(census),rule,Sports,quadraticx1
KXF1RACEPODIUM,sports_motorsport,F1,props,12429.81,961.12,UNKNOWN,rule,,
KXMLBNLMVP,sports_baseball,MLB,futures,12159.51,38.25,maker_free(census),rule,Sports,quadraticx1
KXWT20MATCH,sports_cricket,WT20,game,12141.08,1012.25,UNKNOWN,rule,,
KXOPENSHARE,tech_ai,,,12083.59,144.62,UNKNOWN,rule,,
KXAAAGASM,macro_gas_prices,,,12043.98,559.25,maker_fee,rule,Economics,quadratic_with_maker_feesx1
KXPRESPERSON,politics_geopolitics,,,11928.74,378.88,maker_free(census),rule,Elections,quadraticx1
KXBBSERIEAGAME,sports_basketball,BBSERIEA,game,11780.75,527.25,UNKNOWN,rule,,
KXEFLL1TOTAL,sports_soccer,EFLL1,total,11763.56,409.88,UNKNOWN,rule,,
KXAAAGASDNV,macro_gas_prices,,,11635.61,71.62,UNKNOWN,rule,,
KXSPACEXCOUNT,tech_ai,,,11592.15,337.62,maker_free(census),rule,Science and Technology,quadraticx1
KXNFLFG,sports_football_us,NFL,props,11530.44,804.75,UNKNOWN,rule,,
KXKHLGAME,sports_hockey,KHL,game,11325.05,824.25,UNKNOWN,rule,,
KXBIGBROTHERELIMINATION,entertainment_culture,,,11257.95,661.5,maker_free(census),rule,Entertainment,quadraticx1
KXNFLTEAMSACK,sports_football_us,NFL,props,11232.56,941.25,UNKNOWN,rule,,
KXUEFANL1HBTTS,sports_soccer,UEFANL,period,11180.8,843.38,UNKNOWN,rule,,
KXLPGATOUR,sports_golf,LPGA,game,11130.43,1097.75,UNKNOWN,rule,,
KXALBUMRELEASEDATE,entertainment_culture,,,11088.83,105.38,maker_free(census),rule,Entertainment,quadraticx1
GOVPARTYTX,politics_geopolitics,,,11053.86,232.75,maker_free(census),rule,Elections,quadraticx1
KXCOPPERD,commodities_fx_other,,,11014.12,378.62,maker_free(census),rule,Commodities,quadraticx1
KXNBAWINS,sports_basketball,NBA,futures,10984.58,263.75,maker_free(census),rule,Sports,quadraticx1
KXNFLTEAMYDS,sports_football_us,NFL,props,10983.29,622.38,UNKNOWN,rule,,
KXBLUEWAVECOMBO,politics_geopolitics,,,10946.47,76.0,maker_free(census),rule,Elections,quadraticx1
KXMLSSCORE,sports_soccer,MLS,props,10854.94,859.75,UNKNOWN,rule,,
KXAFCONTEAMTOTAL,sports_soccer,AFCON,props,10833.61,795.12,UNKNOWN,rule,,
KXHIGHTOKC,weather_climate,,,10797.49,2979.75,maker_free(census),rule,Climate and Weather,quadraticx1
KXHIGHTBOS,weather_climate,,,10719.29,2362.75,maker_free(census),rule,Climate and Weather,quadraticx1
KXNCAAFFIRSTTDTEAM,sports_football_us,NCAAF,props,10695.01,744.25,UNKNOWN,rule,,
KXMLSTEAMTOTAL,sports_soccer,MLS,props,10671.43,366.12,UNKNOWN,rule,,
KXINTLFRIENDLY1HSPREAD,sports_soccer,INTLFRIENDLY,period,10666.99,869.5,UNKNOWN,rule,,
KXBRASILEIROB1H,sports_soccer,BRASILEIROB,period,10590.84,443.12,maker_free(census),rule,Sports,quadraticx1
KXANTHVSPEND,tech_ai,,,10563.54,41.88,UNKNOWN,rule,,
KXAGTWINNER,entertainment_culture,,,10561.62,309.75,UNKNOWN,rule,,
KXHIGHTMIN,weather_climate,,,10515.64,2685.38,maker_free(census),rule,Climate and Weather,quadraticx1
KXMLBALCY,sports_baseball,MLB,futures,10420.64,20.62,maker_free(census),rule,Sports,quadraticx1
KXDPWORLDTOURR2LEAD,sports_golf,DPWORLDTOUR,props,10411.63,330.62,UNKNOWN,rule,,
KXLALIGA2BTTS,sports_soccer,LALIGA2,props,10375.77,548.12,UNKNOWN,rule,,
KXAAAGASDSC,macro_gas_prices,,,10350.91,119.75,UNKNOWN,rule,,
KXTRUMPAIRENAME,tech_ai,,,10332.57,324.5,UNKNOWN,rule,,
KXVANCEMENTION,mentions,,,10303.62,715.5,UNKNOWN,rule,,
KXNBLSPREAD,sports_basketball,NBL,spread,10229.98,413.38,UNKNOWN,rule,,
KXWNBA2HSPREAD,sports_basketball,WNBA,period,10213.41,368.88,maker_free(census),rule,Sports,quadraticx1
SENATENC,politics_geopolitics,,,10163.74,41.75,maker_free(census),rule,Elections,quadraticx1
KXNBA,sports_basketball,NBA,futures,10125.69,258.12,maker_fee,rule,Sports,quadratic_with_maker_feesx1
KXAAAGASDNY,macro_gas_prices,,,10069.61,79.5,UNKNOWN,rule,,
KXTRUMPAIMEET,tech_ai,,,10013.0,155.25,UNKNOWN,rule,,
KXMLBEXTRAS,sports_baseball,MLB,props,9942.23,1539.12,maker_free(census),rule,Sports,quadraticx1
KXMLBALCENT,sports_baseball,MLB,futures,9907.92,296.0,maker_free(census),rule,Sports,quadraticx1
KXVALORANTTOTALMAPS,sports_esports,VALORANT,total,9869.47,487.75,UNKNOWN,rule,,
KXNHLTEAMTOTAL,sports_hockey,NHL,props,9711.13,338.62,UNKNOWN,rule,,
KXPERFORMVMA,entertainment_culture,,,9702.09,235.75,UNKNOWN,rule,,
KXOAIPERSONALAGENT,tech_ai,,,9639.16,260.25,UNKNOWN,rule,,
KXBBLTOTAL,sports_basketball,BBL,total,9639.08,633.5,UNKNOWN,rule,,
KXBIGBROTHERRANK,entertainment_culture,,,9543.36,981.25,maker_free(census),rule,Entertainment,quadraticx1
KXOSCARPIC,entertainment_culture,,,9542.43,518.5,maker_free(census),rule,Entertainment,quadraticx1
KXAAAGASDWA,macro_gas_prices,,,9524.6,93.5,UNKNOWN,rule,,
KXPRESNOMR,politics_geopolitics,,,9486.27,258.38,maker_free(census),rule,Elections,quadraticx1
KXMLBMATCHUP,sports_baseball,MLB,futures,9468.5,313.38,UNKNOWN,rule,,
KXAFLGAME,sports_aussie_rules,AFL,game,9461.44,437.38,maker_free(census),rule,Sports,quadraticx1
KXVTBGAME,sports_basketball,VTB,game,9430.92,651.62,UNKNOWN,rule,,
KXAAAGASDNC,macro_gas_prices,,,9352.05,196.38,UNKNOWN,rule,,
KXWNBA2HTOTAL,sports_basketball,WNBA,total,9341.88,248.38,UNKNOWN(Aug-2 maker-free; Sept-26 league in maker-fee set),rule,Sports,quadraticx1
KXWNBASERIES,sports_basketball,WNBA,game,9338.15,108.62,UNKNOWN(likely maker_fee),rule,,
KXNFLLONGRSH,sports_football_us,NFL,props,9310.42,311.12,UNKNOWN,rule,,
KXNHLPTS,sports_hockey,NHL,props,9254.05,512.88,UNKNOWN,rule,,
KXDSENATESEATS,politics_geopolitics,,,9230.67,188.25,maker_free(census),rule,Elections,quadraticx1
KXNFLLONGREC,sports_football_us,NFL,props,9200.49,487.25,UNKNOWN,rule,,
KXUSL1H,sports_soccer,USL,period,9107.17,459.12,maker_free(census),rule,Sports,quadraticx1
SENATEMN,politics_geopolitics,,,9048.46,102.25,maker_free(census),rule,Elections,quadraticx1
KXRAINWKND,weather_climate,,,8947.34,686.5,UNKNOWN,rule,,
KXEARNINGSMENTIONCOST,mentions,,,8908.66,551.62,UNKNOWN,rule,,
KXDIESELMON,macro_gas_prices,,,8852.59,267.88,maker_free(census),rule,Economics,quadraticx1
KXWNBA4QSPREAD,sports_basketball,WNBA,period,8733.81,385.62,maker_free(census),rule,Sports,quadraticx1
KXAAAGASDAZ,macro_gas_prices,,,8721.25,68.12,UNKNOWN,rule,,
KXMLBALMVP,sports_baseball,MLB,futures,8684.81,231.62,maker_free(census),rule,Sports,quadraticx1
KXNFLNFCNORTH,sports_football_us,NFL,futures,8683.74,280.75,maker_fee,rule,Sports,quadratic_with_maker_feesx1
KXLIGAMXTEAMTOTAL,sports_soccer,LIGAMX,props,8555.29,512.5,UNKNOWN,rule,,
KXWTIMAX,commodities_fx_other,,,8549.3,448.5,maker_free(census),rule,Commodities,quadraticx1
KX30YMORTW,rates_macro,,,8459.35,120.25,UNKNOWN,rule,,
KXCPICOREYOY,rates_macro,,,8422.89,241.88,maker_free(census),rule,Economics,quadraticx1
KXLALIGA2SPREAD,sports_soccer,LALIGA2,spread,8409.13,541.0,UNKNOWN,rule,,
GOVPARTYOH,politics_geopolitics,,,8336.32,175.38,maker_free(census),rule,Elections,quadraticx1
KXHIGHTHOU,weather_climate,,,8329.97,2155.0,maker_free(census),rule,Climate and Weather,quadraticx1
KXNCAAFPLAYOFF,sports_football_us,NCAAF,futures,8289.91,644.88,maker_fee,rule,Sports,quadratic_with_maker_feesx1
KXHURCAT,weather_climate,,,8281.46,466.62,maker_free(census),rule,Climate and Weather,quadraticx1
KXTRUMPACT,politics_geopolitics,,,8233.33,156.0,maker_free(census),rule,Politics,quadraticx1
KXNFLLADDERRECYDS,sports_football_us,NFL,props,8205.88,109.38,UNKNOWN,rule,,
KXBRASILEIROBSPREAD,sports_soccer,BRASILEIROB,spread,8204.33,409.25,maker_free(census),rule,Sports,quadraticx1
KXNFLNFCCHAMP,sports_football_us,NFL,futures,8203.91,646.0,maker_fee,rule,Sports,quadratic_with_maker_feesx1
KXHIGHTLV,weather_climate,,,8202.51,2129.62,maker_free(census),rule,Climate and Weather,quadraticx1
KXCONCACAFNL1HSPREAD,sports_soccer,CONCACAFNL,period,8119.15,683.12,UNKNOWN,rule,,
KXUSLBTTS,sports_soccer,USL,props,7955.11,369.62,maker_free(census),rule,Sports,quadraticx1
KXCPICORE,rates_macro,,,7936.58,401.62,maker_free(census),rule,Economics,quadraticx1
KXAAAGASDPA,macro_gas_prices,,,7823.13,84.75,UNKNOWN,rule,,
KXBTCY,crypto_daily_longer,,,7781.23,6994.25,zero_fee,rule,Crypto,quadraticx0
KXGER3LGAME,sports_soccer,GER3L,game,7774.52,610.5,UNKNOWN,rule,,
KXGER3LTOTAL,sports_soccer,GER3L,total,7736.47,241.75,UNKNOWN,rule,,
KXEPLGAME,sports_soccer,EPL,game,7718.05,314.88,UNKNOWN(likely maker_fee),rule,,
KXAISPIKE,tech_ai,,,7683.57,50.38,maker_free(census),rule,Science and Technology,quadraticx1
KXTXERCOTPEAKD,weather_climate,,,7603.0,519.38,UNKNOWN,rule,,
KXWTIH,commodities_fx_other,,,7585.55,1216.25,maker_free(census),rule,Commodities,quadraticx1
KXRATECUTCOUNT,rates_macro,,,7545.51,422.62,maker_fee,rule,Economics,quadratic_with_maker_feesx1
KXBRASILEIROBBTTS,sports_soccer,BRASILEIROB,props,7531.06,405.88,maker_free(census),rule,Sports,quadraticx1
KXNHL2PTOTAL,sports_hockey,NHL,total,7523.36,393.0,UNKNOWN(likely maker_fee),rule,,
KXDEMCOREFOURSENATESWEEP,politics_geopolitics,,,7494.19,40.12,maker_free(census),rule,Elections,quadraticx1
KXURYPDBTTS,sports_soccer,URYPD,props,7473.88,270.75,maker_free(census),rule,Sports,quadraticx1
KXNCAAFTEAMRECYDS,sports_football_us,NCAAF,props,7439.12,368.25,UNKNOWN,rule,,
KXLKLGAME,sports_basketball,LKL,game,7421.52,552.12,UNKNOWN,rule,,
KXAAAGASDNJ,macro_gas_prices,,,7339.41,114.5,UNKNOWN,rule,,
KXAPRPOTUS,politics_geopolitics,,,7256.61,686.12,maker_free(census),rule,Politics,quadraticx1
KXSPACEXSTARSHIP,tech_ai,,,7152.82,120.88,maker_free(census),rule,Science and Technology,quadraticx1
KXAAAGASDCO,macro_gas_prices,,,7152.23,110.25,UNKNOWN,rule,,
KXBRENTW,commodities_fx_other,,,7126.48,251.12,maker_free(census),rule,Commodities,quadraticx1
KXCZENBLGAME,sports_basketball,CZENBL,game,7103.91,459.75,UNKNOWN,rule,,
KXACBTOTAL,sports_basketball,ACB,total,7087.05,307.0,UNKNOWN,rule,,
KXSILVERD,commodities_fx_other,,,7082.72,712.38,maker_free(census),rule,Commodities,quadraticx1
KXBRASILEIROCTOTAL,sports_soccer,BRASILEIROC,total,7066.2,342.75,maker_free(census),rule,Sports,quadraticx1
KXYTTOPSONGW,entertainment_culture,,,7043.61,32.0,UNKNOWN,rule,,
KXNETANYAHUMENTION,mentions,,,7039.1,484.0,UNKNOWN,rule,,
KXCOUNTYCHAMPMATCH,sports_cricket,COUNTYCHAMP,game,6998.56,603.62,UNKNOWN,rule,,
KXNFLAFCCHAMP,sports_football_us,NFL,futures,6738.54,448.25,maker_fee,rule,Sports,quadratic_with_maker_feesx1
KXHIGHTDC,weather_climate,,,6651.53,1933.38,maker_free(census),rule,Climate and Weather,quadraticx1
KXAAAGASDOH,macro_gas_prices,,,6642.72,112.0,UNKNOWN,rule,,
KXUSCHINAAIHOTLINE,tech_ai,,,6631.55,192.75,UNKNOWN,rule,,
KXVOTEGENERAL,politics_geopolitics,,,6613.15,325.88,UNKNOWN,rule,,
KXUSLSPREAD,sports_soccer,USL,spread,6601.67,539.88,maker_free(census),rule,Sports,quadraticx1
KXAAAGASDTN,macro_gas_prices,,,6554.87,70.12,UNKNOWN,rule,,
KXCOPADELREYGAME,sports_soccer,COPADELREY,game,6549.65,327.25,UNKNOWN,rule,,
KXTRUTHSOCIAL,politics_geopolitics,,,6532.46,613.88,maker_free(census),rule,Politics,quadraticx1
KXINXDUD,equity_indices,,,6514.79,379.38,maker_free(census),rule,Financials,quadraticx1
GOVPARTYNV,politics_geopolitics,,,6474.08,33.5,maker_free(census),rule,Elections,quadraticx1
KXTEAMSINWS,sports_baseball,MLB,futures,6416.55,1207.25,maker_free(census),rule,Sports,quadraticx1
KXMLBHA,sports_baseball,MLB,props,6315.15,425.75,UNKNOWN,rule,,
KXTRUEV,commodities_fx_other,,,6240.51,81.38,maker_free(census),web:Truflation EV commodity index,Economics,quadraticx1
KXKLEAGUEGAME,sports_soccer,KLEAGUE,game,6234.82,705.12,maker_free(census),rule,Sports,quadraticx1
KXGTA6,entertainment_culture,,,6201.88,216.38,maker_free(census),rule,Entertainment,quadraticx1
KXENGNLSPREAD,sports_soccer,ENGNL,spread,6130.23,457.5,UNKNOWN,rule,,
KXMLS2H,sports_soccer,MLS,period,6122.67,453.5,UNKNOWN,rule,,
KXAAAGASDMA,macro_gas_prices,,,6087.94,58.88,UNKNOWN,rule,,
KXGEMINI,tech_ai,,,6069.51,225.38,maker_free(census),rule,Science and Technology,quadraticx1
KXNFLNFCEAST,sports_football_us,NFL,futures,6067.18,155.5,maker_fee,rule,Sports,quadratic_with_maker_feesx1
KXSILVERH,commodities_fx_other,,,6065.4,1185.75,maker_free(census),rule,Commodities,quadraticx1
KXAAAGASDVA,macro_gas_prices,,,6049.8,77.25,UNKNOWN,rule,,
KXLIGAEXPBTTS,sports_soccer,LIGAEXP,props,6033.46,177.88,maker_free(census),rule,Sports,quadraticx1
KXSHIBAD,crypto_daily_longer,,,5958.41,28.0,maker_free(census),rule,Crypto,quadraticx1
KXAPFDDHBTTS,sports_soccer,APFDDH,props,5926.59,289.12,maker_free(census),rule,Sports,quadraticx1
KXMLBERA,sports_baseball,MLB,props,5925.55,396.5,UNKNOWN,rule,,
KXWTA,sports_tennis,WTA,futures,5915.47,333.88,maker_free(census),rule,Sports,quadraticx1
KXBIGGESTQUAKE,weather_climate,,,5894.53,196.12,UNKNOWN,rule,,
KXUEFANLFTTS,sports_soccer,UEFANL,props,5893.68,863.75,UNKNOWN,rule,,
KXNFLLASTTOLOSE,sports_football_us,NFL,futures,5879.68,504.38,UNKNOWN,rule,,
KXOPENVREQ,tech_ai,,,5879.37,27.75,UNKNOWN,rule,,
KXVLADTENEVMENTION,mentions,,,5869.77,252.12,UNKNOWN,rule,,
KXNHL1P,sports_hockey,NHL,period,5859.54,264.62,UNKNOWN,rule,,
KXAAAGASDCT,macro_gas_prices,,,5848.67,48.12,UNKNOWN,rule,,
KXGOOGVREQ,tech_ai,,,5786.19,32.88,UNKNOWN,rule,,
KXCAWEALTHTAX,politics_geopolitics,,,5780.25,84.0,maker_free(census),rule,Elections,quadraticx1
KXMETXCOMBO,politics_geopolitics,,,5732.23,72.75,maker_free(census),rule,Elections,quadraticx1
KXNPBRFI,sports_baseball,NPB,props,5720.7,473.88,maker_free(census),rule,Sports,quadraticx1
KXNFLFFPTSLADDER,sports_football_us,NFL,props,5707.66,73.38,UNKNOWN,rule,,
KXPGATOP20,sports_golf,PGA,props,5677.3,106.25,UNKNOWN,rule,,
KXAAAGASDMN,macro_gas_prices,,,5585.85,62.75,UNKNOWN,rule,,
KXBRAZILINF,rates_macro,,,5559.9,6.25,maker_free(census),rule,Economics,quadraticx1
KXENGNLBTTS,sports_soccer,ENGNL,props,5518.1,275.25,UNKNOWN,rule,,
KXHIGHTSATX,weather_climate,,,5517.43,1436.62,maker_free(census),rule,Climate and Weather,quadraticx1
KXWEEKSNUM1,entertainment_culture,,,5497.49,103.25,maker_free(census),rule,Entertainment,quadraticx1
KXTOKENUSE,tech_ai,,,5472.26,85.75,UNKNOWN,rule,,
KXRAINNYCM,weather_climate,,,5470.8,403.62,maker_free(census),rule,Climate and Weather,quadraticx1
KXLEADERMLBHR,sports_baseball,MLB,props,5445.1,188.88,maker_free(census),rule,Sports,quadraticx1
HOUSEPA8,politics_geopolitics,,,5434.94,10.62,maker_free(census),rule,Elections,quadraticx1
KXLNBPTOTAL,sports_basketball,LNBP,total,5426.1,137.38,UNKNOWN,rule,,
KXAAAGASDOR,macro_gas_prices,,,5421.44,45.5,UNKNOWN,rule,,
KXMISENATE,politics_geopolitics,,,5405.84,101.62,maker_free(census),rule,Elections,quadraticx1
KXELHGAME,sports_hockey,ELH,game,5374.38,357.62,UNKNOWN,rule,,
KXBTC50VS100,crypto_daily_longer,,,5345.08,4233.75,maker_free(census),rule,Crypto,quadraticx1
KXIPOANTHROPIC,company_earnings,,,5334.6,232.75,maker_free(census),rule,Financials,quadraticx1
KXBBLSPREAD,sports_basketball,BBL,spread,5316.53,544.12,UNKNOWN,rule,,
KXINX,equity_indices,,,5291.04,332.12,maker_free(census),rule,Financials,quadraticx1
KXTWEEDEDIVTOTAL,sports_soccer,TWEEDEDIV,total,5284.84,302.88,UNKNOWN,rule,,
KXCOCACOLAPOS,company_kpi_altdata,,,5269.55,141.62,UNKNOWN,guess,,
KXLIIGAGAME,sports_hockey,LIIGA,game,5243.31,388.5,UNKNOWN,rule,,
KXNFLOPOTY,sports_football_us,NFL,futures,5158.51,367.25,maker_fee,rule,Sports,quadratic_with_maker_feesx1
KXINTLFRIENDLY1HBTTS,sports_soccer,INTLFRIENDLY,period,5142.16,480.38,UNKNOWN,rule,,
KXHIGHTNOLA,weather_climate,,,5094.96,1270.5,maker_free(census),rule,Climate and Weather,quadraticx1
KXNASCARTOP10,sports_motorsport,NASCAR,props,5072.29,378.62,UNKNOWN,rule,,
KXAFCON1HSPREAD,sports_soccer,AFCON,period,5072.03,663.38,UNKNOWN,rule,,
KXXRP,crypto_hourly_ladder,,,5008.58,1772.38,maker_free(census),rule,Crypto,quadraticx1
KXKBORFI,sports_baseball,KBO,props,5006.64,333.75,maker_free(census),rule,Sports,quadraticx1
KXAAAGASMAX,macro_gas_prices,,,4943.86,217.25,maker_free(census),rule,Economics,quadraticx1
KXWNBACOY,sports_basketball,WNBA,props,4912.82,149.0,maker_free(census),rule,Sports,quadraticx1
KXVHGCB,entertainment_culture,,,4884.06,285.12,UNKNOWN,rule,,
KXZELENSKYYMENTION,mentions,,,4882.12,348.38,UNKNOWN,rule,,
KXPRESCUPWINMARGIN,sports_golf,PRESCUP,spread,4880.01,114.88,UNKNOWN,rule,,
KXTXOIL,rates_macro,,,4858.15,25.25,UNKNOWN,rule,,
KXNASDAQ100,equity_indices,,,4841.95,131.0,maker_free(census),rule,Financials,quadraticx1
KXDARTSMATCH,sports_darts,DARTS,game,4835.65,190.62,UNKNOWN,rule,,
KXGGNOM,entertainment_culture,,,4796.3,93.38,UNKNOWN,rule,,
KXMOONVSPEND,tech_ai,,,4792.99,26.0,UNKNOWN,rule,,
KXDEBUTSONG,entertainment_culture,,,4780.58,29.75,UNKNOWN,rule,,
KXWNBADPOY,sports_basketball,WNBA,props,4775.42,199.62,maker_free(census),rule,Sports,quadraticx1
KXKNVBCUPTOTAL,sports_soccer,KNVBCUP,total,4741.73,340.0,UNKNOWN,rule,,
KXWNBA2HWINNER,sports_basketball,WNBA,period,4723.42,139.5,maker_free(census),rule,Sports,quadraticx1
KXTOPSONG,entertainment_culture,,,4692.19,46.25,maker_free(census),rule,Entertainment,quadraticx1
KXEARNINGSMENTIONCALM,mentions,,,4685.55,228.25,UNKNOWN,rule,,
KXLIGAEXP1HTOTAL,sports_soccer,LIGAEXP,total,4671.18,261.5,maker_free(census),rule,Sports,quadraticx1
KXKNVBCUPADVANCE,sports_soccer,KNVBCUP,props,4664.01,180.75,UNKNOWN,rule,,
KXUCL,sports_soccer,UCL,futures,4662.72,299.5,maker_fee,rule,Sports,quadratic_with_maker_feesx1
KXLIGAMX2H,sports_soccer,LIGAMX,period,4657.22,332.75,UNKNOWN,rule,,
KXBLUETSUNAMICOMBO,politics_geopolitics,,,4643.04,99.38,maker_free(census),rule,Elections,quadraticx1
KXEARNINGSMENTIONMU,mentions,,,4632.22,367.88,UNKNOWN,rule,,
KXNLGAME,sports_hockey,SWISSNL,game,4608.37,271.75,UNKNOWN,rule,,
KXNETFLIXRANKSHOW,entertainment_culture,,,4608.25,224.88,maker_free(census),rule,Entertainment,quadraticx1
KXNFLCOTY,sports_football_us,NFL,futures,4593.36,343.0,maker_fee,rule,Sports,quadratic_with_maker_feesx1
KXAKSENATE,politics_geopolitics,,,4588.24,55.5,maker_free(census),rule,Elections,quadraticx1
KXMONSTERPOS,company_kpi_altdata,,,4586.8,92.75,UNKNOWN,rule,,
KXBRENTMON,commodities_fx_other,,,4574.77,295.88,maker_free(census),rule,Commodities,quadraticx1
GOVPARTYIA,politics_geopolitics,,,4518.49,104.12,maker_free(census),rule,Elections,quadraticx1
KXBRPRES1R,politics_geopolitics,,,4507.05,100.88,maker_free(census),rule,Elections,quadraticx1
KXNFLOROTY,sports_football_us,NFL,futures,4499.75,275.38,maker_fee,rule,Sports,quadratic_with_maker_feesx1
KXGDP,rates_macro,,,4481.64,118.38,maker_fee,rule,Economics,quadratic_with_maker_feesx1
KXHORMUZPEAK,politics_geopolitics,,,4468.62,87.12,maker_free(census),rule,Politics,quadraticx1
GOVPARTYNY,politics_geopolitics,,,4466.73,97.38,maker_free(census),rule,Elections,quadraticx1
KXFEATURE,entertainment_culture,,,4456.72,271.38,maker_free(census),rule,Entertainment,quadraticx1
KXMESENOUTCOME,politics_geopolitics,,,4456.01,8.38,maker_free(census),api,Elections,quadraticx1
KXTWEEDEDIVGAME,sports_soccer,TWEEDEDIV,game,4406.16,265.12,UNKNOWN,rule,,
KXVENUEPERFORM,entertainment_culture,,,4376.81,65.75,UNKNOWN,rule,,
KXBNBD,crypto_hourly_ladder,,,4342.45,1406.12,maker_free(census),rule,Crypto,quadraticx1
KXEPLRELEGATION,sports_soccer,EPL,futures,4319.71,314.25,maker_free(census),rule,Sports,quadraticx1
KXPRESCUPPTS,sports_golf,PRESCUP,props,4304.2,125.0,UNKNOWN,rule,,
KXGOLDW,commodities_fx_other,,,4273.23,228.0,maker_free(census),rule,Commodities,quadraticx1
KXBTCMAX100,crypto_daily_longer,,,4222.32,198.0,maker_free(census),rule,Crypto,quadraticx1
KXF1,sports_motorsport,F1,futures,4219.49,152.75,maker_free(census),rule,Sports,quadraticx1
KXVELOPOS,company_kpi_altdata,,,4215.54,19.0,UNKNOWN,rule,,
KXMLBBESTRECORD,sports_baseball,MLB,futures,4202.75,144.5,maker_free(census),rule,Sports,quadraticx1
KXSERIECBTTS,sports_soccer,SERIEC,props,4146.46,217.38,UNKNOWN,rule,,
KXNFLLADDERREC,sports_football_us,NFL,props,4141.06,66.75,UNKNOWN,rule,,
KXTAKEOVERACQWB,company_earnings,,,4127.72,71.12,maker_free(census),rule,Financials,quadraticx1
KXAAAGASDMO,macro_gas_prices,,,4123.85,79.62,UNKNOWN,rule,,
KXAAAGASDWI,macro_gas_prices,,,4110.75,58.5,UNKNOWN,rule,,
KX30YRDIRHM,rates_macro,,,4108.85,112.75,UNKNOWN,rule,,
KXDWTSFINALS,entertainment_culture,,,4098.44,110.5,UNKNOWN,rule,,
KXPERLIGA1BTTS,sports_soccer,PERLIGA1,props,4093.34,166.0,maker_free(census),rule,Sports,quadraticx1
KXEREDIVISIEWGAME,sports_soccer,EREDIVISIEW,game,4082.81,296.5,UNKNOWN,rule,,
KXANTHVREQ,tech_ai,,,4074.72,33.12,UNKNOWN,rule,,
SENATEGA,politics_geopolitics,,,4073.05,74.0,maker_free(census),rule,Elections,quadraticx1
KXLOWTNYC,weather_climate,,,4037.72,637.25,maker_free(census),rule,Climate and Weather,quadraticx1
KXJOINCLUB,sports_soccer,SOCCERMISC,futures,4020.29,47.5,maker_free(census),rule,Sports,quadraticx1
KXNHL3PTOTAL,sports_hockey,NHL,total,4008.21,184.75,UNKNOWN(likely maker_fee),rule,,
KXWNBAOT,sports_basketball,WNBA,props,3982.66,314.25,maker_free(census),rule,Sports,quadraticx1
HOUSEIA1,politics_geopolitics,,,3963.58,22.25,maker_free(census),rule,Elections,quadraticx1
KXWTIW,commodities_fx_other,,,3959.19,345.88,maker_free(census),rule,Commodities,quadraticx1
KXDIESELMONAK,macro_gas_prices,,,3949.5,56.88,UNKNOWN,rule,,
KXLIGAMX1HBTTS,sports_soccer,LIGAMX,period,3940.6,181.25,UNKNOWN,rule,,
KXNFLDSTTD,sports_football_us,NFL,props,3929.86,431.25,UNKNOWN,rule,,
KXNFLMOSTRSHYDS,sports_football_us,NFL,props,3927.08,269.75,UNKNOWN,rule,,
KXNHLAST,sports_hockey,NHL,props,3921.03,255.88,UNKNOWN,rule,,
KXBABELMANDEBWEEKLY,politics_geopolitics,,,3897.74,52.38,maker_free(census),rule,Politics,quadraticx1
KXCFLSPREAD,sports_football_us,CFL,spread,3890.12,143.0,maker_free(census),rule,Sports,quadraticx1
KXUST2AD,rates_macro,,,3884.99,133.88,maker_free(census),rule,Financials,quadraticx1
KXLIGAEXPSPREAD,sports_soccer,LIGAEXP,spread,3884.11,186.5,maker_free(census),rule,Sports,quadraticx1
KXBTCMAXY,crypto_daily_longer,,,3806.49,166.5,maker_free(census),rule,Crypto,quadraticx1
KXNCAAFDSTTD,sports_football_us,NCAAF,props,3805.02,304.25,UNKNOWN,rule,,
KXNCAAFTOPAPRANK,sports_football_us,NCAAF,futures,3790.88,52.5,maker_free(census),rule,Sports,quadraticx1
KXNHL,sports_hockey,NHL,futures,3783.58,293.75,maker_fee,rule,Sports,quadratic_with_maker_feesx1
KXMEASLES,tech_ai,,,3759.0,84.25,maker_free(census),guess,Science and Technology,quadraticx1
KXRECORDNFLWORST,sports_football_us,NFL,props,3750.17,387.5,maker_free(census),rule,Sports,quadraticx1
KXEARNINGSMENTIONSTZ,mentions,,,3727.45,259.62,maker_free(census),rule,Mentions,quadraticx1
KXINXPOS,equity_indices,,,3726.66,74.5,maker_free(census),rule,Financials,quadraticx1
KXDRPEPPERPOS,company_kpi_altdata,,,3724.99,66.75,UNKNOWN,rule,,
KXLOWTLV,weather_climate,,,3715.97,449.75,maker_free(census),rule,Climate and Weather,quadraticx1
KXIMPEACH,politics_geopolitics,,,3688.73,354.25,maker_free(census),rule,Politics,quadraticx1
KXUST30AD,rates_macro,,,3642.56,108.62,maker_free(census),rule,Financials,quadraticx1
KXNETFLIXRANKMOVIE,entertainment_culture,,,3622.23,476.0,maker_free(census),rule,Entertainment,quadraticx1
KXALIENS,tech_ai,,,3604.77,213.38,maker_free(census),guess,Science and Technology,quadraticx1
KXNFLMATCHUP,sports_football_us,NFL,futures,3600.14,195.5,maker_free(census),rule,Sports,quadraticx1
KXCOPPERW,commodities_fx_other,,,3568.8,131.5,maker_free(census),rule,Commodities,quadraticx1
KXNFLNFCSOUTH,sports_football_us,NFL,futures,3558.74,247.88,maker_fee,rule,Sports,quadratic_with_maker_feesx1
KXAOCMENTION,mentions,,,3533.53,324.75,UNKNOWN,rule,,
KXNFLWINSWEEK,sports_football_us,NFL,futures,3531.36,87.12,UNKNOWN,rule,,
KXPERLIGA1SPREAD,sports_soccer,PERLIGA1,spread,3528.15,297.5,maker_free(census),rule,Sports,quadraticx1
KXNWSLBTTS,sports_soccer,NWSL,props,3500.89,198.12,maker_free(census),rule,Sports,quadraticx1
KXNHL3P,sports_hockey,NHL,period,3490.79,179.88,UNKNOWN,rule,,
KXEFLL11H,sports_soccer,EFLL1,period,3458.0,84.75,UNKNOWN,rule,,
KXBSLTOTAL,sports_basketball,BSL,total,3451.14,185.0,UNKNOWN,rule,,
KXDIESELEXPORTBAN,macro_gas_prices,,,3444.62,117.5,UNKNOWN,rule,,
KXSKLGAME,sports_hockey,SKL,game,3428.85,181.75,UNKNOWN,rule,,
KXNHL2P,sports_hockey,NHL,period,3423.36,229.62,UNKNOWN,rule,,
KXNFLAFCWEST,sports_football_us,NFL,futures,3411.94,338.25,maker_fee,rule,Sports,quadratic_with_maker_feesx1
KXOPENSOURCESHARE,tech_ai,,,3403.56,105.0,UNKNOWN,rule,,
KXBABASHARE,tech_ai,,,3385.02,48.0,UNKNOWN,rule,,
KXKNVBCUPGAME,sports_soccer,KNVBCUP,game,3372.18,170.75,UNKNOWN,rule,,
KXSHLGAME,sports_hockey,SHL,game,3370.1,198.62,UNKNOWN,rule,,
KXSERIECSPREAD,sports_soccer,SERIEC,spread,3369.86,284.0,UNKNOWN,rule,,
KXCHINAAI,tech_ai,,,3365.25,130.88,maker_free(census),rule,Science and Technology,quadraticx1
KXTHEWEEKNIGHTMENTION,mentions,,,3351.63,227.75,UNKNOWN,rule,,
KXNHLSEASONPTS,sports_hockey,NHL,futures,3344.91,80.25,UNKNOWN,rule,,
KXAAAGASDMI,macro_gas_prices,,,3337.83,119.0,UNKNOWN,rule,,
KXOSCARNOMPIC,entertainment_culture,,,3336.66,271.88,maker_free(census),rule,Entertainment,quadraticx1
KXZYNPOS,company_kpi_altdata,,,3335.09,28.12,UNKNOWN,rule,,
KXALBUMLENGTH,entertainment_culture,,,3330.57,38.38,UNKNOWN,rule,,
KXNFLDPOTY,sports_football_us,NFL,futures,3309.32,244.75,maker_fee,rule,Sports,quadratic_with_maker_feesx1
KXNFLBOTH,sports_football_us,NFL,props,3301.73,296.38,UNKNOWN,rule,,
KXLIGAEXP1H,sports_soccer,LIGAEXP,period,3264.22,159.0,maker_free(census),rule,Sports,quadraticx1
SENATEID,politics_geopolitics,,,3263.15,38.5,maker_free(census),rule,Elections,quadraticx1
KXLAVERCUP,sports_tennis,LAVERCUP,futures,3256.83,84.5,UNKNOWN,rule,,
KXAAAGASDIN,macro_gas_prices,,,3242.75,69.88,UNKNOWN,rule,,
KXJ2LEAGUEBTTS,sports_soccer,J2LEAGUE,props,3232.3,186.25,UNKNOWN,rule,,
KXNETFLIXTOPVIEWSMOVIE,entertainment_culture,,,3226.26,122.38,maker_free(census),rule,Entertainment,quadraticx1
KXNFLAFCNORTH,sports_football_us,NFL,futures,3225.64,120.0,maker_fee,rule,Sports,quadratic_with_maker_feesx1
HOUSENY17,politics_geopolitics,,,3209.5,66.88,maker_free(census),rule,Elections,quadraticx1
KXBIGSKYOPEN,sports_golf,GOLFMISC,game,3184.07,49.0,UNKNOWN,rule,,
KXCARNEYMENTION,mentions,,,3179.39,235.38,UNKNOWN,rule,,
KXLNBPSPREAD,sports_basketball,LNBP,spread,3166.1,100.0,UNKNOWN,rule,,
KXNFLAFCSOUTH,sports_football_us,NFL,futures,3149.8,91.88,maker_fee,rule,Sports,quadratic_with_maker_feesx1
KXTSLA,company_earnings,,,3146.44,128.12,maker_free(census),rule,Financials,quadraticx1
KXCONCACAFNL1HBTTS,sports_soccer,CONCACAFNL,period,3143.99,339.25,UNKNOWN,rule,,
KXSILVERW,commodities_fx_other,,,3143.62,74.0,maker_free(census),rule,Commodities,quadraticx1
KXKLEAGUETOTAL,sports_soccer,KLEAGUE,total,3142.76,228.62,UNKNOWN,rule,,
KX10YRDIRHM,rates_macro,,,3119.59,73.88,UNKNOWN,rule,,
KXNCAAFB12,sports_football_us,NCAAF,futures,3104.8,123.25,maker_fee,rule,Sports,quadratic_with_maker_feesx1
KXETTANBTTS,sports_soccer,ETTAN,props,3093.36,188.62,UNKNOWN,rule,,
KXTRUMPPHOTO,politics_geopolitics,,,3089.05,96.25,UNKNOWN,rule,,
KXNCAAF1HFT,sports_football_us,NCAAF,period,3066.55,338.25,UNKNOWN,rule,,
KXSONGCHARTTSWIFT,entertainment_culture,,,3060.21,131.12,UNKNOWN,rule,,
KXNFL1QBTTS,sports_football_us,NFL,period,3038.39,319.62,UNKNOWN,rule,,
KXAAAGASDIL,macro_gas_prices,,,3031.42,74.38,UNKNOWN,rule,,
KXEPLTOP,sports_soccer,EPL,futures,3028.04,104.0,maker_free(census),rule,Sports,quadraticx1
GOVPARTYCA,politics_geopolitics,,,3024.36,41.0,maker_free(census),rule,Elections,quadraticx1
KXNEXTPRESSEC,politics_geopolitics,,,3011.59,506.62,maker_free(census),rule,Politics,quadraticx1
KXRUGBYNRLMATCH,sports_rugby,RUGBYNRL,game,2984.06,138.62,maker_free(census),rule,Sports,quadraticx1
KXEARNINGSMENTIONNKE,mentions,,,2981.11,188.88,UNKNOWN,rule,,
KXRHOUSESEATS,politics_geopolitics,,,2974.89,138.38,maker_free(census),rule,Elections,quadraticx1
KXMIDTERMHAPPEN,politics_geopolitics,,,2970.35,41.25,maker_free(census),rule,Elections,quadraticx1
KXLOWTCHI,weather_climate,,,2968.05,515.62,maker_free(census),rule,Climate and Weather,quadraticx1
KXCOWAGE,other,,,2951.99,4.62,UNKNOWN,guess,,
KXLIGAMX1HSCORE,sports_soccer,LIGAMX,period,2930.64,167.12,UNKNOWN,rule,,
KXHYPE,crypto_hourly_ladder,,,2928.74,1811.38,maker_free(census),rule,Crypto,quadraticx1
KXZUCKMENTION,mentions,,,2913.63,196.12,UNKNOWN,rule,,
KXALBUMRELEASE,entertainment_culture,,,2900.01,45.5,maker_free(census),rule,Entertainment,quadraticx1
KXNASCARCUPSERIES,sports_motorsport,NASCAR,futures,2891.92,355.0,maker_free(census),rule,Sports,quadraticx1
KXNWSLSPREAD,sports_soccer,NWSL,spread,2883.05,219.38,maker_free(census),rule,Sports,quadraticx1
KXSHIBA,crypto_daily_longer,,,2882.55,107.5,maker_free(census),rule,Crypto,quadraticx1
KXSVK2LSPREAD,sports_soccer,SVK2L,spread,2852.03,196.62,UNKNOWN,rule,,
KXNCAAFOT,sports_football_us,NCAAF,props,2851.0,572.75,UNKNOWN,rule,,
KXHEADLINE,mentions,,,2829.77,93.75,UNKNOWN,guess,,
KXUST5AD,rates_macro,,,2826.6,91.12,maker_free(census),rule,Financials,quadraticx1
KXETTANSPREAD,sports_soccer,ETTAN,spread,2815.14,240.25,UNKNOWN,rule,,
KXMLS1HSCORE,sports_soccer,MLS,period,2797.61,126.12,UNKNOWN,rule,,
KXCOLLEGEGAMEDAY,sports_football_us,NCAAF,futures,2796.72,112.12,maker_free(census),rule,Sports,quadraticx1
KXRECORDNFLBEST,sports_football_us,NFL,props,2775.4,229.62,maker_free(census),rule,Sports,quadraticx1
KXNFLNEXTTEAM,sports_football_us,NFL,futures,2755.15,100.88,maker_free(census),rule,Sports,quadraticx1
KXTWEEDEDIVSPREAD,sports_soccer,TWEEDEDIV,spread,2741.31,113.25,UNKNOWN,rule,,
KXISRAELPM,politics_geopolitics,,,2740.47,216.88,maker_free(census),rule,Elections,quadraticx1
HOUSETX15,politics_geopolitics,,,2736.32,35.62,maker_free(census),rule,Elections,quadraticx1
KXMLBSERIESSCORE,sports_baseball,MLB,futures,2725.13,149.25,UNKNOWN,rule,,
KXRATEHIKE,rates_macro,,,2716.09,128.38,UNKNOWN,rule,,
KXTRUMPNOMNUM,politics_geopolitics,,,2708.98,19.38,maker_free(census),rule,Politics,quadraticx1
KXVBAGAME,sports_volleyball,VBA,game,2698.87,127.88,maker_free(census),rule,Sports,quadraticx1
KXPEPSIPOS,company_kpi_altdata,,,2697.38,51.0,UNKNOWN,rule,,
KXC4POS,company_kpi_altdata,,,2696.41,23.5,UNKNOWN,rule,,
KXMLS1HSPREAD,sports_soccer,MLS,period,2692.43,253.0,UNKNOWN,rule,,
KXLIGAMX1HSPREAD,sports_soccer,LIGAMX,period,2674.64,284.75,UNKNOWN,rule,,
KXMLBWA,sports_baseball,MLB,props,2674.18,184.12,UNKNOWN,rule,,
KXEARNINGSMENTIONAAPL,mentions,,,2663.86,285.0,UNKNOWN,rule,,
KXDHOUSESEATS,politics_geopolitics,,,2663.74,196.25,maker_free(census),rule,Elections,quadraticx1
KXNHLFIRSTGOAL,sports_hockey,NHL,props,2660.96,306.38,UNKNOWN,rule,,
KXLEADERSOUT,politics_geopolitics,,,2660.06,75.38,maker_free(census),rule,Politics,quadraticx1
KXUST7AD,rates_macro,,,2649.24,89.0,maker_free(census),rule,Financials,quadraticx1
KXFEDHIKE,rates_macro,,,2647.76,34.5,maker_free(census),rule,Economics,quadraticx1
KXBARRMENTION,mentions,,,2647.17,192.62,UNKNOWN,rule,,
KXSBUXCC,company_kpi_altdata,,,2643.29,70.5,UNKNOWN,rule,,
KXLOWTLAX,weather_climate,,,2630.28,469.38,maker_free(census),rule,Climate and Weather,quadraticx1
KXPADATACENTERS,other,,,2629.83,36.38,UNKNOWN,guess,,
KXNFLESCALATORRSHYDS,sports_football_us,NFL,props,2628.0,132.38,UNKNOWN,rule,,
KXSUPERBOWLHEADLINE,entertainment_culture,,,2614.97,288.75,maker_fee,rule,Entertainment,quadratic_with_maker_feesx1
KXTENCENTSHARE,tech_ai,,,2614.3,59.75,UNKNOWN,rule,,
KXF1TOP10,sports_motorsport,F1,props,2597.64,423.0,UNKNOWN,rule,,
KXLOWTDEN,weather_climate,,,2596.02,394.5,maker_free(census),rule,Climate and Weather,quadraticx1
KXSBLGAME,sports_basketball,SBL,game,2583.49,190.5,UNKNOWN,rule,,
KXUSAIRANAGREEMENT,politics_geopolitics,,,2571.25,139.88,maker_free(census),rule,Politics,quadraticx1
KXDEBATEMENTION,mentions,,,2561.66,178.38,maker_free(census),rule,Mentions,quadraticx1
GOVPARTYMA,politics_geopolitics,,,2558.74,42.62,maker_free(census),rule,Elections,quadraticx1
KXGAMEAWARDS,entertainment_culture,,,2550.98,241.62,maker_free(census),rule,Entertainment,quadraticx1
KXAMZNCC,company_kpi_altdata,,,2550.95,57.75,UNKNOWN,rule,,
KXLOWTPHX,weather_climate,,,2542.0,542.12,maker_free(census),rule,Climate and Weather,quadraticx1
KXPGATOP10,sports_golf,PGA,props,2540.45,75.25,UNKNOWN,rule,,
KXNCAAFSEC,sports_football_us,NCAAF,futures,2527.28,131.12,maker_fee,rule,Sports,quadratic_with_maker_feesx1
KXCANPLSPREAD,sports_soccer,CANPL,spread,2525.48,284.5,UNKNOWN,rule,,
KXMLBALCSQUAL,sports_baseball,MLB,futures,2518.14,243.62,UNKNOWN,rule,,
KXCOPADELREY1H,sports_soccer,COPADELREY,period,2516.0,41.88,UNKNOWN,rule,,
KXDWTSTOP3,entertainment_culture,,,2510.14,165.0,UNKNOWN,rule,,
KXCOBUILDPERMITS,rates_macro,,,2504.95,19.25,UNKNOWN,rule,,
KXNYCSUBWAY,rates_macro,,,2493.22,14.0,UNKNOWN,rule,,
KXJ2LEAGUESPREAD,sports_soccer,J2LEAGUE,spread,2492.43,223.5,UNKNOWN,rule,,
KXCANPLBTTS,sports_soccer,CANPL,props,2489.97,89.75,UNKNOWN,rule,,
KXEERSTEDIVBTTS,sports_soccer,EERSTEDIV,props,2479.57,120.62,UNKNOWN,rule,,
KXRUBIOMENTION,mentions,,,2479.12,233.0,UNKNOWN,rule,,
KXTOPALBUMBYTAYLORSWIFT,entertainment_culture,,,2478.93,16.88,UNKNOWN,rule,,
KXNHLF10G,sports_hockey,NHL,props,2473.38,83.75,UNKNOWN,rule,,
KXNHLOT,sports_hockey,NHL,props,2467.6,55.38,UNKNOWN,rule,,
KXTECHRANKLISTAICODE,tech_ai,,,2464.01,82.0,maker_free(census),rule,Science and Technology,quadraticx1
GOVPARTYMN,politics_geopolitics,,,2456.6,18.75,maker_free(census),rule,Elections,quadraticx1
SENATESD,politics_geopolitics,,,2454.28,26.25,maker_free(census),rule,Elections,quadraticx1
KXNFLDROTY,sports_football_us,NFL,futures,2453.93,389.75,maker_fee,rule,Sports,quadratic_with_maker_feesx1
KXLOWTDC,weather_climate,,,2450.58,372.12,maker_free(census),rule,Climate and Weather,quadraticx1
KX2028DRUN,politics_geopolitics,,,2436.74,66.38,maker_free(census),rule,Elections,quadraticx1
KXCANALBERTAREMAIN,politics_geopolitics,,,2435.7,12.88,UNKNOWN,rule,,
KXNFLFFWEEKTOP,sports_football_us,NFL,props,2433.67,137.75,UNKNOWN,rule,,
KXCHESSOLYMPIAD,sports_chess,CHESS,futures,2432.72,95.5,maker_free(census),rule,Sports,quadraticx1
KXBESSENTMTPMENTION,mentions,,,2427.16,189.5,UNKNOWN,rule,,
KXLOWTMIA,weather_climate,,,2424.9,471.62,maker_free(census),rule,Climate and Weather,quadraticx1
KXACBSPREAD,sports_basketball,ACB,spread,2415.61,243.88,UNKNOWN,rule,,
KXMOUNTAINDEWPOS,company_kpi_altdata,,,2413.92,27.25,UNKNOWN,rule,,
SENATEAR,politics_geopolitics,,,2403.75,36.75,maker_free(census),rule,Elections,quadraticx1
KXEARNINGSMENTIONBLK,mentions,,,2400.66,214.38,UNKNOWN,rule,,
KXONPOS,company_kpi_altdata,,,2395.85,15.0,UNKNOWN,rule,,
KXEARNINGSMENTIONMTN,mentions,,,2384.47,221.88,UNKNOWN,rule,,
KXISRNLBTTS,sports_soccer,ISRNL,props,2380.93,64.12,UNKNOWN,rule,,
KXIPO,company_earnings,,,2378.49,111.12,maker_fee,rule,Financials,quadratic_with_maker_feesx1
KXEARNINGSMENTIONBB,mentions,,,2363.77,77.25,UNKNOWN,rule,,
KXVENEZUELALEADER,politics_geopolitics,,,2344.91,68.25,maker_free(census),rule,Elections,quadraticx1
KXCHESSWORLDCHAMPION,sports_chess,CHESS,futures,2336.2,43.5,maker_free(census),rule,Sports,quadraticx1
KXFOXNEWSMENTION,mentions,,,2335.05,186.25,UNKNOWN,rule,,
KXNCAAFUNDEFEATED,sports_football_us,NCAAF,futures,2324.33,344.25,maker_free(census),rule,Sports,quadraticx1
KXIPOOURA,company_earnings,,,2319.7,57.12,maker_free(census),rule,Financials,quadraticx1
KXEARNINGSMENTIONAMZN,mentions,,,2315.97,351.12,UNKNOWN,rule,,
KXROLEINPRODUCTIONDOOMSDAY,entertainment_culture,,,2302.63,225.0,maker_free(census),rule,Entertainment,quadraticx1
KXDPWORLDTOURR3LEAD,sports_golf,DPWORLDTOUR,props,2297.84,59.38,UNKNOWN,rule,,
KXNFLNFCWEST,sports_football_us,NFL,futures,2296.62,79.62,maker_fee,rule,Sports,quadratic_with_maker_feesx1
KXBTCMINY,crypto_daily_longer,,,2291.93,101.38,maker_free(census),rule,Crypto,quadraticx1
KXLEADERMLBWINS,sports_baseball,MLB,futures,2285.97,71.5,maker_free(census),rule,Sports,quadraticx1
KXROCKSTARPOS,company_kpi_altdata,,,2282.39,40.12,UNKNOWN,rule,,
KXLNBELITE2GAME,sports_basketball,LNBELITE,game,2273.91,246.38,UNKNOWN,rule,,
KXRAV4MSRP,company_earnings,,,2263.11,41.88,UNKNOWN,rule,,
KXOPENVSPEND,tech_ai,,,2247.15,29.12,UNKNOWN,rule,,
KXHOUSEPOPVOTEMARGIN,politics_geopolitics,,,2246.01,130.12,maker_free(census),rule,Elections,quadraticx1
KXGPT,tech_ai,,,2231.74,82.62,maker_free(census),rule,Science and Technology,quadraticx1
KXMLBNLCY,sports_baseball,MLB,futures,2224.06,24.38,maker_free(census),rule,Sports,quadraticx1
KXMLBALROTY,sports_baseball,MLB,futures,2221.87,77.0,maker_free(census),rule,Sports,quadraticx1
KXNFLFFLEADERTOP,sports_football_us,NFL,props,2205.16,137.75,UNKNOWN,rule,,
KXDEEPVREQ,tech_ai,,,2201.6,23.88,UNKNOWN,rule,,
KXDELGAME,sports_hockey,DEL,game,2201.32,147.62,UNKNOWN,rule,,
KXF1CONSTRUCTORS,sports_motorsport,F1,futures,2200.86,50.0,maker_free(census),rule,Sports,quadraticx1
KXFEDMENTION,mentions,,,2190.71,368.25,maker_free(census),rule,Mentions,quadraticx1
KXEOWEEK,politics_geopolitics,,,2187.77,37.88,maker_free(census),rule,Politics,quadraticx1
KXTRUMPADMINLEAVE,politics_geopolitics,,,2187.59,310.62,maker_free(census),rule,Politics,quadraticx1
KXEARNINGSMENTIONAZO,mentions,,,2183.69,207.88,UNKNOWN,rule,,
KXINXY,equity_indices,,,2177.16,258.88,maker_fee,rule,Financials,quadratic_with_maker_feesx1
KXFEAR,equity_indices,,,2176.79,116.25,maker_free(census),guess,Financials,quadraticx1
KXLIGAMX2HTOTAL,sports_soccer,LIGAMX,total,2174.26,172.5,UNKNOWN,rule,,
GOVPARTYWI,politics_geopolitics,,,2173.82,33.38,maker_free(census),rule,Elections,quadraticx1
HOUSEVA1,politics_geopolitics,,,2173.64,21.25,maker_free(census),rule,Elections,quadraticx1
KXURYPDSPREAD,sports_soccer,URYPD,spread,2172.21,246.5,maker_free(census),rule,Sports,quadraticx1
KXDHOUSEWON,politics_geopolitics,,,2156.53,27.62,UNKNOWN,rule,,
KXSBLSPREAD,sports_basketball,SBL,spread,2151.38,197.12,UNKNOWN,rule,,
KXDOTA2TOTALMAPS,sports_esports,DOTA2,total,2144.52,200.12,UNKNOWN,rule,,
KXWHPRESSBANEND,politics_geopolitics,,,2137.69,113.75,UNKNOWN,rule,,
KXCOORSLIGHTPOS,company_kpi_altdata,,,2126.01,17.0,UNKNOWN,rule,,
KXAPFDDHSPREAD,sports_soccer,APFDDH,spread,2125.09,195.62,maker_free(census),rule,Sports,quadraticx1
KXFEDFUNDSYEAR,rates_macro,,,2124.69,127.5,maker_free(census),rule,Economics,quadraticx1
KXAFCON1HBTTS,sports_soccer,AFCON,period,2123.6,264.62,UNKNOWN,rule,,
KXMLBNLMOTY,sports_baseball,MLB,futures,2103.71,89.12,maker_free(census),rule,Sports,quadraticx1
KXBNB,crypto_hourly_ladder,,,2097.22,1227.25,maker_free(census),rule,Crypto,quadraticx1
KXISRNLSPREAD,sports_soccer,ISRNL,spread,2092.13,168.62,UNKNOWN,rule,,
KXSBLTOTAL,sports_basketball,SBL,total,2091.79,131.12,UNKNOWN,rule,,
KXARENASCORE,tech_ai,,,2090.39,32.38,maker_free(census),rule,Science and Technology,quadraticx1
KXSVKCUPGAME,sports_soccer,SVKCUP,game,2077.33,45.38,UNKNOWN,rule,,
KXTRUMPSAYMONTH,mentions,,,2072.52,285.25,maker_free(census),rule,Mentions,quadraticx1
KXRAINDENM,weather_climate,,,2062.94,162.38,maker_free(census),rule,Climate and Weather,quadraticx1
KXMLSFTTS,sports_soccer,MLS,props,2060.95,251.25,UNKNOWN,rule,,
KXNFLCPOTY,sports_football_us,NFL,futures,2052.93,283.62,maker_fee,rule,Sports,quadratic_with_maker_feesx1
HOUSEVA2,politics_geopolitics,,,2033.09,4.75,maker_free(census),rule,Elections,quadraticx1
KXTIME,entertainment_culture,,,2025.19,221.25,maker_free(census),rule,Entertainment,quadraticx1
KXROGUEPOS,company_kpi_altdata,,,2018.19,20.0,UNKNOWN,rule,,
KXRAINSNYC,weather_climate,,,2016.3,111.62,UNKNOWN,rule,,
KXHOUSENC11,politics_geopolitics,,,2015.37,13.75,maker_free(census),rule,Elections,quadraticx1
KXMLS1HBTTS,sports_soccer,MLS,period,1999.21,213.25,UNKNOWN,rule,,
KXHIGHTSDF,weather_climate,,,1996.72,301.12,maker_free(census),rule,,
KXEFLL1BTTS,sports_soccer,EFLL1,props,1994.44,62.75,UNKNOWN,rule,,
KXNEXTLABORSEC,politics_geopolitics,,,1992.99,1.5,maker_free(census),rule,Politics,quadraticx1
KXARGNACBBTTS,sports_soccer,ARGNACB,props,1985.37,108.38,maker_free(census),rule,Sports,quadraticx1
KXMIDTERMVOTETURN,politics_geopolitics,,,1978.87,141.88,maker_free(census),rule,Elections,quadraticx1
KXCOPPERMON,commodities_fx_other,,,1973.8,102.0,maker_free(census),rule,Commodities,quadraticx1
KXNASDAQDUD,equity_indices,,,1968.06,117.25,maker_free(census),rule,Financials,quadraticx1
KXMARMAD,sports_basketball,NCAAMB,futures,1967.99,129.12,maker_fee,rule,Sports,quadratic_with_maker_feesx1
KXHULUAPP,company_kpi_altdata,,,1961.83,12.0,UNKNOWN,rule,,
KXRHOUSEWON,politics_geopolitics,,,1957.81,29.0,UNKNOWN,rule,,
KXBA,company_earnings,,,1945.04,21.88,maker_free(census),rule,Financials,quadraticx1
KXNFLMOSTRECYDS,sports_football_us,NFL,props,1944.04,229.12,UNKNOWN,rule,,
KXLASTWORDMENTION,mentions,,,1942.4,178.38,UNKNOWN,rule,,
KXEARNINGSMENTIONJNJ,mentions,,,1934.82,184.88,UNKNOWN,rule,,
KXOSCARACTO,entertainment_culture,,,1923.35,385.25,maker_free(census),rule,Entertainment,quadraticx1
KXHIGHTSAN,weather_climate,,,1922.36,314.62,maker_free(census),rule,,
KXMLBNLCSQUAL,sports_baseball,MLB,futures,1915.63,155.88,UNKNOWN,rule,,
KXTOP10BBSPOTS,entertainment_culture,,,1913.17,181.62,maker_free(census),rule,Entertainment,quadraticx1
KXNASCARTOP3,sports_motorsport,NASCAR,props,1913.04,185.0,UNKNOWN,rule,,
KXUSTYLD,rates_macro,,,1901.82,40.25,maker_free(census),rule,Economics,quadraticx1
KXMORTGAGERATE,rates_macro,,,1901.44,21.5,maker_free(census),rule,Economics,quadraticx1
KXRECSSNBER,rates_macro,,,1900.58,180.62,maker_free(census),rule,Economics,quadraticx1
KXGOLDMON,commodities_fx_other,,,1889.12,146.75,maker_free(census),rule,Commodities,quadraticx1
KXEARNINGSMENTIONGIS,mentions,,,1885.42,96.62,UNKNOWN,rule,,
KXNFLESCALATORREC,sports_football_us,NFL,props,1882.71,69.25,UNKNOWN,rule,,
KXCOPADELREYTOTAL,sports_soccer,COPADELREY,total,1873.11,32.75,UNKNOWN,rule,,
KXTRUMPMEETM,politics_geopolitics,,,1873.03,121.5,UNKNOWN,rule,,
KXDSENATEWON,politics_geopolitics,,,1869.71,21.38,UNKNOWN,rule,,
KXFINYLBTTS,sports_soccer,FINYL,props,1863.94,74.75,UNKNOWN,rule,,
KXBTC2026200,crypto_daily_longer,,,1863.25,1329.12,maker_free(census),rule,Crypto,quadraticx1
KXNFLTEAMTD,sports_football_us,NFL,props,1858.28,144.75,UNKNOWN,rule,,
KXNBAEAST,sports_basketball,NBA,futures,1857.63,80.88,maker_fee,rule,Sports,quadratic_with_maker_feesx1
KXEARNINGSMENTIONCBRL,mentions,,,1846.78,108.88,UNKNOWN,rule,,
KXEARNINGSMENTIONGS,mentions,,,1846.59,261.12,UNKNOWN,rule,,
KXWTIDIRY,commodities_fx_other,,,1843.5,84.5,maker_free(census),rule,Commodities,quadraticx1
KXHIGHTTTN,weather_climate,,,1840.3,271.62,maker_free(census),rule,,
KXNCAAFAPRANK,sports_football_us,NCAAF,futures,1824.62,10.25,maker_free(census),rule,Sports,quadraticx1
KXRAINCHIM,weather_climate,,,1816.42,161.38,maker_free(census),rule,Climate and Weather,quadraticx1
KXCFLTOTAL,sports_football_us,CFL,total,1815.73,91.12,maker_free(census),rule,Sports,quadraticx1
KXLOWTAUS,weather_climate,,,1815.41,368.75,maker_free(census),rule,Climate and Weather,quadraticx1
KXCAKE,entertainment_culture,,,1811.22,28.38,UNKNOWN,rule,,
KXUCLGAME,sports_soccer,UCL,game,1799.96,62.88,maker_fee,rule,Sports,quadratic_with_maker_feesx1
KXNETANYAHUNYC,politics_geopolitics,,,1789.84,5.38,maker_free(census),rule,Politics,quadraticx1
KXWDAYMENTION,mentions,,,1783.42,192.75,UNKNOWN,rule,,
KXLOWTDAL,weather_climate,,,1781.5,270.25,maker_free(census),rule,Climate and Weather,quadraticx1
KXBOND,entertainment_culture,,,1768.9,86.0,maker_free(census),rule,Entertainment,quadraticx1
KXUST10A,rates_macro,,,1767.43,76.62,maker_free(census),rule,Financials,quadraticx1
KXPALLADIUMH,commodities_fx_other,,,1761.32,373.88,maker_free(census),rule,Commodities,quadraticx1
KXDPWORLDTOURMAKECUT,sports_golf,DPWORLDTOUR,props,1760.99,77.0,UNKNOWN,rule,,
KXSOLMAXMON-SOL,crypto_daily_longer,,,1760.58,83.12,UNKNOWN,rule,,
KXMLBPLAYOFFHOST,sports_baseball,MLB,futures,1758.17,46.38,UNKNOWN,rule,,
KXLOWTATL,weather_climate,,,1757.87,333.38,maker_free(census),rule,Climate and Weather,quadraticx1
KXNHLPLAYOFF,sports_hockey,NHL,futures,1750.98,83.62,UNKNOWN,rule,,
KXNASCARTOP20,sports_motorsport,NASCAR,props,1749.55,91.0,UNKNOWN,rule,,
KXLALIGA,sports_soccer,LALIGA,futures,1747.74,85.5,maker_fee,rule,Sports,quadratic_with_maker_feesx1
KXEERSTEDIVSPREAD,sports_soccer,EERSTEDIV,spread,1742.2,108.62,UNKNOWN,rule,,
KXMLBWINS-LAD,sports_baseball,MLB,futures,1740.2,131.88,maker_free(census),rule,Sports,quadraticx1
KXUSDCADAD,commodities_fx_other,,,1736.73,31.75,UNKNOWN,rule,,
KXNASCARTOP5,sports_motorsport,NASCAR,props,1721.09,142.38,UNKNOWN,rule,,
KXLOWTSEA,weather_climate,,,1720.69,323.62,maker_free(census),rule,Climate and Weather,quadraticx1
KXDPWTTOP20,sports_golf,DPWORLDTOUR,props,1710.03,63.25,UNKNOWN,rule,,
KXPAMFGEMP,rates_macro,,,1706.32,4.38,UNKNOWN,rule,,
KXEARNINGSMENTIONKMX,mentions,,,1704.96,85.25,UNKNOWN,rule,,
GOVPARTYKS,politics_geopolitics,,,1704.35,24.25,maker_free(census),rule,Elections,quadraticx1
KXBOZPERMITS,rates_macro,,,1690.57,16.38,UNKNOWN,rule,,
KXF1NEXTTEAM,sports_motorsport,F1,futures,1687.76,14.25,maker_free(census),rule,Sports,quadraticx1
KXCAELECTION,politics_geopolitics,,,1683.07,66.12,maker_free(census),rule,Elections,quadraticx1
KXNFLESCALATORRECYDS,sports_football_us,NFL,props,1677.83,180.38,UNKNOWN,rule,,
KXMLBSTATCOUNT,sports_baseball,MLB,futures,1673.25,38.5,maker_free(census),rule,Sports,quadraticx1
KXSVKCUPTOTAL,sports_soccer,SVKCUP,total,1668.8,79.5,UNKNOWN,rule,,
KXCBDCOLOMBIA,rates_macro,,,1659.33,71.5,UNKNOWN,rule,,
KXF1TOP5,sports_motorsport,F1,props,1651.5,176.62,UNKNOWN,rule,,
KXPANAMAWEEKLY,politics_geopolitics,,,1639.23,41.12,maker_free(census),rule,Politics,quadraticx1
KXCARTAPP,company_kpi_altdata,,,1638.29,17.25,UNKNOWN,rule,,
KXBBSERIEASPREAD,sports_basketball,BBSERIEA,spread,1637.77,165.0,UNKNOWN,rule,,
KXSOLE,crypto_hourly_ladder,,,1636.11,1512.0,maker_free(census),rule,Crypto,quadraticx1
RSENATESEATS,politics_geopolitics,,,1629.69,90.62,maker_free(census),rule,Elections,quadraticx1
KXAAAGASMAXCA,macro_gas_prices,,,1629.47,111.0,maker_free(census),rule,Economics,quadraticx1
KXBRASILEIROC1H,sports_soccer,BRASILEIROC,period,1624.94,62.0,maker_free(census),rule,Sports,quadraticx1
KXPHKLGAME,sports_basketball,PHKL,game,1614.85,117.12,UNKNOWN,rule,,
KXREDBULLPOS,company_kpi_altdata,,,1609.14,42.38,UNKNOWN,rule,,
KXPGAR1LEAD,sports_golf,PGA,props,1598.39,336.25,maker_free(census),rule,Sports,quadraticx1
KXBRPRESIDENT2,politics_geopolitics,,,1592.41,24.12,maker_free(census),rule,Elections,quadraticx1
HOUSEMT1,politics_geopolitics,,,1592.18,25.25,maker_free(census),rule,Elections,quadraticx1
KXMLSCUP,sports_soccer,MLS,props,1590.87,149.0,maker_free(census),rule,Sports,quadraticx1
KXNCAAFPAC12,sports_football_us,NCAAF,futures,1581.27,42.25,maker_free(census),rule,Sports,quadraticx1
GOVPARTYOR,politics_geopolitics,,,1581.0,55.88,maker_free(census),rule,Elections,quadraticx1
KXDWTSRANK,entertainment_culture,,,1578.19,284.38,UNKNOWN,rule,,
KXPARAMOUNTAPP,company_kpi_altdata,,,1576.69,52.12,UNKNOWN,rule,,
KXLOWTPHIL,weather_climate,,,1575.85,238.12,maker_free(census),rule,Climate and Weather,quadraticx1
KXNYNJPORTTEU,rates_macro,,,1567.09,11.0,UNKNOWN,rule,,
KXTAIPEIMAYOR,politics_geopolitics,,,1563.99,60.5,UNKNOWN,rule,,
KXSVK2LBTTS,sports_soccer,SVK2L,props,1556.08,107.25,UNKNOWN,rule,,
KXDJTATTACKWARSH,politics_geopolitics,,,1555.86,54.62,maker_free(census),rule,Politics,quadraticx1
KXACTBLUETOP,politics_geopolitics,,,1546.92,46.75,maker_free(census),rule,Politics,quadraticx1
KXSPRLVL,rates_macro,,,1543.15,15.75,maker_free(census),rule,Economics,quadraticx1
KXHOUSEWINSTATE,politics_geopolitics,,,1537.61,56.0,maker_free(census),rule,Elections,quadraticx1
KXUFCHEAVYWEIGHTTITLE,sports_combat,UFC,futures,1529.93,130.25,maker_free(census),rule,Sports,quadraticx1
KXNFLAFCEAST,sports_football_us,NFL,futures,1529.23,55.38,maker_fee,rule,Sports,quadratic_with_maker_feesx1
KXLOWTHOU,weather_climate,,,1521.91,239.12,maker_free(census),rule,Climate and Weather,quadraticx1
GTA6,entertainment_culture,,,1519.32,59.25,UNKNOWN,rule,,
KXPGAROUNDSCORE,sports_golf,PGA,props,1515.05,5.12,UNKNOWN,rule,,
SENATEMS,politics_geopolitics,,,1511.02,24.38,maker_free(census),rule,Elections,quadraticx1
KXLOWTMIN,weather_climate,,,1509.47,259.12,maker_free(census),rule,Climate and Weather,quadraticx1
KXCHNL1SPREAD,sports_soccer,CHNL1,spread,1509.19,97.12,UNKNOWN,rule,,
HOUSENC1,politics_geopolitics,,,1507.47,11.0,maker_free(census),rule,Elections,quadraticx1
KXBRASILEIROC1HTOTAL,sports_soccer,BRASILEIROC,total,1506.9,95.25,maker_free(census),rule,Sports,quadraticx1
KXLOWTOKC,weather_climate,,,1496.02,261.38,maker_free(census),rule,Climate and Weather,quadraticx1
KXMJSCHEDULE,politics_geopolitics,,,1495.46,31.75,maker_free(census),rule,Politics,quadraticx1
HOUSEME2,politics_geopolitics,,,1491.59,16.0,maker_free(census),rule,Elections,quadraticx1
KXBROADLINEADS,company_kpi_altdata,,,1486.29,24.12,UNKNOWN,rule,,
KXLIGAMXFTTS,sports_soccer,LIGAMX,props,1485.72,190.0,UNKNOWN,rule,,
KXRSENATEWON,politics_geopolitics,,,1484.76,19.75,UNKNOWN,rule,,
KXPERFORMSUPERBOWL,entertainment_culture,,,1480.15,87.62,maker_free(census),rule,Entertainment,quadraticx1
KXTXRAILROAD,politics_geopolitics,,,1476.14,46.88,maker_free(census),rule,Elections,quadraticx1
KXLOWTBOS,weather_climate,,,1468.34,323.5,maker_free(census),rule,Climate and Weather,quadraticx1
KXCFBUNRANKEDUPSET,sports_football_us,NCAAF,futures,1459.16,31.75,UNKNOWN,rule,,
KXHOOD,company_earnings,,,1448.31,12.0,maker_free(census),rule,Financials,quadraticx1
KXF1FASTLAP,sports_motorsport,F1,props,1446.98,203.38,UNKNOWN,rule,,
KXUSDMXNAW,commodities_fx_other,,,1445.54,115.5,maker_free(census),rule,Financials,quadraticx1
KXBRASILEIROCBTTS,sports_soccer,BRASILEIROC,props,1435.77,66.62,maker_free(census),rule,Sports,quadraticx1
KXBBSERIEA2GAME,sports_basketball,BBSERIEA,game,1432.82,104.0,UNKNOWN,rule,,
KXSPORTGOODSADS,company_kpi_altdata,,,1432.55,13.88,UNKNOWN,rule,,
KXGRUBHUBAPP,company_kpi_altdata,,,1427.19,27.38,UNKNOWN,rule,,
KXLNBELITESPREAD,sports_basketball,LNBELITE,spread,1416.23,229.88,UNKNOWN,rule,,
KXCAVAFT,company_kpi_altdata,,,1415.43,21.0,UNKNOWN,rule,,
KXALANIPOS,company_kpi_altdata,,,1412.98,27.12,UNKNOWN,rule,,
KXSESBLGAME,sports_basketball,SESBL,game,1405.41,116.0,UNKNOWN,rule,,
KXBUDLIGHTPOS,company_kpi_altdata,,,1396.36,28.38,UNKNOWN,rule,,
KXLOWTSFO,weather_climate,,,1394.74,270.62,maker_free(census),rule,Climate and Weather,quadraticx1
KXAUTBSLGAME,sports_basketball,AUTBSL,game,1385.28,108.12,UNKNOWN,rule,,
KXCHNL1BTTS,sports_soccer,CHNL1,props,1384.89,130.38,UNKNOWN,rule,,
KXNOBELPEACE,politics_geopolitics,,,1382.89,185.0,maker_free(census),rule,Politics,quadraticx1
KXTRUMPRENAMEACTION,politics_geopolitics,,,1377.9,30.88,UNKNOWN,rule,,
KXYTTOPVIDEO2D,entertainment_culture,,,1375.13,145.38,UNKNOWN,rule,,
KXNCAAFB10,sports_football_us,NCAAF,futures,1368.89,81.62,maker_fee,rule,Sports,quadratic_with_maker_feesx1
KXSLBTOTAL,sports_basketball,SLB,total,1363.35,62.0,UNKNOWN,rule,,
KXEARNINGSMENTIONDPZ,mentions,,,1360.4,52.88,maker_free(census),rule,Mentions,quadraticx1
KXTOPMODEL,tech_ai,,,1356.62,220.12,maker_free(census),rule,Science and Technology,quadraticx1
KXBSLSPREAD,sports_basketball,BSL,spread,1351.52,142.88,UNKNOWN,rule,,
HOUSEMI7,politics_geopolitics,,,1343.9,15.25,maker_free(census),rule,Elections,quadraticx1
KXEUROCUPTOTAL,sports_basketball,EUROCUP,total,1331.2,152.88,UNKNOWN,rule,,
KXEUROCUPSPREAD,sports_basketball,EUROCUP,spread,1325.76,96.5,UNKNOWN,rule,,
KXLNBELITETOTAL,sports_basketball,LNBELITE,total,1319.75,96.38,UNKNOWN,rule,,
KXOSCARNOMACTO,entertainment_culture,,,1318.83,156.0,maker_free(census),rule,Entertainment,quadraticx1
KXXRPMAXY-XRP,crypto_daily_longer,,,1317.78,107.0,UNKNOWN,rule,,
KXCTMFPERMITS,rates_macro,,,1316.28,23.75,UNKNOWN,rule,,
KXLOWTNOLA,weather_climate,,,1314.79,234.5,maker_free(census),rule,Climate and Weather,quadraticx1
KXUNDERHARRIS,politics_geopolitics,,,1312.63,21.88,UNKNOWN,rule,,
KXCBDECISIONCANADA,rates_macro,,,1309.35,109.12,maker_free(census),rule,Economics,quadraticx1
KXAMZN,company_earnings,,,1307.68,10.88,UNKNOWN,rule,,
KXSCPORTTEU,rates_macro,,,1306.37,7.38,UNKNOWN,rule,,
KXARGNACBSPREAD,sports_soccer,ARGNACB,spread,1306.15,114.25,maker_free(census),rule,Sports,quadraticx1
KXHORMUZMAX,politics_geopolitics,,,1302.34,80.12,maker_free(census),rule,Politics,quadraticx1
KXTRUMPSTATES,politics_geopolitics,,,1298.59,20.0,maker_free(census),rule,Politics,quadraticx1
KXNBAGAME,sports_basketball,NBA,game,1297.81,178.75,UNKNOWN(likely maker_fee),rule,,
KXUSCHINAAISAFETY,tech_ai,,,1296.37,133.25,UNKNOWN,rule,,
KXWHPRESSBANCOURT,politics_geopolitics,,,1293.25,10.25,UNKNOWN,rule,,
KXHIGHTEWR,weather_climate,,,1287.64,225.38,maker_free(census),rule,,
GOVPARTYNH,politics_geopolitics,,,1279.91,11.0,maker_free(census),rule,Elections,quadraticx1
KXRAINMIAM,weather_climate,,,1271.22,197.25,maker_free(census),rule,Climate and Weather,quadraticx1
KXMLBTEAMSTAT,sports_baseball,MLB,futures,1269.73,36.62,maker_free(census),rule,Sports,quadraticx1
KXETHMAXY,crypto_daily_longer,,,1266.18,90.0,maker_free(census),rule,Crypto,quadraticx1
KXEFLL11HTOTAL,sports_soccer,EFLL1,total,1251.65,105.5,UNKNOWN,rule,,
KXNFLTOTALTD,sports_football_us,NFL,props,1246.78,93.75,UNKNOWN,rule,,
KXLOWTSATX,weather_climate,,,1234.36,201.62,maker_free(census),rule,Climate and Weather,quadraticx1
KXLEADERWNBAAST,sports_basketball,WNBA,props,1232.75,39.88,maker_free(census),rule,Sports,quadraticx1
KXRAINSEAM,weather_climate,,,1232.49,167.0,maker_free(census),rule,Climate and Weather,quadraticx1
KXA100WS,tech_ai,,,1228.61,21.75,UNKNOWN(likely maker_fee: GPU-price series added 2026-09-03),guess,Financials,quadraticx1
KXLKLTOTAL,sports_basketball,LKL,total,1228.02,63.5,UNKNOWN,rule,,
KXWHVISIT,politics_geopolitics,,,1227.75,18.12,maker_free(census),rule,Politics,quadraticx1
KXWNBAWORSTREC,sports_basketball,WNBA,futures,1227.68,4.25,maker_free(census),rule,Sports,quadraticx1
KXBLUETRICKLECOMBO,politics_geopolitics,,,1225.12,2.12,UNKNOWN,rule,,
KXGOLDDIRY,commodities_fx_other,,,1220.05,139.75,maker_free(census),rule,Commodities,quadraticx1
KXMLS2HTOTAL,sports_soccer,MLS,total,1215.51,254.25,UNKNOWN(likely maker_fee),rule,,
KXCOPADELREYSPREAD,sports_soccer,COPADELREY,spread,1214.91,25.75,UNKNOWN,rule,,
KXSOFRD,rates_macro,,,1212.77,109.25,UNKNOWN,rule,,
KXLAYOFFSYINFO,rates_macro,,,1208.91,42.88,zero_fee,rule,Economics,quadraticx0
KXOWGAME,sports_esports,OW,game,1205.8,160.5,UNKNOWN,rule,,
KXPUREALBUMS,entertainment_culture,,,1199.07,116.38,maker_free(census),rule,Entertainment,quadraticx1
GOVPARTYAL,politics_geopolitics,,,1196.97,38.38,maker_free(census),rule,Elections,quadraticx1
KXDPWTTOP5,sports_golf,DPWORLDTOUR,props,1189.96,41.38,UNKNOWN,rule,,
KXROLEATEVENTCOACHELLA,entertainment_culture,,,1186.53,88.0,maker_free(census),rule,Entertainment,quadraticx1
KXLEAVECALDWELL,politics_geopolitics,,,1180.83,5.5,UNKNOWN,rule,,
KXMELANIAMENTION,mentions,,,1178.89,161.5,UNKNOWN,rule,,
KXDIESELELECT,macro_gas_prices,,,1175.57,26.5,UNKNOWN,rule,,
KXANFCC,company_kpi_altdata,,,1170.23,26.38,UNKNOWN,rule,,
KXUSDJPY,commodities_fx_other,,,1169.33,183.38,maker_free(census),rule,Financials,quadraticx1
KXCCL,company_earnings,,,1168.7,85.38,maker_free(census),rule,Financials,quadraticx1
GOVPARTYAZ,politics_geopolitics,,,1166.92,15.38,maker_free(census),rule,Elections,quadraticx1
KXDROZMENTION,mentions,,,1166.77,99.62,UNKNOWN,rule,,
KXCOSTCC,company_kpi_altdata,,,1164.78,28.12,UNKNOWN,rule,,
KXUSDCADAW,commodities_fx_other,,,1155.98,49.62,maker_free(census),rule,Financials,quadraticx1
KXMLS2HSPREAD,sports_soccer,MLS,period,1145.73,90.88,UNKNOWN,rule,,
KXLOWCC,weather_climate,,,1143.48,12.75,UNKNOWN,rule,,
KXGTEMP,weather_climate,,,1139.16,75.75,maker_free(census),rule,Climate and Weather,quadraticx1
KXINXMAXY,equity_indices,,,1139.08,110.75,maker_free(census),rule,Financials,quadraticx1
KXRIVN,company_earnings,,,1134.82,25.12,maker_free(census),rule,Financials,quadraticx1
KXUST30A,rates_macro,,,1117.34,39.75,maker_free(census),rule,Financials,quadraticx1
KXLCPIMAXYOY,rates_macro,,,1116.21,18.38,maker_free(census),rule,Economics,quadraticx1
KXCOMPANYACTIONMERGER,company_earnings,,,1109.43,53.12,maker_free(census),rule,Financials,quadraticx1
KXWNBASERIESSCORE,sports_basketball,WNBA,futures,1102.05,27.12,UNKNOWN,rule,,
KXAAAGASED,macro_gas_prices,,,1101.21,54.75,maker_free(census),rule,Economics,quadraticx1
KXCOTTONCANDYLOBSTER,entertainment_culture,,,1100.69,4.38,maker_free(census),rule,Entertainment,quadraticx1
KXLYFTAPP,company_kpi_altdata,,,1099.14,10.38,UNKNOWN,rule,,
KXEARNINGSMENTIONACN,mentions,,,1094.97,65.62,UNKNOWN,rule,,
KXNHL3PSPREAD,sports_hockey,NHL,period,1094.97,115.12,UNKNOWN,rule,,
KXEARNINGSMENTIONBAC,mentions,,,1094.58,140.62,UNKNOWN,rule,,
KXHOUSETX35,politics_geopolitics,,,1093.93,26.38,maker_free(census),rule,Elections,quadraticx1
KXNFLNEXTCOACHOUT,sports_football_us,NFL,futures,1086.62,58.12,UNKNOWN,rule,,
KXUCLTOP,sports_soccer,UCL,futures,1084.64,142.5,UNKNOWN,rule,,
KXBALLONDORRANK,sports_soccer,SOCCERMISC,futures,1083.27,66.5,UNKNOWN,rule,,
KXFTNMENTION,mentions,,,1071.46,146.5,UNKNOWN,rule,,
KXCELSIUSPOS,company_kpi_altdata,,,1070.71,18.12,UNKNOWN,rule,,
KXBBSERIEATOTAL,sports_basketball,BBSERIEA,total,1062.79,79.0,UNKNOWN,rule,,
KXSPORTSBOOKADS,company_kpi_altdata,,,1060.47,48.62,UNKNOWN,rule,,
KXXRPMAXMON-XRP,crypto_daily_longer,,,1055.7,109.5,UNKNOWN,rule,,
KXKNVBCUPBTTS,sports_soccer,KNVBCUP,props,1050.51,52.5,UNKNOWN,rule,,
KXEARNINGSMENTIONGOOGL,mentions,,,1049.99,104.25,UNKNOWN,rule,,
KXRAINDALM,weather_climate,,,1049.33,300.62,maker_free(census),rule,Climate and Weather,quadraticx1
KXNHL2PSPREAD,sports_hockey,NHL,period,1046.63,119.62,UNKNOWN,rule,,
KXMLBSEASONHR,sports_baseball,MLB,futures,1044.58,25.12,maker_free(census),rule,Sports,quadraticx1
KXTRUMPCHINA,politics_geopolitics,,,1034.49,6.38,UNKNOWN,rule,,
KXDPWTTOP10,sports_golf,DPWORLDTOUR,props,1031.51,53.88,UNKNOWN,rule,,
KXLEADERMLBERA,sports_baseball,MLB,props,1028.64,40.62,maker_free(census),rule,Sports,quadraticx1
KXEARNINGSMENTIONWFC,mentions,,,1026.01,145.0,UNKNOWN,rule,,
KXALTMANMENTION,mentions,,,1023.45,65.88,UNKNOWN,rule,,
KXMLBDEBUT,sports_baseball,MLB,props,1018.6,21.88,maker_free(census),rule,Sports,quadraticx1
KXAMUSEMENTADS,company_kpi_altdata,,,1017.47,16.88,UNKNOWN,rule,,
KXNFLFFLEADER,sports_football_us,NFL,props,1016.14,205.0,UNKNOWN,rule,,
KXCBDECISIONAUSTRALIA,rates_macro,,,1014.81,31.38,maker_free(census),rule,Economics,quadraticx1
KXNHLSAVE,sports_hockey,NHL,props,1012.45,56.75,UNKNOWN,rule,,
KXNETFLIXTOPVIEWSTV,entertainment_culture,,,1008.15,52.88,maker_free(census),rule,Entertainment,quadraticx1
KXWNBASEMIFINAL,sports_basketball,WNBA,futures,1007.8,69.5,maker_free(census),rule,Sports,quadraticx1
KXNFL2QBTTS,sports_football_us,NFL,period,1006.27,102.12,UNKNOWN,rule,,
KXEXITPOLLISSUE,politics_geopolitics,,,996.84,15.75,UNKNOWN,rule,,
KXART,entertainment_culture,,,995.96,16.38,maker_free(census),rule,Entertainment,quadraticx1
KXUFCLIGHTWEIGHTTITLE,sports_combat,UFC,futures,994.77,218.0,maker_free(census),rule,Sports,quadraticx1
KXEARNINGSMENTIONPLTR,mentions,,,991.41,123.88,maker_free(census),rule,Mentions,quadraticx1
KXNFLSEASONPASSYDS,sports_football_us,NFL,futures,991.28,108.38,maker_free(census),rule,Sports,quadraticx1
KXEMERCUTS,rates_macro,,,989.16,4.62,maker_free(census),rule,Economics,quadraticx1
KXNETFLIXRANKMOVIERUNNERUP,entertainment_culture,,,988.62,107.38,maker_free(census),rule,Entertainment,quadraticx1
KXHOODA,company_kpi_altdata,,,985.99,23.75,maker_free(census),rule,Companies,quadraticx1
KXROCKHOF,entertainment_culture,,,972.27,9.75,UNKNOWN,rule,,
KXMCDMENTION,mentions,,,966.63,99.25,UNKNOWN,rule,,
KXJOINLEAGUE,sports_sports_misc,MISC,futures,963.8,21.0,maker_free(census),rule,Sports,quadraticx1
KXQUEBECASSEMBLY,politics_geopolitics,,,954.79,6.88,maker_free(census),rule,Elections,quadraticx1
KXGER3LBTTS,sports_soccer,GER3L,props,952.86,42.75,UNKNOWN,rule,,
KXNCAAFCUSA,sports_football_us,NCAAF,futures,946.41,32.12,maker_free(census),rule,Sports,quadraticx1
KXFANDUELAPP,company_kpi_altdata,,,945.22,17.38,UNKNOWN,rule,,
HOUSETX28,politics_geopolitics,,,944.67,3.75,maker_free(census),rule,Elections,quadraticx1
KXNHL1PSPREAD,sports_hockey,NHL,period,927.2,89.88,UNKNOWN,rule,,
KXNFLEQBTTS,sports_football_us,NFL,props,923.8,85.12,UNKNOWN,rule,,
KXUSIRANMEETING,politics_geopolitics,,,919.27,58.5,UNKNOWN,rule,,
KXDIESELMAXY,macro_gas_prices,,,918.85,71.25,UNKNOWN,rule,,
KXEARNINGSMENTIONC,mentions,,,916.3,91.88,UNKNOWN,rule,,
KXGREENLANDPRICE,politics_geopolitics,,,916.23,32.25,maker_free(census),rule,Politics,quadraticx1
KXWNBAALLROOKIE,sports_basketball,WNBA,futures,914.09,17.62,maker_free(census),rule,Sports,quadraticx1
HOUSENM2,politics_geopolitics,,,911.8,5.38,maker_free(census),rule,Elections,quadraticx1
KXNCAAFH2HWINS,sports_football_us,NCAAF,futures,909.62,11.12,maker_free(census),rule,Sports,quadraticx1
KXFEDCHGCOUNT,rates_macro,,,909.6,14.5,maker_free(census),rule,Economics,quadraticx1
KXVOTEBR1,politics_geopolitics,,,907.54,40.25,UNKNOWN,rule,,
KXNJGOLFVISITCOUNT,politics_geopolitics,,,905.75,24.38,maker_free(census),rule,Politics,quadraticx1
KXCODINGMODEL,tech_ai,,,904.83,64.88,maker_free(census),rule,Science and Technology,quadraticx1
KXUST5A,rates_macro,,,899.19,30.38,maker_free(census),rule,Financials,quadraticx1
KXVTBTOTAL,sports_basketball,VTB,total,896.94,46.25,UNKNOWN,rule,,
GOVPARTYOK,politics_geopolitics,,,896.5,12.75,maker_free(census),rule,Elections,quadraticx1
KXSUEZWEEKLY,politics_geopolitics,,,892.12,24.25,maker_free(census),rule,Politics,quadraticx1
KXTXSENOUTCOME,politics_geopolitics,,,889.3,23.0,maker_free(census),rule,Elections,quadraticx1
KXEARNINGSMENTIONACI,mentions,,,889.1,93.0,UNKNOWN,rule,,
KXKYBOURBONBARRELS,rates_macro,,,884.23,7.62,UNKNOWN,rule,,
KXSILVERMON,commodities_fx_other,,,883.17,53.75,maker_free(census),rule,Commodities,quadraticx1
KXNFL1SEED,sports_football_us,NFL,futures,881.92,94.12,maker_free(census),rule,Sports,quadraticx1
KXLEADERMLBRBI,sports_baseball,MLB,props,880.15,74.0,maker_free(census),rule,Sports,quadraticx1
KXUSDCHFAW,commodities_fx_other,,,877.0,46.0,maker_free(census),rule,Financials,quadraticx1
KXPGARYDER,sports_golf,PGA,props,876.4,60.75,maker_fee,rule,Sports,quadratic_with_maker_feesx1
KXATTYGENMN,politics_geopolitics,,,876.02,15.12,maker_free(census),rule,Elections,quadraticx1
KXSLBSPREAD,sports_basketball,SLB,spread,872.37,44.0,UNKNOWN,rule,,
KXEURUSD,commodities_fx_other,,,868.33,140.5,maker_free(census),rule,Financials,quadraticx1
KXMLBSERIESGAMES,sports_baseball,MLB,futures,866.74,20.88,UNKNOWN,rule,,
HOUSEAKAL,politics_geopolitics,,,865.4,10.25,maker_free(census),rule,Elections,quadraticx1
SENATECO,politics_geopolitics,,,865.13,6.12,maker_free(census),rule,Elections,quadraticx1
KXUSHOMEINVENT,rates_macro,,,860.46,19.88,UNKNOWN,rule,,
KXNCAAFACC,sports_football_us,NCAAF,futures,857.53,67.0,maker_fee,rule,Sports,quadratic_with_maker_feesx1
KXRANKLIST1SONG,entertainment_culture,,,856.27,5.62,maker_free(census),rule,Entertainment,quadraticx1
KXCVNA,company_earnings,,,853.88,8.62,maker_free(census),rule,Financials,quadraticx1
KXNBAPLAYOFF,sports_basketball,NBA,futures,852.66,51.25,maker_free(census),rule,Sports,quadraticx1
KXNFLSEASONRSHYDS,sports_football_us,NFL,futures,851.13,74.0,maker_free(census),rule,Sports,quadraticx1
KXNFLTSPEC,sports_football_us,NFL,props,849.77,82.25,maker_free(census),rule,Sports,quadraticx1
KXPGA3BALL,sports_golf,PGA,props,848.13,10.88,UNKNOWN,rule,,
KXCAWEALTHTAXMOVD,politics_geopolitics,,,846.66,22.25,UNKNOWN,rule,,
KXLEADERMLBKS,sports_baseball,MLB,props,845.25,66.25,maker_free(census),rule,Sports,quadraticx1
KXSPRITEPOS,company_kpi_altdata,,,843.49,15.25,UNKNOWN,rule,,
KXNFL4QBTTS,sports_football_us,NFL,period,842.62,68.25,UNKNOWN,rule,,
KXISMPMI,rates_macro,,,841.86,18.25,maker_free(census),rule,Economics,quadraticx1
KXEARNINGSMENTIONJPM,mentions,,,839.05,88.62,UNKNOWN,rule,,
KXTOPARTIST,entertainment_culture,,,837.7,122.75,maker_free(census),rule,Entertainment,quadraticx1
KXLIGAMX,sports_soccer,LIGAMX,futures,836.82,190.62,maker_free(census),rule,Sports,quadraticx1
KXTRUMPAPPROVALBELOW,politics_geopolitics,,,835.31,77.75,maker_free(census),rule,Politics,quadraticx1
HOUSEIA3,politics_geopolitics,,,831.4,4.0,maker_free(census),rule,Elections,quadraticx1
KXCA11PERSON,politics_geopolitics,,,828.25,23.62,maker_free(census),rule,Elections,quadraticx1
KXLOWTEWR,weather_climate,,,827.23,108.25,UNKNOWN,rule,,
KXDGCC,company_kpi_altdata,,,825.42,16.62,UNKNOWN,rule,,
KXMLBOPENINGDAY,sports_baseball,MLB,futures,822.39,18.5,UNKNOWN,rule,,
KXNATGASMON,commodities_fx_other,,,822.05,47.5,maker_free(census),rule,Commodities,quadraticx1
KXTORNADO,weather_climate,,,821.38,66.38,maker_free(census),rule,Climate and Weather,quadraticx1
KXSGFT,company_kpi_altdata,,,820.7,8.0,UNKNOWN,rule,,
KXGRAMMY,entertainment_culture,,,820.49,30.25,UNKNOWN,rule,,
KXUST2A,rates_macro,,,816.17,41.0,maker_free(census),rule,Financials,quadraticx1
KXHURRICANE,weather_climate,,,816.11,43.25,maker_free(census),rule,Climate and Weather,quadraticx1
KXBRPRESIDENT3,politics_geopolitics,,,815.36,36.25,maker_free(census),rule,Elections,quadraticx1
KXKNVBCUPSPREAD,sports_soccer,KNVBCUP,spread,814.88,89.75,UNKNOWN,rule,,
KXCOPADELREYSCORE,sports_soccer,COPADELREY,props,814.69,13.75,UNKNOWN,rule,,
KXALBUMDEBUT,entertainment_culture,,,812.2,21.62,maker_free(census),rule,Entertainment,quadraticx1
KXPSAKIMENTION,mentions,,,810.85,115.88,UNKNOWN,rule,,
KXWAAEROEMP,rates_macro,,,808.62,4.25,UNKNOWN,rule,,
KXFEDERALCHARGE,rates_macro,,,804.83,113.62,maker_free(census),rule,Politics,quadraticx1
KXPCEHEAD,rates_macro,,,799.54,10.5,UNKNOWN,rule,,
KXFINYLSPREAD,sports_soccer,FINYL,spread,796.99,76.88,UNKNOWN,rule,,
KXNBAMVP,sports_basketball,NBA,futures,793.81,60.75,maker_fee,rule,Sports,quadratic_with_maker_feesx1
KXTRUMPENDORSEMENTS,politics_geopolitics,,,787.17,28.62,maker_free(census),rule,Politics,quadraticx1
KXTARIFFAGREE,politics_geopolitics,,,786.5,22.12,UNKNOWN,rule,,
KXAAAGASWNJ,macro_gas_prices,,,779.77,43.5,UNKNOWN,rule,,
KXRENTFREEZEEFFECT,politics_geopolitics,,,778.1,7.25,maker_free(census),rule,Politics,quadraticx1
KXNCAAFSBELT,sports_football_us,NCAAF,futures,777.09,33.88,maker_free(census),rule,Sports,quadraticx1
KXRELOCATIONCHI,sports_sports_misc,MISC,futures,776.37,27.62,maker_free(census),rule,Sports,quadraticx1
KXSWEDENPM,politics_geopolitics,,,769.99,29.25,maker_free(census),rule,Elections,quadraticx1
KXDIESELYE,macro_gas_prices,,,768.11,27.12,UNKNOWN,rule,,
KXPERSONMENTION,mentions,,,768.09,57.62,UNKNOWN,rule,,
KXNFLXAPP,sports_football_us,NFL,props,765.94,14.0,UNKNOWN,rule,,
KXNFLSTAGEOFELIM,sports_football_us,NFL,futures,762.12,36.0,maker_free(census),rule,Sports,quadraticx1
KXXIAICEOMEET,other,,,762.09,38.0,UNKNOWN,guess,,
KXGEMINIAPP,tech_ai,,,761.27,8.25,UNKNOWN,rule,,
KXVALORANT,sports_esports,VALORANT,futures,760.35,207.0,UNKNOWN,rule,,
KXCBDSWISS,rates_macro,,,759.25,48.38,UNKNOWN,rule,,
KXMLBWORSTRECORD,sports_baseball,MLB,futures,757.73,25.0,maker_free(census),rule,Sports,quadraticx1
KXEARNINGSMENTIONSFM,mentions,,,756.02,72.12,UNKNOWN,rule,,
KXNOTE10Y,rates_macro,,,754.68,42.75,maker_free(census),rule,Financials,quadraticx1
KXCRYPTORETURNY,crypto_daily_longer,,,752.76,107.88,maker_free(census),rule,Crypto,quadraticx1
KXNFLDRAFTPICK,sports_football_us,NFL,futures,752.6,125.88,maker_free(census),rule,Sports,quadraticx1
KXEARNINGSMENTIONPEP,mentions,,,751.85,40.0,UNKNOWN,rule,,
KXKHANNAMENTION,mentions,,,749.64,69.62,UNKNOWN,rule,,
KXUSL1HBTTS,sports_soccer,USL,period,744.57,101.38,maker_free(census),rule,Sports,quadraticx1
HOUSEOH9,politics_geopolitics,,,743.36,5.88,maker_free(census),rule,Elections,quadraticx1
KXNETFLIXRANKSHOWRUNNERUP,entertainment_culture,,,742.05,64.88,maker_free(census),rule,Entertainment,quadraticx1
KXREDDESTDSEN,politics_geopolitics,,,739.3,71.75,UNKNOWN,rule,,
KXWALLERMENTION,mentions,,,738.55,68.88,UNKNOWN,rule,,
KXTRUMPAICZARWHEN,tech_ai,,,737.63,24.88,UNKNOWN,rule,,
KXTXSENGOVCOMBO,politics_geopolitics,,,737.46,23.0,UNKNOWN,rule,,
KXEARNINGSMENTIONCAVA,mentions,,,735.77,73.62,maker_free(census),rule,Mentions,quadraticx1
KXFURYJOSHUA,sports_combat,BOXING,futures,728.07,19.75,maker_free(census),rule,Sports,quadraticx1
KXMLSEAST,sports_soccer,MLS,futures,727.6,73.25,maker_free(census),rule,Sports,quadraticx1
KXNCAAFFINALIST,sports_football_us,NCAAF,futures,727.4,124.38,maker_free(census),rule,Sports,quadraticx1
KXCRYPTOSTRUCTURE,crypto_daily_longer,,,727.18,65.0,maker_free(census),rule,Politics,quadraticx1
KXWNBASERIESGAMES,sports_basketball,WNBA,futures,727.1,4.88,UNKNOWN,rule,,
KXLOWTTTN,weather_climate,,,724.98,82.12,UNKNOWN,rule,,
KXTWEEDEDIVBTTS,sports_soccer,TWEEDEDIV,props,724.46,51.5,UNKNOWN,rule,,
KXNEXTTEAMNHL,sports_hockey,NHL,futures,719.65,78.62,maker_free(census),rule,Sports,quadraticx1
KXTGTCC,company_kpi_altdata,,,719.32,26.12,UNKNOWN,rule,,
KXATP1RANK,sports_tennis,ATP,futures,717.67,38.25,maker_free(census),rule,Sports,quadraticx1
KXDSENATESEATSH,politics_geopolitics,,,713.46,14.0,maker_free(census),rule,Elections,quadraticx1
KXVSXY,company_kpi_altdata,,,710.83,6.88,UNKNOWN,rule,,
KXCOPADELREYADVANCE,sports_soccer,COPADELREY,props,704.66,10.5,UNKNOWN,rule,,
KXUBERAPP,company_kpi_altdata,,,703.75,33.5,UNKNOWN,rule,,
KXLOCALLAW,commodities_fx_other,,,699.06,11.38,UNKNOWN,rule,,
KXPGATOP5,sports_golf,PGA,props,696.74,28.12,UNKNOWN,rule,,
KXHURPATHHAWAII,weather_climate,,,693.32,92.62,UNKNOWN,rule,,
KXBRASILEIROB1HSPREAD,sports_soccer,BRASILEIROB,period,693.2,53.0,maker_free(census),rule,Sports,quadraticx1
KXPEACOCKAPP,company_kpi_altdata,,,692.54,20.88,UNKNOWN,rule,,
KXWYCOAL,rates_macro,,,690.65,10.75,UNKNOWN,rule,,
KXOSCARNOMACTR,entertainment_culture,,,690.24,35.75,maker_free(census),rule,Entertainment,quadraticx1
KXNFL3QBTTS,sports_football_us,NFL,period,686.36,90.62,UNKNOWN,rule,,
KXDDR5EMS,tech_ai,,,686.24,18.0,UNKNOWN(likely maker_fee: GPU-price series added 2026-09-03),guess,Financials,quadraticx1
KXRAINHOUM,weather_climate,,,686.12,69.25,maker_free(census),rule,Climate and Weather,quadraticx1
KXAAAGASMAXM,macro_gas_prices,,,686.01,93.88,UNKNOWN,rule,,
KXNFLSEASONRECYDS,sports_football_us,NFL,futures,683.48,100.0,maker_free(census),rule,Sports,quadraticx1
KXUALCC,company_kpi_altdata,,,681.71,15.25,UNKNOWN,rule,,
KXHARRISSTATEGOP,politics_geopolitics,,,680.76,16.38,UNKNOWN,rule,,
KXAXP,company_earnings,,,678.54,11.88,maker_free(census),rule,Financials,quadraticx1
KXSLBGAME,sports_basketball,SLB,game,678.54,61.25,UNKNOWN,rule,,
KXGOVAK,politics_geopolitics,,,677.88,37.25,maker_free(census),rule,Elections,quadraticx1
KXNCAAFMAC,sports_football_us,NCAAF,futures,677.73,42.62,maker_free(census),rule,Sports,quadraticx1
KXGRAMMYNOMSOTY,entertainment_culture,,,673.36,13.62,maker_free(census),rule,Entertainment,quadraticx1
KXMILLERLITEPOS,company_kpi_altdata,,,672.32,4.75,UNKNOWN,rule,,
KXSONGRELEASE,entertainment_culture,,,669.88,8.0,maker_free(census),rule,Entertainment,quadraticx1
KXPOKEMON,entertainment_culture,,,669.55,46.62,maker_free(census),rule,Entertainment,quadraticx1
KXTRUMPMEETING,politics_geopolitics,,,667.06,45.88,maker_free(census),rule,Politics,quadraticx1
KXNFLFFWEEKLEAD,sports_football_us,NFL,props,665.04,61.38,UNKNOWN,rule,,
KXBLUESTRSEN,politics_geopolitics,,,663.97,40.25,UNKNOWN,rule,,
KXEARNINGSMENTIONHIMS,mentions,,,663.75,66.88,maker_free(census),rule,Mentions,quadraticx1
KXFORTNITE,entertainment_culture,,,662.89,77.62,UNKNOWN,rule,,
KXNFLLADDERRSHYDS,sports_football_us,NFL,props,661.98,55.75,UNKNOWN,rule,,
KXSENATELA,politics_geopolitics,,,661.38,13.38,maker_free(census),rule,Elections,quadraticx1
KXDDR5MS,tech_ai,,,661.32,11.62,UNKNOWN(likely maker_fee: GPU-price series added 2026-09-03),guess,Financials,quadraticx1
KXLIGAMX2HSPREAD,sports_soccer,LIGAMX,period,659.51,89.38,UNKNOWN,rule,,
KXUALA,company_kpi_altdata,,,650.38,10.25,maker_free(census),rule,Companies,quadraticx1
KXBOIPASSENGERS,rates_macro,,,647.44,2.38,UNKNOWN,rule,,
KXWNBAPLAYOFFHOST,sports_basketball,WNBA,futures,644.54,13.0,UNKNOWN,rule,,
KXNFLSFTY,sports_football_us,NFL,props,643.81,291.62,UNKNOWN,rule,,
KXLEADERMLBDOUBLES,sports_baseball,MLB,game,643.03,14.38,maker_free(census),rule,Sports,quadraticx1
KXNBAWEST,sports_basketball,NBA,futures,642.1,25.0,maker_fee,rule,Sports,quadratic_with_maker_feesx1
KXZMMENTION,mentions,,,641.04,94.62,UNKNOWN,rule,,
KXALLINMENTION,mentions,,,640.5,125.0,UNKNOWN,rule,,
KXVOTECOUNTY,politics_geopolitics,,,637.7,21.62,UNKNOWN,rule,,
KXARTISTSTREAMSY,entertainment_culture,,,631.99,85.62,maker_free(census),rule,Entertainment,quadraticx1
KXTARIFFCHECKS,politics_geopolitics,,,631.41,90.25,maker_free(census),rule,Politics,quadraticx1
KXRANKLISTGOOGLESEARCH,entertainment_culture,,,629.47,111.0,maker_free(census),rule,Entertainment,quadraticx1
KXKSSENGOVCOMBO,politics_geopolitics,,,629.21,17.38,maker_free(census),rule,Elections,quadraticx1
KXTOPARTISTUSA,entertainment_culture,,,626.83,98.25,maker_free(census),rule,Entertainment,quadraticx1
KXLEADERWNBAPTS,sports_basketball,WNBA,props,626.75,1.5,maker_free(census),rule,Sports,quadraticx1
KXTRUMPOUT27,politics_geopolitics,,,626.33,29.25,maker_free(census),rule,Politics,quadraticx1
KXHEGSETHOUT,politics_geopolitics,,,625.87,101.5,maker_free(census),rule,Politics,quadraticx1
HOUSETX34,politics_geopolitics,,,624.67,15.0,maker_free(census),rule,Elections,quadraticx1
KXLIGAMX2HBTTS,sports_soccer,LIGAMX,period,623.68,70.12,UNKNOWN,rule,,
KXAGICO,tech_ai,,,623.42,26.5,maker_free(census),rule,Science and Technology,quadraticx1
KXB200MS,tech_ai,,,622.94,6.0,UNKNOWN(likely maker_fee: GPU-price series added 2026-09-03),guess,Financials,quadraticx1
KXEARNINGSMENTIONMKC,mentions,,,622.01,33.75,UNKNOWN,rule,,
KXNASDAQ100Y,equity_indices,,,618.85,80.12,maker_fee,rule,Financials,quadratic_with_maker_feesx1
KXECONSTATCPI,rates_macro,,,610.34,41.75,maker_free(census),rule,Economics,quadraticx1
KXPAGAS,macro_gas_prices,,,607.47,3.62,UNKNOWN,rule,,
KXCHESSFIDERATINGTOP,sports_chess,CHESS,futures,604.94,13.75,maker_free(census),rule,Sports,quadraticx1
KXCBDECISIONEU,rates_macro,,,603.63,34.25,maker_free(census),rule,Economics,quadraticx1
KXFITNESSADS,company_kpi_altdata,,,601.36,74.12,UNKNOWN,rule,,
KXVTBSPREAD,sports_basketball,VTB,spread,601.07,47.0,UNKNOWN,rule,,
KXLAUNCHES,tech_ai,,,600.58,23.5,UNKNOWN,rule,,
KXDOESPRTENDER,other,,,597.81,9.62,UNKNOWN,guess,,
KXFIRSTHURRICANE,weather_climate,,,596.64,159.88,maker_free(census),rule,Climate and Weather,quadraticx1
KXECONSTATCPIYOY,rates_macro,,,591.73,25.38,maker_free(census),rule,Economics,quadraticx1
KXEARNINGSMENTIONNVDA,mentions,,,591.55,62.5,maker_free(census),rule,Mentions,quadraticx1
KXLOWTSAN,weather_climate,,,590.95,115.0,UNKNOWN,rule,,
KXHOUSEPOPVOTEMARGIND,politics_geopolitics,,,589.21,6.5,UNKNOWN,rule,,
KXNFLTRADE,sports_football_us,NFL,futures,585.87,30.0,maker_free(census),rule,Sports,quadraticx1
HOUSENJ7,politics_geopolitics,,,577.81,16.38,maker_free(census),rule,Elections,quadraticx1
KXDPZ,company_earnings,,,576.97,15.25,maker_free(census),rule,Financials,quadraticx1
KXNHSALES,rates_macro,,,575.16,24.25,maker_free(census),rule,Economics,quadraticx1
KXDKNGAPP,company_kpi_altdata,,,573.05,14.62,UNKNOWN,rule,,
KXVIDEOGAMESADS,company_kpi_altdata,,,569.09,16.0,UNKNOWN,rule,,
GOVPARTYIL,politics_geopolitics,,,566.33,7.0,maker_free(census),rule,Elections,quadraticx1
KXYTTOPVIDEOG2D,entertainment_culture,,,559.69,139.25,UNKNOWN,rule,,
KXBNBMINMON-BNB,crypto_daily_longer,,,558.2,2.62,UNKNOWN,rule,,
SENATEMT,politics_geopolitics,,,557.9,33.0,maker_free(census),rule,Elections,quadraticx1
KXMCDCC,company_kpi_altdata,,,553.01,10.88,UNKNOWN,rule,,
KXUE,rates_macro,,,552.38,32.88,maker_free(census),rule,Economics,quadraticx1
KXSAVEACT,politics_geopolitics,,,549.38,99.75,maker_free(census),rule,Politics,quadraticx1
KXBRASILEIROCSPREAD,sports_soccer,BRASILEIROC,spread,546.51,31.75,maker_free(census),rule,Sports,quadraticx1
KXBTCMINMON-BTC,crypto_daily_longer,,,546.5,100.62,UNKNOWN,rule,,
KXMLBALMOTY,sports_baseball,MLB,futures,545.36,45.12,maker_free(census),rule,Sports,quadraticx1
KXCBDECISIONJAPAN,rates_macro,,,545.11,17.0,maker_free(census),rule,Economics,quadraticx1
GOVPARTYTN,politics_geopolitics,,,544.79,28.25,maker_free(census),rule,Elections,quadraticx1
KXTOURCANCEL-LOOP,entertainment_culture,,,542.59,22.0,UNKNOWN,rule,,
HOUSEPA7,politics_geopolitics,,,540.81,12.38,maker_free(census),rule,Elections,quadraticx1
KXBROSFT,company_kpi_altdata,,,540.53,10.75,UNKNOWN,rule,,
GOVPARTYMI,politics_geopolitics,,,540.3,32.88,maker_free(census),rule,Elections,quadraticx1
KXGROKAPP,tech_ai,,,540.0,0.75,UNKNOWN,rule,,
KXMTPMENTION,mentions,,,536.21,76.0,UNKNOWN,rule,,
KXGENERICBALLOTVOTEHUB,politics_geopolitics,,,536.18,11.38,maker_free(census),rule,Elections,quadraticx1
KXETHMAXMON-ETH,crypto_daily_longer,,,535.94,72.38,maker_free(census),rule,,
KXUST30AM,rates_macro,,,535.41,24.88,maker_free(census),rule,Financials,quadraticx1
KXCCLA,company_kpi_altdata,,,535.19,16.5,maker_free(census),rule,Companies,quadraticx1
KXOSCARDIR,entertainment_culture,,,535.04,85.0,maker_free(census),rule,Entertainment,quadraticx1
KXSENATEWITHIN5,politics_geopolitics,,,534.57,12.62,UNKNOWN,rule,,
KXVSANGLES,entertainment_culture,,,532.69,7.62,maker_free(census),rule,Entertainment,quadraticx1
KXDASHAPP,company_kpi_altdata,,,532.6,13.38,UNKNOWN,rule,,
KXNFLSEASONRSHTD,sports_football_us,NFL,futures,532.01,58.88,maker_free(census),rule,Sports,quadraticx1
KXGOVTSHUTDOWN,politics_geopolitics,,,529.54,24.38,maker_free(census),rule,Politics,quadraticx1
KXOHSENGOVCOMBO,politics_geopolitics,,,527.78,38.12,maker_free(census),rule,Elections,quadraticx1
KXADP,rates_macro,,,526.8,12.5,maker_free(census),rule,Economics,quadraticx1
KXAKCRUDEOIL,rates_macro,,,526.46,3.38,UNKNOWN,rule,,
KXMLBAWARDFIN,sports_baseball,MLB,futures,525.95,26.12,UNKNOWN,rule,,
KXKORISLIIGAGAME,sports_basketball,KORISLIIGA,game,524.89,47.75,UNKNOWN,rule,,
KXINXDIRY,equity_indices,,,523.56,26.62,maker_free(census),rule,Financials,quadraticx1
KXMLS2HBTTS,sports_soccer,MLS,period,521.83,124.75,UNKNOWN,rule,,
KXEARNINGSMENTIONTSLA,mentions,,,520.38,74.38,UNKNOWN,rule,,
KXPAHLAVIVISITA,politics_geopolitics,,,518.93,140.38,maker_free(census),rule,Politics,quadraticx1
KXKLEAGUEBTTS,sports_soccer,KLEAGUE,props,517.06,25.75,UNKNOWN,rule,,
KXNETFLIXRANKMOVIEGLOBAL,entertainment_culture,,,516.52,362.5,maker_free(census),rule,Entertainment,quadraticx1
KXHOUSEMO5,politics_geopolitics,,,514.51,30.75,maker_free(census),rule,Elections,quadraticx1
KXGDPYEAR,rates_macro,,,513.85,39.75,zero_fee,rule,Economics,quadraticx0
KXHIVISITORS,rates_macro,,,501.88,2.88,UNKNOWN,rule,,
KXCBDSWEDEN,rates_macro,,,499.68,15.75,UNKNOWN,rule,,
KXRIRESPOWER,other,,,499.56,8.0,UNKNOWN,guess,,
KXFRENCHPRES,politics_geopolitics,,,499.55,35.88,maker_free(census),rule,Elections,quadraticx1
KXMENTIONEARNAIR,mentions,,,497.34,117.5,UNKNOWN,rule,,
KXETHMINY,crypto_daily_longer,,,496.84,43.25,maker_free(census),rule,Crypto,quadraticx1
KXTRUMPVH,politics_geopolitics,,,496.13,42.0,maker_free(census),rule,Politics,quadraticx1
KX2028RRUN,politics_geopolitics,,,491.78,23.5,maker_free(census),rule,Elections,quadraticx1
KXSNOWBIRDOPEN,weather_climate,,,491.44,5.0,UNKNOWN,rule,,
KXWAYMOCITY,tech_ai,,,490.8,35.5,maker_free(census),rule,Science and Technology,quadraticx1
KXNHLPACIFIC,sports_hockey,NHL,props,487.03,20.75,UNKNOWN,rule,,
KXEARNINGSMENTIONMS,mentions,,,485.01,48.88,UNKNOWN,rule,,
OAIAGI,other,,,484.75,20.5,UNKNOWN,guess,,
KXCLOSESTSENATE,politics_geopolitics,,,483.83,69.25,maker_free(census),rule,Elections,quadraticx1
KXMLBWINS-NYM,sports_baseball,MLB,futures,483.34,51.62,maker_free(census),rule,Sports,quadraticx1
KXJOBLESSCLAIMS,rates_macro,,,482.21,35.62,maker_free(census),rule,Economics,quadraticx1
KXWNBAFINAL,sports_basketball,WNBA,props,481.97,62.12,maker_free(census),rule,Sports,quadraticx1
KXBRPRES1MOV,politics_geopolitics,,,479.43,27.0,maker_free(census),rule,Elections,quadraticx1
KXNFLSEASONRECTD,sports_football_us,NFL,futures,479.43,41.75,maker_free(census),rule,Sports,quadraticx1
KXATTYGENAR,politics_geopolitics,,,474.21,1.12,maker_free(census),rule,Elections,quadraticx1
KXGOVPARTYAK,politics_geopolitics,,,473.59,24.75,maker_free(census),rule,Elections,quadraticx1
KXEARNINGSMENTIONMCD,mentions,,,473.48,72.12,maker_free(census),rule,Mentions,quadraticx1
KXPRESCUPHOLEINONE,sports_golf,PRESCUP,props,472.42,76.88,UNKNOWN,rule,,
KXWMTCC,company_kpi_altdata,,,472.26,14.62,UNKNOWN,rule,,
KXWTAFINALSQUAL,sports_tennis,WTA,futures,468.7,3.75,maker_free(census),rule,Sports,quadraticx1
KXNASCARTRUCKSERIES,sports_motorsport,NASCAR,props,468.63,38.5,maker_free(census),rule,Sports,quadraticx1
KXUEFANL,sports_soccer,UEFANL,futures,467.44,33.62,UNKNOWN,rule,,
KXTRUMPCOUNTRIES,politics_geopolitics,,,464.34,46.12,maker_free(census),rule,Politics,quadraticx1
KXSHELCC,company_kpi_altdata,,,459.84,10.0,UNKNOWN,rule,,
KXEFLL1SPREAD,sports_soccer,EFLL1,spread,459.24,41.12,UNKNOWN,rule,,
KXEARNINGSMENTIONCVNA,mentions,,,458.63,51.88,UNKNOWN,rule,,
KXTXERCOTPEAK,weather_climate,,,458.03,10.12,UNKNOWN,rule,,
KXMROLYMPIA,other,,,456.55,61.5,UNKNOWN,guess,,
KXUST7A,rates_macro,,,455.9,24.25,maker_free(census),rule,Financials,quadraticx1
KXTACAPORTGAME,other,,,455.05,23.75,UNKNOWN,guess,,
KXTHREESTATESEN,other,,,454.78,16.0,UNKNOWN,guess,,
KXSHEINCC,company_kpi_altdata,,,454.16,7.12,UNKNOWN,rule,,
KXECONPATH,rates_macro,,,453.62,9.12,maker_free(census),rule,Economics,quadraticx1
KXSVKCUPSPREAD,sports_soccer,SVKCUP,spread,452.42,25.75,UNKNOWN,rule,,
KXSERBIATURNOUT,politics_geopolitics,,,451.6,3.25,UNKNOWN,rule,,
KXBCGOVT,politics_geopolitics,,,450.88,5.0,UNKNOWN,rule,,
KXBTCPRICE,crypto_daily_longer,,,448.45,56.75,UNKNOWN,rule,,
KXGREENTERRITORY,politics_geopolitics,,,448.3,29.88,maker_free(census),api,Politics,quadraticx1
KXEARNINGSMENTIONPGR,mentions,,,448.18,46.88,maker_free(census),rule,Mentions,quadraticx1
KXPRESPARTY,politics_geopolitics,,,446.27,6.88,maker_free(census),rule,Elections,quadraticx1
KXCBDHUNGARY,rates_macro,,,446.17,12.75,UNKNOWN,rule,,
KXSTATEBALLOTMEASURE,politics_geopolitics,,,444.95,21.38,UNKNOWN,rule,,
KXNFLPOTM,sports_football_us,NFL,props,444.36,20.88,UNKNOWN,rule,,
KXMANCHINCOMBO,politics_geopolitics,,,444.23,13.5,UNKNOWN,rule,,
KXWNBAWINS,sports_basketball,WNBA,futures,443.55,3.0,maker_free(census),rule,Sports,quadraticx1
KXIPHONERELEASE,equity_indices,,,442.4,70.25,maker_free(census),api,Financials,quadraticx1
KXFULTONCHAIR,other,,,439.51,3.12,UNKNOWN,guess,,
KXELECTRONICSADS,company_kpi_altdata,,,438.95,49.12,UNKNOWN,rule,,
KXLUV,company_earnings,,,438.81,7.38,maker_free(census),rule,Financials,quadraticx1
KXLEADERMLBAVG,sports_baseball,MLB,props,435.15,38.62,maker_free(census),rule,Sports,quadraticx1
KXWNBAMIMP,sports_basketball,WNBA,props,434.53,24.5,maker_free(census),rule,Sports,quadraticx1
KXBALLONDORAWARD,sports_soccer,SOCCERMISC,futures,432.72,18.62,UNKNOWN,rule,,
KXFIFAWADVANCE,other,,,432.36,8.0,UNKNOWN,guess,,
KXLUVCC,company_kpi_altdata,,,428.7,7.25,UNKNOWN,rule,,
KXNASCARFASTLAP,sports_motorsport,NASCAR,props,427.74,23.88,UNKNOWN,rule,,
KXUSL1HSPREAD,sports_soccer,USL,period,426.5,86.25,maker_free(census),rule,Sports,quadraticx1
KXVPRESNOMD,politics_geopolitics,,,424.52,74.75,maker_free(census),rule,Elections,quadraticx1
KXKLEAGUE1H,sports_soccer,KLEAGUE,period,422.54,21.5,UNKNOWN,rule,,
HOUSEMI4,politics_geopolitics,,,422.17,4.88,maker_free(census),rule,Elections,quadraticx1
KXBRRATECUT,rates_macro,,,416.82,8.25,maker_free(census),api,Economics,quadraticx1
KXLAGODAYS,politics_geopolitics,,,415.03,16.12,maker_free(census),api,Politics,quadraticx1
KXCMGFT,company_kpi_altdata,,,412.23,18.75,UNKNOWN,rule,,
KXSEPHORACC,company_kpi_altdata,,,411.96,6.38,UNKNOWN,rule,,
KXLKLSPREAD,sports_basketball,LKL,spread,411.61,32.75,UNKNOWN,rule,,
KXWNBA1SEED,sports_basketball,WNBA,futures,410.93,10.75,maker_free(census),rule,Sports,quadraticx1
KXNHLWEST,sports_hockey,NHL,futures,410.76,43.62,maker_fee,rule,Sports,quadratic_with_maker_feesx1
KXBRASILEIROGAME,sports_soccer,BRASILEIRO,game,409.77,25.0,maker_free(census),rule,Sports,quadraticx1
KXNBASTARTERS,sports_basketball,NBA,props,409.61,14.5,maker_free(census),rule,Sports,quadraticx1
KXKSWHEAT,commodities_fx_other,,,407.54,11.38,UNKNOWN,rule,,
KXMLBWINS-MIL,sports_baseball,MLB,futures,407.23,10.88,maker_free(census),rule,Sports,quadraticx1
KXOSCARDOCU,entertainment_culture,,,407.0,14.75,UNKNOWN,rule,,
KXSHAKFT,company_kpi_altdata,,,404.68,16.75,UNKNOWN,rule,,
KXF1TOPCONSTRUCTOR,sports_motorsport,F1,props,402.99,77.12,UNKNOWN,rule,,
KXGRAMMYNOMAOTY,entertainment_culture,,,402.25,12.12,maker_free(census),rule,Entertainment,quadraticx1
KXNASDAQ100MAXY,equity_indices,,,401.96,19.75,maker_free(census),rule,Financials,quadraticx1
KXGTAONLINE,other,,,401.64,69.25,UNKNOWN,guess,,
KXBRASILEIROB1HBTTS,sports_soccer,BRASILEIROB,period,400.4,52.5,maker_free(census),rule,Sports,quadraticx1
KXMISTRALSHARE,other,,,398.83,1.88,UNKNOWN,guess,,
KXAKPFD,other,,,397.69,2.62,UNKNOWN,guess,,
KXLOWTSDF,weather_climate,,,397.45,70.5,UNKNOWN,rule,,
KXBILLS,politics_geopolitics,,,397.4,41.5,maker_free(census),api,Politics,quadraticx1
KXNFLFFH2HSEASON,sports_football_us,NFL,props,397.24,18.0,UNKNOWN,rule,,
KXNDQDIRY,equity_indices,,,397.01,20.5,maker_free(census),api,Financials,quadraticx1
KXFILMTAXCREDIT,other,,,395.7,13.5,UNKNOWN,guess,,
KXEARNINGSMENTIONKR,mentions,,,395.58,37.25,UNKNOWN,rule,,
KXJOLTSOPEN,rates_macro,,,393.55,16.62,UNKNOWN,rule,,
KXCFILCC,company_kpi_altdata,,,392.42,11.0,UNKNOWN,rule,,
KXSRBIASTUDENT,other,,,392.19,8.88,UNKNOWN,guess,,
KXURBNCC,company_kpi_altdata,,,391.6,9.88,UNKNOWN,rule,,
KXYUMTBFT,company_kpi_altdata,,,391.26,13.75,UNKNOWN,rule,,
KXNHLMETROPOLITAN,sports_hockey,NHL,props,388.76,15.38,UNKNOWN,rule,,
KXHEISMANFINALIST,sports_football_us,NCAAF,futures,383.18,29.62,UNKNOWN,rule,,
KXNCAAFB12QUAL,sports_football_us,NCAAF,futures,381.65,32.38,maker_free(census),rule,Sports,quadraticx1
KXDWCSCARDKO,other,,,381.43,4.12,UNKNOWN,guess,,
KXKASHOUT,politics_geopolitics,,,378.78,80.88,maker_free(census),api,Politics,quadraticx1
KXCMA,entertainment_culture,,,377.91,46.75,UNKNOWN,rule,,
KXDEMSWINGSTATEGOVSWEEP,politics_geopolitics,,,375.87,4.12,maker_free(census),api,Elections,quadraticx1
KXSEXYMAN,entertainment_culture,,,374.37,53.62,maker_free(census),api,Entertainment,quadraticx1
KX1ALBUM,entertainment_culture,,,374.14,52.62,maker_free(census),api,Entertainment,quadraticx1
KXUFCFLYWEIGHTTITLE,sports_combat,UFC,futures,374.13,30.62,maker_free(census),rule,Sports,quadraticx1
KXLIVCOMPETE,sports_golf,LIV,props,373.88,8.88,maker_free(census),rule,Sports,quadraticx1
KXTSAW,rates_macro,,,372.71,27.0,maker_free(census),rule,Economics,quadraticx1
KXASPENMTNOPEN,weather_climate,,,372.47,8.0,UNKNOWN,rule,,
KXNCAAFAWARD,sports_football_us,NCAAF,futures,372.38,36.75,UNKNOWN,rule,,
KXBUNDESLIGAGAME,sports_soccer,BUNDESLIGA,game,371.72,23.75,UNKNOWN(likely maker_fee),rule,,
HOUSECA45,politics_geopolitics,,,371.54,11.25,maker_free(census),rule,Elections,quadraticx1
KXLMND,other,,,371.2,4.25,UNKNOWN,guess,,
KXMNTACONITE,commodities_fx_other,,,370.95,2.25,UNKNOWN,rule,,
KXOSCARNOMSUPACTO,entertainment_culture,,,370.04,27.88,maker_free(census),rule,Entertainment,quadraticx1
SENATEOK,politics_geopolitics,,,370.0,4.38,maker_free(census),rule,Elections,quadraticx1
HOUSEPA1,politics_geopolitics,,,369.2,9.62,maker_free(census),rule,Elections,quadraticx1
KXNBAROY,sports_basketball,NBA,props,367.82,52.5,maker_fee,rule,Sports,quadratic_with_maker_feesx1
KXTRUMPRESIGN,politics_geopolitics,,,366.89,72.62,maker_free(census),rule,Politics,quadraticx1
KXEARNINGSMENTIONARITZIA,mentions,,,366.57,8.38,maker_free(census),rule,Mentions,quadraticx1
KXOSCARNOMSBANIMATEDF,entertainment_culture,,,366.39,10.5,maker_free(census),rule,Entertainment,quadraticx1
KXNEWTAIPEIMAYOR,politics_geopolitics,,,364.76,11.12,UNKNOWN,rule,,
KXCBDPOLAND,rates_macro,,,364.08,11.75,UNKNOWN,rule,,
KXLEADERMLBSTEALS,sports_baseball,MLB,props,363.03,25.5,maker_free(census),rule,Sports,quadraticx1
KXBTCMAX150,crypto_daily_longer,,,362.6,31.12,maker_fee,rule,Crypto,quadratic_with_maker_feesx1
HOUSECO8,politics_geopolitics,,,361.97,20.38,maker_free(census),rule,Elections,quadraticx1
KXTACAPORTADVANCE,other,,,360.6,8.88,UNKNOWN,guess,,
KXR6MAP,sports_esports,R6,period,360.41,13.62,UNKNOWN,rule,,
KXTRUMPACAREBATE,politics_geopolitics,,,359.97,4.75,UNKNOWN,rule,,
KXWC,sports_soccer,WC,futures,359.35,32.12,maker_free(census),rule,Sports,quadraticx1
KXLIMAMAYOR,politics_geopolitics,,,359.3,42.38,maker_free(census),rule,Elections,quadraticx1
KXGER3LSPREAD,sports_soccer,GER3L,spread,357.78,30.75,UNKNOWN,rule,,
KXLEAVEPOWELLGOV,politics_geopolitics,,,357.33,8.88,maker_free(census),rule,Politics,quadraticx1
KXXIUSA,politics_geopolitics,,,355.79,1.88,maker_free(census),api,Politics,quadraticx1
KXNATBOOKAWARDS,other,,,355.1,17.0,UNKNOWN,guess,,
KXMARTIAL,politics_geopolitics,,,353.43,30.5,maker_free(census),api,Politics,quadraticx1
KXPCECORE,rates_macro,,,352.61,22.5,maker_free(census),rule,Economics,quadraticx1
GOVPARTYPA,politics_geopolitics,,,352.17,4.75,maker_free(census),rule,Elections,quadraticx1
KXBAHIAGOV,politics_geopolitics,,,350.51,16.5,UNKNOWN,rule,,
KXMLBWINS-HOU,sports_baseball,MLB,futures,350.48,7.88,maker_free(census),rule,Sports,quadraticx1
KXWVCOAL,commodities_fx_other,,,349.9,3.62,UNKNOWN,rule,,
KXMAXAPP,company_kpi_altdata,,,349.33,22.62,UNKNOWN,rule,,
KXKLEAGUE1HTOTAL,sports_soccer,KLEAGUE,total,348.95,46.0,UNKNOWN,rule,,
KXNZDUSD,commodities_fx_other,,,348.44,18.75,maker_free(census),rule,Financials,quadraticx1
KXOSCARNOMDOCU,entertainment_culture,,,348.33,8.38,maker_free(census),rule,Entertainment,quadraticx1
KXGENERALCOUNTY-SENATETX,politics_geopolitics,,,347.69,15.12,UNKNOWN,rule,,
KXRETIREMM,politics_geopolitics,,,346.93,166.62,maker_free(census),api,Politics,quadraticx1
KXILNUCLEAR,other,,,344.78,1.25,UNKNOWN,guess,,
KXGLACIERVISITS,other,,,344.11,2.12,UNKNOWN,guess,,
KXMCDFT,company_kpi_altdata,,,343.66,7.0,UNKNOWN,rule,,
KXWTIMIN,commodities_fx_other,,,339.8,75.12,maker_free(census),rule,Commodities,quadraticx1
KXOSCARACTR,entertainment_culture,,,339.49,47.12,maker_free(census),rule,Entertainment,quadraticx1
KXRUGBYFRA14MATCH,sports_rugby,RUGBY,game,337.7,25.25,UNKNOWN,rule,,
KXFLSENGOVCOMBO,politics_geopolitics,,,337.15,5.25,UNKNOWN,rule,,
KXINXHUD,equity_indices,,,335.07,30.88,maker_free(census),rule,Financials,quadraticx1
KXNASDAQ100POS,equity_indices,,,334.13,20.88,maker_free(census),rule,Financials,quadraticx1
KXSERBIAELECTIONCALL,politics_geopolitics,,,333.36,7.25,UNKNOWN,rule,,
KXCABALLOTMEASURES,politics_geopolitics,,,331.56,11.0,maker_free(census),rule,Elections,quadraticx1
KXMIAUTOEMP,other,,,330.55,2.5,UNKNOWN,guess,,
KXSDCORNYIELD,commodities_fx_other,,,330.49,3.25,UNKNOWN,rule,,
KXUSDSEKAW,commodities_fx_other,,,330.29,51.75,maker_free(census),rule,Financials,quadraticx1
KXNETFLIXRANKSHOWGLOBAL,entertainment_culture,,,329.6,36.12,maker_free(census),rule,Entertainment,quadraticx1
KXBCNDPSEATS,politics_geopolitics,,,329.57,3.75,UNKNOWN,rule,,
KXNFLCOACHOUT,sports_football_us,NFL,props,325.78,12.5,UNKNOWN,rule,,
KXBTCVSGOLD,crypto_daily_longer,,,324.35,26.25,maker_free(census),rule,Financials,quadraticx1
KXSATOSHIBTCYEAR,crypto_daily_longer,,,323.16,274.88,maker_free(census),api,Crypto,quadraticx1
KXUFCWELTERWEIGHTTITLE,sports_combat,UFC,futures,322.94,22.0,maker_free(census),rule,Sports,quadraticx1
KXDCGOLFVISITCOUNT,politics_geopolitics,,,322.79,8.12,maker_free(census),api,Politics,quadraticx1
KXMUSKNW,politics_geopolitics,,,322.77,23.25,maker_free(census),rule,Economics,quadraticx1
HOUSECA13,politics_geopolitics,,,322.46,13.38,maker_free(census),rule,Elections,quadraticx1
KXYTDAILYTOPVIDEOG,entertainment_culture,,,320.64,22.25,UNKNOWN,rule,,
KXAIMILLENNIUM,tech_ai,,,320.55,11.12,UNKNOWN,rule,,
KXMLBPLAYOFFHRS,sports_baseball,MLB,futures,318.72,6.38,UNKNOWN,rule,,
KXNEWTAYLOR,other,,,317.19,22.25,UNKNOWN,guess,,
KXNHLATLANTIC,sports_hockey,NHL,props,316.99,15.88,UNKNOWN,rule,,
KXH200WS,tech_ai,,,314.77,5.62,UNKNOWN(likely maker_fee: GPU-price series added 2026-09-03),rule,Financials,quadraticx1
KXESPNAPP,company_kpi_altdata,,,314.35,7.25,UNKNOWN,rule,,
KXSERIEA,sports_soccer,SERIEA,futures,313.95,18.38,maker_fee,rule,Sports,quadratic_with_maker_feesx1
KXAALCC,company_kpi_altdata,,,313.8,6.25,UNKNOWN,rule,,
KXMLBNLHAARON,sports_baseball,MLB,props,312.47,10.62,maker_free(census),rule,Sports,quadraticx1
KXOAIANTH,tech_ai,,,310.48,23.5,maker_free(census),rule,Financials,quadraticx1
KXTITLEDTUESTOP,sports_other,,,310.32,54.5,maker_free(census),api,Sports,quadraticx1
KXTRUMPREMOVE,politics_geopolitics,,,310.01,65.12,maker_free(census),rule,Politics,quadraticx1
KXFM30YMTG,rates_macro,,,309.01,3.38,maker_free(census),api,Economics,quadraticx1
KXUSDJPYAW,commodities_fx_other,,,306.82,64.88,maker_free(census),rule,Financials,quadraticx1
KXSCHLESWIGHOLSTEIN,other,,,305.78,7.38,UNKNOWN,guess,,
KXRIOGOV,politics_geopolitics,,,304.48,12.75,maker_free(census),rule,Elections,quadraticx1
KXSJCLOWT,other,,,303.07,6.25,UNKNOWN,guess,,
KXBCELECTION,politics_geopolitics,,,302.31,7.0,UNKNOWN,rule,,
KXUKCHAGOS,other,,,301.95,5.0,UNKNOWN,guess,,
KXACQANNOUNCEEBAY,equity_indices,,,301.64,19.0,maker_free(census),api,Financials,quadraticx1
KXLEADERMLBHITS,sports_baseball,MLB,props,301.28,25.88,maker_free(census),rule,Sports,quadraticx1
KXFOLLOWERCOUNTCLAV,entertainment_culture,,,300.83,4.25,maker_free(census),api,Entertainment,quadraticx1
KXNHLEAST,sports_hockey,NHL,futures,300.74,38.25,maker_fee,rule,Sports,quadratic_with_maker_feesx1
KXMLBWINS-SD,sports_baseball,MLB,futures,300.53,18.62,maker_free(census),rule,Sports,quadraticx1
KXARBROILER,commodities_fx_other,,,300.34,8.5,UNKNOWN,rule,,
SENATELA,politics_geopolitics,,,300.06,13.25,maker_free(census),rule,Elections,quadraticx1
KXTESLASEMI,equity_indices,,,299.11,25.88,maker_free(census),api,Financials,quadraticx1
KXCBDECISIONMEXICO,rates_macro,,,297.04,8.75,maker_free(census),rule,Economics,quadraticx1
KXIAFARMLAND,commodities_fx_other,,,295.81,3.88,UNKNOWN,rule,,
KXMEGATSUNAMICOMBO,politics_geopolitics,,,294.89,15.5,UNKNOWN,rule,,
KXFEDCOMBO,rates_macro,,,293.64,21.62,maker_free(census),rule,Economics,quadraticx1
KXCAATTORNEYGENERAL,politics_geopolitics,,,293.18,1.62,UNKNOWN,rule,,
KXRECCOUNT,politics_geopolitics,,,292.4,3.0,maker_free(census),api,Politics,quadraticx1
KXLEADERNFLRYDS,sports_other,,,291.15,55.0,maker_free(census),api,Sports,quadraticx1
HOUSENH1,politics_geopolitics,,,290.89,8.12,maker_free(census),rule,Elections,quadraticx1
KXREDISTRICTING,politics_geopolitics,,,288.07,25.88,maker_free(census),rule,Elections,quadraticx1
HOUSEWI3,politics_geopolitics,,,287.91,6.12,maker_free(census),rule,Elections,quadraticx1
KXRONI,weather_climate,,,287.61,37.0,maker_free(census),api,Climate and Weather,quadraticx1
KXFDVOPENSEA,crypto_daily_longer,,,286.73,95.62,maker_free(census),api,Crypto,quadraticx1
KXMLBGG,sports_baseball,MLB,props,285.46,20.62,maker_free(census),rule,Sports,quadraticx1
KXFOOTWEARADS,company_kpi_altdata,,,284.55,63.12,UNKNOWN,rule,,
KXCLAUDEAPP,tech_ai,,,284.51,4.5,UNKNOWN,rule,,
KXHMONTHRANGE,weather_climate,,,283.71,34.38,maker_free(census),api,Climate and Weather,quadraticx1
KXBRAZILSENATE,politics_geopolitics,,,282.98,20.0,maker_free(census),rule,Elections,quadraticx1
KXCOSTFT,company_kpi_altdata,,,280.39,9.0,UNKNOWN,rule,,
KXNETFLIXRANKMOVIEGLOBAL2,entertainment_culture,,,280.34,23.0,maker_free(census),rule,Entertainment,quadraticx1
KXCODEAI,tech_ai,,,278.86,19.38,maker_free(census),api,Science and Technology,quadraticx1
KXCVXCC,company_kpi_altdata,,,278.52,17.25,UNKNOWN,rule,,
KXNASCARAUTOPARTSSERIES,sports_motorsport,NASCAR,props,277.44,48.12,maker_free(census),rule,Sports,quadraticx1
KXHONEYDEUCE,company_kpi_altdata,,,276.79,18.88,UNKNOWN,rule,,
KXNFLDRAFT1ST,sports_football_us,NFL,futures,276.64,46.62,maker_free(census),rule,Sports,quadraticx1
KXMNSENGOVCOMBO,politics_geopolitics,,,275.67,4.5,maker_free(census),rule,Elections,quadraticx1
KXNCAAFCOACHLEAVE,sports_football_us,NCAAF,props,274.99,15.12,UNKNOWN,rule,,
GOVPARTYMS,politics_geopolitics,,,274.89,0.62,maker_free(census),rule,Elections,quadraticx1
KXNERIVISITS,other,,,273.46,3.0,UNKNOWN,guess,,
KXMLBWINS-ATL,sports_baseball,MLB,futures,272.62,27.25,maker_free(census),rule,Sports,quadraticx1
KXLEADERNFLPYDS,sports_other,,,272.36,106.75,maker_free(census),api,Sports,quadraticx1
KXSERBIAPM,politics_geopolitics,,,271.23,5.0,maker_free(census),rule,Elections,quadraticx1
KXPRESSSECANNOUNCE,politics_geopolitics,,,270.7,22.25,UNKNOWN,rule,,
KXLOL,sports_esports,LOL,futures,270.62,20.75,UNKNOWN,rule,,
KXBCPREMIER,politics_geopolitics,,,270.6,10.5,UNKNOWN,rule,,
KXARREST,politics_geopolitics,,,270.54,46.62,maker_free(census),api,Politics,quadraticx1
KXGAMBLINGREPEAL,politics_geopolitics,,,270.44,12.5,zero_fee,rule,Politics,quadraticx0
KXHOLBORNPLACE3RD,other,,,270.28,10.12,UNKNOWN,guess,,
KXBILLBOARDRUNNERUPSONG,entertainment_culture,,,269.5,15.88,maker_free(census),rule,Entertainment,quadraticx1
KXWNBAROY,sports_basketball,WNBA,props,268.12,2.38,maker_free(census),rule,Sports,quadraticx1
KXEARTHQUAKEM,weather_climate,,,267.55,51.0,UNKNOWN,rule,,
KXUST10AM,rates_macro,,,264.98,10.62,maker_free(census),rule,Financials,quadraticx1
SENATENM,politics_geopolitics,,,264.36,4.25,maker_free(census),rule,Elections,quadraticx1
KXCAVA,equity_indices,,,263.18,4.5,maker_free(census),api,Financials,quadraticx1
KXSERIEAGAME,sports_soccer,SERIEA,game,262.63,16.88,UNKNOWN(likely maker_fee),rule,,
KXARMOMINF,company_earnings,,,262.4,6.62,maker_free(census),rule,Economics,quadraticx1
KXNEWDEAL,politics_geopolitics,,,261.85,7.12,maker_free(census),api,Politics,quadraticx1
KXGPTAPP,tech_ai,,,259.65,31.0,UNKNOWN,rule,,
KXNFLROUNDQUAL,sports_football_us,NFL,futures,257.95,29.12,UNKNOWN,rule,,
KXACQANNOUNCEANNUAL,equity_indices,,,257.85,13.75,maker_free(census),api,Financials,quadraticx1
KXMLBNLCPOTY,sports_baseball,MLB,futures,257.59,8.12,maker_free(census),rule,Sports,quadraticx1
KXNBANEXTTEAM,sports_basketball,NBA,futures,257.36,11.38,maker_free(census),rule,Sports,quadraticx1
KXNEXTHURDATE,other,,,256.87,35.38,UNKNOWN,guess,,
KXBRPRESADVANCE,politics_geopolitics,,,256.45,4.25,maker_free(census),rule,Elections,quadraticx1
KXCOPPEROPEN,commodities_fx_other,,,255.42,10.25,UNKNOWN,rule,,
KXTRUMPPARDONS,politics_geopolitics,,,255.21,23.12,maker_free(census),rule,Politics,quadraticx1
KXANYDEMWINTEXAS,politics_geopolitics,,,254.97,4.88,maker_free(census),api,Elections,quadraticx1
KXLEADERWNBA3PT,sports_basketball,WNBA,props,254.65,8.38,maker_free(census),rule,Sports,quadraticx1
KXELECTIONEMERGENCY,politics_geopolitics,,,254.47,30.88,maker_free(census),rule,Politics,quadraticx1
KXNHLCENTRAL,sports_hockey,NHL,props,253.77,12.12,UNKNOWN,rule,,
KXELECTIONBILL,politics_geopolitics,,,253.52,21.75,maker_free(census),rule,Politics,quadraticx1
KXGTATRAILER,entertainment_culture,,,253.34,35.62,maker_free(census),api,Entertainment,quadraticx1
KXFORTBENDCOUNTYJUDGE,politics_geopolitics,,,252.82,0.62,UNKNOWN,rule,,
KXSOLMAXY,crypto_daily_longer,,,251.57,30.75,maker_free(census),rule,Crypto,quadraticx1
KXROCC,company_kpi_altdata,,,250.49,16.5,UNKNOWN,rule,,
KXKRAKOWMAYOR,politics_geopolitics,,,250.41,31.5,UNKNOWN,rule,,
KXBRAZILPRES1R,politics_geopolitics,,,250.34,71.5,maker_free(census),rule,Elections,quadraticx1
KXPERFORMBONDSONG,entertainment_culture,,,250.11,3.5,maker_free(census),rule,Entertainment,quadraticx1
KXOSCARSUPACTO,entertainment_culture,,,249.92,42.0,maker_free(census),rule,Entertainment,quadraticx1
KXRAINSBOS,weather_climate,,,249.31,53.12,UNKNOWN,rule,,
KXH200MS,tech_ai,,,248.62,6.38,UNKNOWN(likely maker_fee: GPU-price series added 2026-09-03),rule,Financials,quadraticx1
KXNCAAFMWC,sports_football_us,NCAAF,props,248.3,26.12,maker_free(census),rule,Sports,quadraticx1
KXUST2AM,rates_macro,,,248.28,13.5,maker_free(census),rule,Financials,quadraticx1
KXTRUMPAICZAR,tech_ai,,,248.01,22.5,UNKNOWN,rule,,
KXUST5AM,rates_macro,,,247.17,15.38,maker_free(census),rule,Financials,quadraticx1
KXOHMFGEMP,other,,,246.81,1.38,UNKNOWN,guess,,
KXULTACC,company_kpi_altdata,,,245.04,7.12,UNKNOWN,rule,,
KXPGAMAKECUT,sports_golf,PGA,props,244.91,13.25,UNKNOWN,rule,,
KXNHSENGOVCOMBO,politics_geopolitics,,,244.71,4.0,maker_free(census),rule,Elections,quadraticx1
KXTOPARTISTRUNNERUPUSA,entertainment_culture,,,244.39,15.75,maker_free(census),rule,Entertainment,quadraticx1
KXTXRAILROADCOMBO,politics_geopolitics,,,244.22,13.38,UNKNOWN,rule,,
KX20SONG,entertainment_culture,,,242.42,11.75,maker_free(census),api,Entertainment,quadraticx1
KXPERFORMVS,entertainment_culture,,,242.2,12.25,maker_free(census),rule,Entertainment,quadraticx1
KXSVKCUPADVANCE,sports_soccer,SVKCUP,props,241.71,13.62,UNKNOWN,rule,,
KXVENUEPERFORMANCESPHERE,entertainment_culture,,,240.9,4.38,maker_free(census),rule,Entertainment,quadraticx1
KXLIGUE1GAME,sports_soccer,LIGUE1,game,239.3,9.75,UNKNOWN(likely maker_fee),rule,,
KXNCAAFCOACHOUT,sports_football_us,NCAAF,props,237.4,15.38,UNKNOWN,rule,,
KXPLATINUMH,commodities_fx_other,,,237.31,14.38,maker_free(census),rule,Commodities,quadraticx1
KXEFFTARIFF,rates_macro,,,235.89,2.88,maker_free(census),api,Economics,quadraticx1
KXGOVWINS,politics_geopolitics,,,235.81,13.75,maker_free(census),rule,Elections,quadraticx1
KXIAETHANOL,commodities_fx_other,,,234.96,2.75,UNKNOWN,rule,,
KXNEARMAXY-NEAR,crypto_daily_longer,,,234.52,8.88,UNKNOWN,rule,,
KXCPICOMBO,rates_macro,,,233.24,7.12,maker_free(census),rule,Economics,quadraticx1
KXCBDNORWAY,rates_macro,,,232.71,12.75,UNKNOWN,rule,,
KXEARNINGSMENTIONPSKY,mentions,,,232.52,18.0,UNKNOWN,rule,,
KXSTARSHIPSPACE,tech_ai,,,231.24,14.25,maker_free(census),rule,Science and Technology,quadraticx1
HOUSECA47,politics_geopolitics,,,230.51,9.0,maker_free(census),rule,Elections,quadraticx1
KXTOPAI,tech_ai,,,229.46,50.62,maker_free(census),api,Science and Technology,quadraticx1
KXAUDUSDAW,commodities_fx_other,,,229.23,39.38,maker_free(census),rule,Financials,quadraticx1
KXUSADATACENTERS,tech_ai,,,228.67,5.62,maker_free(census),api,Science and Technology,quadraticx1
HOUSEAZ2,politics_geopolitics,,,228.28,6.12,maker_free(census),rule,Elections,quadraticx1
KXTOPARTISTTHIRD,entertainment_culture,,,227.66,9.38,maker_free(census),rule,Entertainment,quadraticx1
KXUSACOMPANYSTAKE,equity_indices,,,227.6,65.62,maker_free(census),api,Financials,quadraticx1
KXCABOUT,politics_geopolitics,,,226.82,23.0,maker_free(census),api,Politics,quadraticx1
KXBAA,company_earnings,,,226.32,2.5,maker_free(census),api,Companies,quadraticx1
KXUBEREAPP,company_kpi_altdata,,,225.92,19.25,UNKNOWN,rule,,
KXWIMILK,commodities_fx_other,,,225.83,2.12,UNKNOWN,rule,,
KXMLBWINS-CLE,sports_baseball,MLB,futures,224.3,7.75,maker_free(census),rule,Sports,quadraticx1
KXMLBWINS-CIN,sports_baseball,MLB,futures,224.25,15.5,maker_free(census),rule,Sports,quadraticx1
KXNEXTOUTUS,other,,,223.54,3.88,UNKNOWN,guess,,
KXLEXMAYOR,politics_geopolitics,,,223.44,3.75,UNKNOWN,rule,,
KXMLBTRIPLECROWN,sports_baseball,MLB,props,223.42,63.88,UNKNOWN,rule,,
KXEARNINGSMENTIONINTC,mentions,,,223.31,13.5,UNKNOWN,rule,,
KXECONSTATU3,rates_macro,,,222.61,45.0,maker_free(census),rule,Economics,quadraticx1
KXCOPADELREYTEAMTOTAL,sports_soccer,COPADELREY,props,222.09,14.5,UNKNOWN,rule,,
GOVPARTYID,politics_geopolitics,,,220.38,2.25,maker_free(census),rule,Elections,quadraticx1
KXGRAMAOTY,entertainment_culture,,,219.57,52.38,maker_free(census),api,Entertainment,quadraticx1
KXBC2ND,other,,,217.98,14.25,UNKNOWN,guess,,
KXINSURRECTION,politics_geopolitics,,,217.08,19.5,maker_free(census),api,Politics,quadraticx1
KXEURUSDAW,commodities_fx_other,,,216.44,35.88,maker_free(census),rule,Financials,quadraticx1
KXHURRICANENAMES,weather_climate,,,215.88,31.88,maker_free(census),rule,Climate and Weather,quadraticx1
KXBERNIEMENTION,mentions,,,215.32,51.5,UNKNOWN,rule,,
KXTRUMPADFUNDER,politics_geopolitics,,,214.22,4.75,UNKNOWN,rule,,
KXBRAZILTURNOUT,politics_geopolitics,,,213.59,2.75,UNKNOWN,rule,,
KXDEBTGROWTH,rates_macro,,,213.37,5.12,maker_free(census),rule,Economics,quadraticx1
KXCAGOVLAMAYOR,politics_geopolitics,,,212.06,14.75,maker_free(census),rule,Elections,quadraticx1
KXMSCOTTON,commodities_fx_other,,,210.54,3.75,UNKNOWN,rule,,
KXOPENAIANOTHERMILLENNIUM,tech_ai,,,210.18,9.25,UNKNOWN,rule,,
KXAFCA,sports_other,,,209.44,3.0,maker_free(census),api,Sports,quadraticx1
KXFLPROPERTYTAX,politics_geopolitics,,,209.36,13.62,maker_free(census),api,Elections,quadraticx1
KXFDAAPPROVE,tech_ai,,,209.2,10.38,maker_free(census),api,Science and Technology,quadraticx1
KXCAHPIYOY,other,,,208.48,1.75,UNKNOWN,guess,,
KXSENMIN,other,,,208.47,4.0,UNKNOWN,guess,,
KXNEXTTEAMMLB,sports_other,,,207.88,16.25,maker_free(census),api,Sports,quadraticx1
KXBCCONSEATS,politics_geopolitics,,,207.23,3.88,UNKNOWN,rule,,
KXUFCLHEAVYWEIGHTTITLE,sports_combat,UFC,futures,207.01,16.12,maker_free(census),rule,Sports,quadraticx1
KXSERBIAPARLI,politics_geopolitics,,,206.55,9.75,maker_free(census),rule,Elections,quadraticx1
KXTRUMPUFC,politics_geopolitics,,,206.37,110.0,maker_free(census),rule,Politics,quadraticx1
KXNASCARTOPTEAM,sports_motorsport,NASCAR,props,206.26,19.38,UNKNOWN,rule,,
KXMACHADOVENEZUELA,politics_geopolitics,,,206.06,28.62,maker_free(census),api,Politics,quadraticx1
KXRATECUT,rates_macro,,,205.83,50.0,maker_free(census),rule,Economics,quadraticx1
KXLASTEXAM,tech_ai,,,205.73,16.0,maker_free(census),api,Science and Technology,quadraticx1
KXOSCARNOMDIR,entertainment_culture,,,204.72,19.12,maker_free(census),rule,Entertainment,quadraticx1
KXSPEECHAI,other,,,203.35,4.75,UNKNOWN,guess,,
KXEARNINGSMENTIONUAL,mentions,,,203.05,20.88,maker_free(census),rule,Mentions,quadraticx1
KXRDUVISITS,other,,,202.97,2.62,UNKNOWN,guess,,
KXOPENADOPT,other,,,202.44,3.75,UNKNOWN,guess,,
KXLEADERNFLRUSHYDS,sports_other,,,202.31,96.25,maker_free(census),api,Sports,quadraticx1
KXTEENCLOTHADS,company_kpi_altdata,,,201.5,15.38,UNKNOWN,rule,,
KXCOACHOUTMLB,sports_other,,,200.93,6.5,maker_free(census),api,Sports,quadraticx1
KXREMITREC,other,,,200.89,4.38,UNKNOWN,guess,,
KXUSDNOKAW,commodities_fx_other,,,200.71,21.62,maker_free(census),rule,Financials,quadraticx1
KXEUROVISIONPARTICIPANTS,entertainment_culture,,,199.79,3.88,maker_free(census),rule,Entertainment,quadraticx1
KXTGTFT,company_kpi_altdata,,,198.91,14.88,UNKNOWN,rule,,
KXNETFLIXSTUDIO,entertainment_culture,,,198.38,2.0,UNKNOWN,rule,,
KXNORDRHEINWESTFALEN,other,,,197.67,8.12,UNKNOWN,guess,,
KX10SONG,entertainment_culture,,,197.41,10.25,maker_free(census),api,Entertainment,quadraticx1
HOUSEFL13,politics_geopolitics,,,194.29,8.12,maker_free(census),rule,Elections,quadraticx1
KXNCAAWV,sports_volleyball,NCAAWV,futures,194.14,14.62,UNKNOWN,rule,,
KXMESENGOVCOMBO,politics_geopolitics,,,194.05,4.88,maker_free(census),rule,Elections,quadraticx1
KXCAVOTERID,politics_geopolitics,,,193.85,11.12,maker_free(census),api,Elections,quadraticx1
KXDOGEMINMON-DOGE,crypto_daily_longer,,,193.51,13.88,UNKNOWN,rule,,
KXSWISSREF,politics_geopolitics,,,192.43,83.5,maker_free(census),api,Elections,quadraticx1
KXMC,entertainment_culture,,,191.73,15.0,maker_free(census),api,Entertainment,quadraticx1
KXISENATEWON,politics_geopolitics,,,191.5,8.75,UNKNOWN,rule,,
KXNBAFRANCHISECOST,sports_basketball,NBA,props,191.38,0.62,UNKNOWN,rule,,
KXSOLD26,crypto_daily_longer,,,191.03,17.12,maker_free(census),rule,Crypto,quadraticx1
KXNYCASKRENT,other,,,190.09,2.5,UNKNOWN,guess,,
KXHOUSETX9,politics_geopolitics,,,189.0,3.25,maker_free(census),rule,Elections,quadraticx1
KXBALTPORTTEU,other,,,187.59,1.38,UNKNOWN,guess,,
KXNCAAFAAC,sports_football_us,NCAAF,props,187.5,38.5,maker_free(census),rule,Sports,quadraticx1
KXCAFAIRPLAN,other,,,187.24,4.25,UNKNOWN,guess,,
KXCAHSR,other,,,187.19,1.5,UNKNOWN,guess,,
HOUSEAZ1,politics_geopolitics,,,187.15,7.0,maker_free(census),rule,Elections,quadraticx1
KXWENBACONATOR,company_kpi_altdata,,,187.11,0.62,UNKNOWN,rule,,
KXQCPQSEATSNUM,politics_geopolitics,,,186.94,5.0,UNKNOWN,rule,,
KXCANSNAP,other,,,185.66,3.0,UNKNOWN,guess,,
KXVTPERMITS,other,,,185.33,2.0,UNKNOWN,guess,,
KXSERBIAPRES,politics_geopolitics,,,185.13,2.75,UNKNOWN,rule,,
KXLIGUE1,sports_soccer,LIGUE1,futures,184.35,14.38,maker_fee,rule,Sports,quadratic_with_maker_feesx1
KXWNBAMATCHUP,sports_basketball,WNBA,futures,183.26,11.0,UNKNOWN,rule,,
KXMARMAD1SEED,sports_basketball,NCAAMB,futures,183.24,1.75,maker_free(census),rule,Sports,quadraticx1
KXUSCPIYEAR,rates_macro,,,183.06,17.75,maker_free(census),api,Economics,quadraticx1
KXAOCSENATE,politics_geopolitics,,,182.29,6.5,maker_free(census),rule,Elections,quadraticx1
KXBERLINGOVMAYOR,politics_geopolitics,,,182.21,7.38,UNKNOWN,rule,,
KXCLAUDE,tech_ai,,,182.09,16.5,maker_free(census),rule,Science and Technology,quadraticx1
KXCASINOADS,company_kpi_altdata,,,182.07,27.0,UNKNOWN,rule,,
KXDHOUSESEATSDIR,politics_geopolitics,,,180.46,7.12,maker_free(census),rule,Elections,quadraticx1
KXSENATEDEMVOTES,politics_geopolitics,,,180.06,12.75,UNKNOWN,rule,,
KXPGAHOLEINONE,sports_golf,PGA,props,179.87,3.25,maker_free(census),rule,Sports,quadraticx1
KXNUBONDS,other,,,178.96,1.75,UNKNOWN,guess,,
KXATTYGENNY,politics_geopolitics,,,178.31,2.38,maker_free(census),rule,Elections,quadraticx1
KXSG,equity_indices,,,177.92,6.0,maker_free(census),api,Financials,quadraticx1
KXPARANAGOV,politics_geopolitics,,,177.01,3.75,UNKNOWN,rule,,
KXUSDBRLAW,commodities_fx_other,,,176.87,28.0,maker_free(census),rule,Financials,quadraticx1
KXTACAPORTTOTAL,other,,,176.76,18.62,UNKNOWN,guess,,
KXNHLHART,sports_hockey,NHL,props,176.66,39.88,maker_free(census),rule,Sports,quadraticx1
KXRBLX,equity_indices,,,175.99,9.62,maker_free(census),api,Financials,quadraticx1
KXSOL26500,crypto_daily_longer,,,175.64,360.62,maker_free(census),rule,Crypto,quadraticx1
KXTRUMPSAYCOUNTRY,mentions,,,174.68,59.62,UNKNOWN,rule,,
KXSCOTUSN,politics_geopolitics,,,174.38,7.25,maker_free(census),rule,Politics,quadraticx1
KXEARNINGSMENTIONLEVI,mentions,,,173.92,11.25,UNKNOWN,rule,,
KXKFTOUR,sports_other,,,173.91,62.25,maker_free(census),api,Sports,quadraticx1
KXCBRATEHIKE,rates_macro,,,173.85,5.0,maker_free(census),api,Economics,quadraticx1
KXNBATRADE,sports_basketball,NBA,futures,173.29,12.12,maker_free(census),rule,Sports,quadraticx1
KXMLBALRELOTY,sports_baseball,MLB,props,173.02,18.88,maker_free(census),rule,Sports,quadraticx1
SENATETN,politics_geopolitics,,,172.34,5.0,maker_free(census),rule,Elections,quadraticx1
KXNFLDIVISIONORDER,sports_football_us,NFL,props,171.36,18.88,maker_free(census),rule,Sports,quadraticx1
KXNFLPRIMETIME,sports_football_us,NFL,props,171.13,3.88,maker_free(census),rule,Sports,quadraticx1
KXOSCARNOMVISUAL,entertainment_culture,,,171.06,3.75,maker_free(census),rule,Entertainment,quadraticx1
KXNCAAFMWCQUAL,sports_football_us,NCAAF,futures,171.0,20.75,maker_free(census),rule,Sports,quadraticx1
KXOSCARNOMMAKEUP,entertainment_culture,,,170.64,5.0,maker_free(census),rule,Entertainment,quadraticx1
KXTOPARTISTRUNNERUP,entertainment_culture,,,169.8,9.12,maker_free(census),rule,Entertainment,quadraticx1
KXELPASOCOUNTYJUDGE,politics_geopolitics,,,169.07,4.0,UNKNOWN,rule,,
KXCBDPHILIPPINES,rates_macro,,,168.59,14.25,UNKNOWN,rule,,
KXUSRETAIL,rates_macro,,,167.69,2.25,maker_free(census),api,Economics,quadraticx1
KXSUPERVOTEDARIO,other,,,167.68,1.38,UNKNOWN,guess,,
KXPROVIDENCEMAYOR,politics_geopolitics,,,167.67,2.88,maker_free(census),rule,Elections,quadraticx1
KXMOVIECAST,entertainment_culture,,,167.55,5.75,maker_free(census),rule,Entertainment,quadraticx1
KXMLBWINS-DET,sports_baseball,MLB,futures,167.13,4.5,maker_free(census),rule,Sports,quadraticx1
KXBRSENMOSTSEATS,politics_geopolitics,,,167.03,6.0,maker_free(census),rule,Elections,quadraticx1
KXHEISMANSPECIAL,sports_football_us,NCAAF,props,166.87,17.25,maker_free(census),rule,Sports,quadraticx1
KXBKDWHOPPER,company_kpi_altdata,,,166.03,5.5,UNKNOWN,rule,,
KXGRAMBNA,entertainment_culture,,,165.79,31.88,maker_free(census),api,Entertainment,quadraticx1
KXREACTOR,tech_ai,,,165.06,28.5,maker_free(census),api,Science and Technology,quadraticx1
KXLAHOUSE1R,other,,,164.73,6.12,UNKNOWN,guess,,
KXTHC3MG,other,,,164.67,5.12,UNKNOWN,guess,,
KXNFLWEEKMOSTPASSYDS,sports_football_us,NFL,props,163.63,26.25,UNKNOWN,rule,,
KXALYOPEN,weather_climate,,,163.02,1.62,UNKNOWN,rule,,
KXLIGAEXP1HSPREAD,sports_soccer,LIGAEXP,period,162.44,27.62,maker_free(census),rule,Sports,quadraticx1
KXHURCTOTMAJ,weather_climate,,,162.11,60.75,maker_free(census),rule,Climate and Weather,quadraticx1
KXILHPIYOY,other,,,161.31,0.75,UNKNOWN,guess,,
KXQUEBEC4TH,politics_geopolitics,,,160.68,2.25,UNKNOWN,rule,,
KXNCAAFCOTY,sports_football_us,NCAAF,futures,160.55,52.12,maker_free(census),rule,Sports,quadraticx1
KXSKEXPYOY,rates_macro,,,160.09,6.12,maker_free(census),api,Economics,quadraticx1
KXIDGROUNDWATER,other,,,160.08,2.25,UNKNOWN,guess,,
KXSTPETERSBURGMAYOR,politics_geopolitics,,,160.04,2.88,maker_free(census),rule,Elections,quadraticx1
KXAAAGASMAXTX,macro_gas_prices,,,159.52,21.5,maker_free(census),rule,Economics,quadraticx1
KXNCAAFCONFMATCHUP,sports_football_us,NCAAF,futures,158.88,18.5,UNKNOWN,rule,,
KXUFCMIDDLEWEIGHTTITLE,sports_combat,UFC,futures,158.86,14.75,maker_free(census),rule,Sports,quadraticx1
KXCEARAGOV,politics_geopolitics,,,157.85,8.38,maker_free(census),rule,Elections,quadraticx1
KXFIFAWGAME,other,,,157.67,3.88,UNKNOWN,guess,,
HOUSECT5,politics_geopolitics,,,157.51,1.25,maker_free(census),rule,Elections,quadraticx1
KXEPLLEADER,sports_soccer,EPL,futures,156.52,10.62,UNKNOWN,rule,,
KXSUPERBOWLWHITEHOUSE,sports_other,,,155.78,25.25,maker_free(census),api,Sports,quadraticx1
KXEARNINGSMENTIONNFLX,mentions,,,155.67,14.5,UNKNOWN,rule,,
KXUSCANADATARIFFUP,other,,,155.57,4.12,UNKNOWN,guess,,
KXSUNNYSIDE,other,,,155.47,2.62,UNKNOWN,guess,,
KXNFLFFSEASONTOTAL,sports_football_us,NFL,total,155.45,2.38,UNKNOWN(likely maker_fee),rule,,
KXEXXONCC,company_kpi_altdata,,,155.16,6.88,UNKNOWN,rule,,
KXNHLPRES,sports_hockey,NHL,props,155.14,8.38,UNKNOWN,rule,,
KXCOPADELREYBTTS,sports_soccer,COPADELREY,props,154.82,18.62,UNKNOWN,rule,,
KXBTC2026250,crypto_daily_longer,,,154.45,475.88,maker_free(census),rule,Crypto,quadraticx1
KXCART,other,,,154.01,2.62,UNKNOWN,guess,,
KXNCAAFQF,sports_football_us,NCAAF,props,153.8,14.62,maker_free(census),rule,Sports,quadraticx1
KXGREENLAND,politics_geopolitics,,,153.53,42.12,zero_fee,rule,Politics,quadraticx0
KXGBPUSDAW,commodities_fx_other,,,153.36,44.5,maker_free(census),rule,Financials,quadraticx1
KXTOPSONGSPOTIFYRUNNERUP,entertainment_culture,,,153.0,4.88,maker_free(census),rule,Entertainment,quadraticx1
KXRTCOMPARE,entertainment_culture,,,152.77,9.88,UNKNOWN,rule,,
KXBOWMANMENTION,mentions,,,152.71,9.5,UNKNOWN,rule,,
KXSTEAMTOPSELLER,other,,,151.96,29.0,UNKNOWN,guess,,
KXTOPSONGSPOTIFYUSA,entertainment_culture,,,151.87,4.38,maker_free(census),rule,Entertainment,quadraticx1
KXNCAAFPAC12QUAL,sports_football_us,NCAAF,futures,151.36,18.25,maker_free(census),rule,Sports,quadraticx1
KXPERNAMBUCOGOV,politics_geopolitics,,,151.31,5.75,UNKNOWN,rule,,
KXUSDJPYAD,commodities_fx_other,,,151.1,8.38,UNKNOWN,rule,,
KXAMSAVO,rates_macro,,,150.74,4.12,maker_free(census),api,Economics,quadraticx1
KXMTN,other,,,150.64,3.88,UNKNOWN,guess,,
KXMLBWSTREAK,sports_baseball,MLB,props,150.63,1.0,maker_free(census),rule,Sports,quadraticx1
KXZELENSKYPUTIN,politics_geopolitics,,,150.58,11.25,maker_free(census),rule,Politics,quadraticx1
KXSOLMINMON-SOL,crypto_daily_longer,,,150.03,30.38,UNKNOWN,rule,,
KXNYCMAYORPERSON,politics_geopolitics,,,149.63,20.25,maker_free(census),rule,Politics,quadraticx1
KXRAINAUSM,weather_climate,,,149.57,58.12,maker_free(census),rule,Climate and Weather,quadraticx1
KXBURNHAMMENTION,mentions,,,148.71,17.25,UNKNOWN,rule,,
KXIHOUSEWON,other,,,148.5,9.0,UNKNOWN,guess,,
KXSONGRELEASEDATE,entertainment_culture,,,148.3,16.25,maker_free(census),rule,Entertainment,quadraticx1
KXCBDCZECH,rates_macro,,,147.98,3.88,UNKNOWN,rule,,
KXTOPSONGSPOTIFY,entertainment_culture,,,147.77,12.25,maker_free(census),rule,Entertainment,quadraticx1
KXFDARETATRUTIDE,tech_ai,,,146.63,8.62,maker_free(census),api,Science and Technology,quadraticx1
KXMLBWINS-ATH,sports_baseball,MLB,futures,146.37,22.5,maker_free(census),rule,Sports,quadraticx1
KXCHINARARE,politics_geopolitics,,,146.2,10.75,UNKNOWN,rule,,
KXQUEBEC3RD,politics_geopolitics,,,146.17,6.38,UNKNOWN,rule,,
KXWNBAFINALSMVP,sports_basketball,WNBA,futures,146.16,23.88,maker_free(census),rule,Sports,quadraticx1
KXDFGOV,politics_geopolitics,,,146.14,3.5,UNKNOWN,rule,,
GOVPARTYAR,politics_geopolitics,,,145.99,2.25,maker_free(census),rule,Elections,quadraticx1
KXNEWOUTBREAK,other,,,145.96,13.75,UNKNOWN,guess,,
KXBWAYATTENDANCE,other,,,145.3,1.88,UNKNOWN,guess,,
KXGENERALCOUNTY-SENATEMI,politics_geopolitics,,,145.25,6.62,UNKNOWN,rule,,
GOVPARTYNE,politics_geopolitics,,,145.03,6.25,maker_free(census),rule,Elections,quadraticx1
KXSPAINPARLI,politics_geopolitics,,,144.64,0.75,maker_free(census),rule,Elections,quadraticx1
KXGENERALCOUNTY-SENATEFLS,politics_geopolitics,,,144.58,5.0,UNKNOWN,rule,,
KXFDAAPPROVALPSYCHEDELIC,tech_ai,,,143.78,33.0,maker_free(census),api,Science and Technology,quadraticx1
KXNFLROTM,sports_football_us,NFL,props,143.51,5.88,UNKNOWN,rule,,
KXPOPEVISIT,politics_geopolitics,,,143.37,7.12,maker_free(census),rule,Politics,quadraticx1
KXNFLDRAFTTOP,sports_football_us,NFL,futures,142.44,6.0,maker_free(census),rule,Sports,quadraticx1
KXNCAAFSF,sports_football_us,NCAAF,props,142.37,21.88,maker_free(census),rule,Sports,quadraticx1
KXPUTINUSA,politics_geopolitics,,,142.26,9.12,UNKNOWN,rule,,
KXTORONTOMAYOR,politics_geopolitics,,,142.12,2.88,maker_free(census),rule,Elections,quadraticx1
KXNECORNYIELD,commodities_fx_other,,,141.82,2.75,UNKNOWN,rule,,
KXCREDITC,rates_macro,,,140.73,7.25,maker_free(census),api,Economics,quadraticx1
KXSENATEADJOURN,politics_geopolitics,,,140.62,1.25,maker_free(census),rule,Politics,quadraticx1
KXWTESTMATCH,other,,,140.59,20.75,UNKNOWN,guess,,
KXTRUMPDELETE,politics_geopolitics,,,140.5,6.88,maker_free(census),rule,Politics,quadraticx1
KXB200WS,tech_ai,,,140.27,3.88,UNKNOWN(likely maker_fee: GPU-price series added 2026-09-03),rule,Financials,quadraticx1
KXRNGOV,politics_geopolitics,,,140.08,7.5,UNKNOWN,rule,,
KXTRUMPARCH,politics_geopolitics,,,140.03,3.38,maker_free(census),rule,Politics,quadraticx1
KXBKFT,company_kpi_altdata,,,139.79,2.62,UNKNOWN,rule,,
KXOSCARNOMSUPACTR,entertainment_culture,,,139.54,13.12,maker_free(census),rule,Entertainment,quadraticx1
KXTEMUCC,company_kpi_altdata,,,139.21,5.88,UNKNOWN,rule,,
KXOSCARNOMSPLAY,entertainment_culture,,,138.45,7.5,maker_free(census),rule,Entertainment,quadraticx1
KXSTATELEG,politics_geopolitics,,,138.36,8.38,maker_free(census),api,Elections,quadraticx1
KXNFLSEED,sports_football_us,NFL,props,137.78,15.25,UNKNOWN,rule,,
KXNEWGLENN,tech_ai,,,137.64,5.88,maker_free(census),api,Science and Technology,quadraticx1
KXTRUMPAIPAUSE,tech_ai,,,136.92,12.88,UNKNOWN,rule,,
KXINXMINY,equity_indices,,,136.46,34.5,maker_free(census),rule,Financials,quadraticx1
KXPAPPASSUNUNUDEBATE,politics_geopolitics,,,135.8,1.62,UNKNOWN,rule,,
KXSUPERVOTEALTMAN,other,,,135.32,1.25,UNKNOWN,guess,,
KXHMONTH,weather_climate,,,135.12,29.38,maker_free(census),api,Climate and Weather,quadraticx1
KXNCAAFACCREGTOP,sports_football_us,NCAAF,props,135.1,5.0,maker_free(census),rule,Sports,quadraticx1
KXCAHOUSEDEM,politics_geopolitics,,,134.8,1.38,maker_free(census),api,Elections,quadraticx1
KXNCAAFCUSAQUAL,sports_football_us,NCAAF,futures,134.74,10.75,maker_free(census),rule,Sports,quadraticx1
KXNBAPACIFIC,sports_basketball,NBA,props,134.6,5.62,maker_free(census),rule,Sports,quadraticx1
KXRSGOV,politics_geopolitics,,,134.13,9.12,UNKNOWN,rule,,
KXALTAOPEN,weather_climate,,,134.02,4.88,UNKNOWN,rule,,
KXCANCUTS,rates_macro,,,133.94,3.75,maker_free(census),api,Economics,quadraticx1
HOUSEVA7,politics_geopolitics,,,133.9,3.25,maker_free(census),rule,Elections,quadraticx1
BEYONCEGENRE,other,,,133.78,1.88,UNKNOWN,guess,,
KXLOSEREELECTIONDSEN,politics_geopolitics,,,133.31,2.0,maker_free(census),rule,Elections,quadraticx1
KXHANNOVERMAYOR,politics_geopolitics,,,133.25,23.0,UNKNOWN,rule,,
KXNCAAFB12REGTOP,sports_football_us,NCAAF,props,132.19,10.38,maker_free(census),rule,Sports,quadraticx1
KXUKBYELECTIONCOUNT,politics_geopolitics,,,131.72,0.25,maker_free(census),rule,Elections,quadraticx1
KXH100WS,tech_ai,,,131.63,6.38,UNKNOWN(likely maker_fee: GPU-price series added 2026-09-03),rule,Financials,quadraticx1
KXNFLH2HWINS,sports_football_us,NFL,futures,131.47,8.12,maker_free(census),rule,Sports,quadraticx1
KXNHLVEZINA,sports_hockey,NHL,props,130.58,15.75,UNKNOWN,rule,,
KXFLMAILVOTE,other,,,130.19,3.0,UNKNOWN,guess,,
SENATEVA,politics_geopolitics,,,129.72,3.75,maker_free(census),rule,Elections,quadraticx1
HOUSECA22,politics_geopolitics,,,129.64,5.88,maker_free(census),rule,Elections,quadraticx1
KXGRAMMYNOMROTY,entertainment_culture,,,129.51,3.75,maker_free(census),rule,Entertainment,quadraticx1
KXSENATEDEMLEAD,politics_geopolitics,,,129.31,4.0,maker_free(census),rule,Elections,quadraticx1
HOUSEAZ6,politics_geopolitics,,,128.93,8.0,maker_free(census),rule,Elections,quadraticx1
KXSUMOWIN,other,,,128.76,25.75,UNKNOWN,guess,,
KXBUNDESLIGA,sports_soccer,BUNDESLIGA,futures,128.53,15.38,maker_fee,rule,Sports,quadratic_with_maker_feesx1
KXMLBSTAT,sports_baseball,MLB,props,128.12,42.0,maker_free(census),rule,Sports,quadraticx1
KXWICORNYIELD,commodities_fx_other,,,127.32,1.75,UNKNOWN,rule,,
KXCOINA,company_earnings,,,127.08,1.62,UNKNOWN,rule,,
KXUSGASCPI,rates_macro,,,127.02,8.88,maker_free(census),api,Economics,quadraticx1
KXNFLSEASONPASSTDS,sports_football_us,NFL,futures,126.53,23.0,UNKNOWN,rule,,
KXOSCARNOMSCORE,entertainment_culture,,,126.33,3.5,maker_free(census),rule,Entertainment,quadraticx1
KXFRPRESBALLOT,politics_geopolitics,,,126.16,6.75,maker_free(census),rule,Elections,quadraticx1
KXDOGEMAX1,crypto_daily_longer,,,125.95,17.62,maker_free(census),rule,Crypto,quadraticx1
KXINCORNYIELD,commodities_fx_other,,,125.0,1.38,UNKNOWN,rule,,
KXRANKLISTFFTE,sports_other,,,124.73,15.88,maker_free(census),api,Sports,quadraticx1
KXLEADERMLBTRIPLES,sports_baseball,MLB,props,124.33,0.25,maker_free(census),rule,Sports,quadraticx1
KXSWEDENGOVT,politics_geopolitics,,,124.2,8.38,UNKNOWN,rule,,
KXSWIFTWEDDING,entertainment_culture,,,124.1,12.38,maker_free(census),rule,Entertainment,quadraticx1
KXAKSENGOVCOMBO,politics_geopolitics,,,124.05,21.0,maker_free(census),rule,Elections,quadraticx1
KXUCLLEADER,sports_soccer,UCL,futures,123.38,18.25,UNKNOWN,rule,,
KXLLYCC,company_kpi_altdata,,,122.69,5.62,UNKNOWN,rule,,
KXLEADERWNBAREB,sports_basketball,WNBA,props,122.22,1.88,maker_free(census),rule,Sports,quadraticx1
KXSCOTUSCERT,politics_geopolitics,,,122.16,8.0,maker_free(census),rule,Politics,quadraticx1
KXAAAGASMINM,macro_gas_prices,,,122.04,23.25,UNKNOWN,rule,,
KXOSCARINTLFILM,entertainment_culture,,,121.8,7.62,UNKNOWN,rule,,
KXFLEARLYVOTE,other,,,121.45,0.75,UNKNOWN,guess,,
KXSECSTATEIN,politics_geopolitics,,,121.38,6.25,maker_free(census),api,Elections,quadraticx1
KXUNSEC,politics_geopolitics,,,121.23,6.62,maker_free(census),api,Elections,quadraticx1
KXEMPLOYMENTCOMBO,rates_macro,,,120.99,16.5,maker_free(census),rule,Economics,quadraticx1
KXCBDCHILE,rates_macro,,,120.1,9.25,UNKNOWN,rule,,
KXETHY,crypto_daily_longer,,,120.03,55.38,zero_fee,rule,Crypto,quadraticx0
KXNCAAFBOWLGAME,sports_football_us,NCAAF,props,119.79,1.25,UNKNOWN,rule,,
KXALITOOUT,politics_geopolitics,,,119.74,10.12,maker_free(census),api,Politics,quadraticx1
KXECONSTATCPICORE,rates_macro,,,118.62,7.88,maker_free(census),rule,Economics,quadraticx1
KXMUSICREPORT,entertainment_culture,,,118.35,11.12,maker_free(census),api,Entertainment,quadraticx1
KXTITLEDTUESDAY,sports_other,,,118.15,25.75,maker_free(census),api,Sports,quadraticx1
KXMLBWINS-CHC,sports_baseball,MLB,futures,118.01,10.0,maker_free(census),rule,Sports,quadraticx1
KXMLBLEADERPLAYOFF,sports_baseball,MLB,futures,117.97,13.62,UNKNOWN,rule,,
KXIPOOPENAI,company_earnings,,,117.93,7.5,maker_free(census),rule,Financials,quadraticx1
KXGOOGLESEARCH,company_earnings,,,117.77,21.25,maker_free(census),rule,Entertainment,quadraticx1
KXKENYAUSMINERALS,other,,,117.65,1.62,UNKNOWN,guess,,
KXMLBCHAMPLEAGUE,sports_baseball,MLB,futures,117.41,2.75,UNKNOWN,rule,,
KXCOOPERWHATLEYDEBATE,politics_geopolitics,,,116.78,1.0,UNKNOWN,rule,,
KXF1OCCUR,sports_motorsport,F1,props,116.57,10.5,UNKNOWN,rule,,
KXB200MAX,tech_ai,,,116.42,8.62,UNKNOWN(likely maker_fee: GPU-price series added 2026-09-03),rule,Science and Technology,quadraticx1
KXINTLPLAYAGAIN,sports_other,,,115.22,1.12,maker_free(census),api,Sports,quadraticx1
KXTRUMPPARDON,politics_geopolitics,,,115.1,21.75,maker_free(census),rule,Politics,quadraticx1
KXSTARSHIPFL,tech_ai,,,114.74,14.88,maker_free(census),rule,Science and Technology,quadraticx1
KXSERBIASNSMOV,other,,,114.4,3.25,UNKNOWN,guess,,
KXARGENTINAPRES,politics_geopolitics,,,113.69,3.88,maker_free(census),rule,Elections,quadraticx1
KXEIACRUDEW,commodities_fx_other,,,113.31,3.25,UNKNOWN,rule,,
KXSUPERBOWLAD,company_earnings,,,113.2,14.88,maker_free(census),api,Companies,quadraticx1
KXCOLLEGERANK,tech_ai,,,113.01,2.25,maker_free(census),api,Science and Technology,quadraticx1
KXISRAELANYSEAT,politics_geopolitics,,,111.7,4.88,UNKNOWN,rule,,
KXSP500WHEN,equity_indices,,,111.69,7.12,UNKNOWN,rule,,
KXMOTOGP,sports_motorsport,MOTOGP,futures,111.43,19.5,maker_free(census),rule,Sports,quadraticx1
KXNFCI,other,,,110.94,2.88,UNKNOWN,guess,,
KXLAPRIMARY,politics_geopolitics,,,110.1,11.12,maker_free(census),rule,Elections,quadraticx1
KXVPRESNOMR,politics_geopolitics,,,109.93,45.25,maker_free(census),rule,Elections,quadraticx1
KXLEADERNFLRUSHTDS,sports_other,,,109.87,43.0,maker_free(census),api,Sports,quadraticx1
KXGPTCOST,tech_ai,,,109.76,21.38,maker_free(census),rule,Science and Technology,quadraticx1
KXTSLAA,company_earnings,,,109.05,7.12,maker_free(census),rule,Companies,quadraticx1
KXQCPLQSEATS,politics_geopolitics,,,109.0,2.0,UNKNOWN,rule,,
HOUSENJ5,politics_geopolitics,,,108.9,2.0,maker_free(census),rule,Elections,quadraticx1
KXMOMFGEMP,other,,,108.67,1.38,UNKNOWN,guess,,
KXNFLSEASONREC,sports_football_us,NFL,futures,108.58,9.38,maker_free(census),rule,Sports,quadraticx1
KXNVVISIT,other,,,108.5,1.38,UNKNOWN,guess,,
KXNCAAFBIGTENREGTOP,sports_football_us,NCAAF,props,108.4,10.62,maker_free(census),rule,Sports,quadraticx1
KXHORMUZAVG,politics_geopolitics,,,108.3,7.0,maker_free(census),rule,Politics,quadraticx1
KXF,company_earnings,,,108.25,8.38,maker_free(census),rule,Financials,quadraticx1
KXEFFR,rates_macro,,,108.08,2.38,maker_free(census),api,Economics,quadraticx1
KXFOURSTATESEN,politics_geopolitics,,,107.31,44.88,maker_free(census),api,Elections,quadraticx1
KXAUCTIONRECORD,entertainment_culture,,,106.93,7.25,maker_free(census),api,Entertainment,quadraticx1
KXNOBELCHEM,politics_geopolitics,,,106.81,9.25,UNKNOWN,rule,,
KXNHLNORRIS,sports_hockey,NHL,props,106.54,6.75,UNKNOWN,rule,,
KXSARETAIL,rates_macro,,,106.48,2.25,maker_free(census),api,Economics,quadraticx1
KXIFINATAMAB,equity_indices,,,106.45,1.75,maker_free(census),api,Financials,quadraticx1
KXMLBCHAMPDIVISION,sports_baseball,MLB,futures,106.3,2.0,UNKNOWN,rule,,
KXF1ACTION,sports_motorsport,F1,props,105.46,14.38,maker_free(census),rule,Sports,quadraticx1
KXMLBWINS-MIA,sports_baseball,MLB,futures,104.63,14.75,maker_free(census),rule,Sports,quadraticx1
KXTHCLEGALSALE3MG,other,,,104.34,2.88,UNKNOWN,guess,,
KXMSCIADDQ,other,,,103.95,1.62,UNKNOWN,guess,,
KXOSCARCINE,entertainment_culture,,,103.69,4.25,UNKNOWN,rule,,
KXNCAAFCONF,sports_football_us,NCAAF,props,103.31,22.5,maker_free(census),rule,Sports,quadraticx1
KXBEXARCOUNTYJUDGE,politics_geopolitics,,,103.22,4.5,UNKNOWN,rule,,
KXRAINLAXM,weather_climate,,,103.05,68.62,maker_free(census),rule,Climate and Weather,quadraticx1
KXMARCELLUSGAS,commodities_fx_other,,,102.98,1.5,UNKNOWN,rule,,
KXANTHROPICMILLENNIUM,tech_ai,,,102.78,8.88,UNKNOWN,rule,,
KXLPGAR1LEAD,sports_golf,LPGA,props,102.76,15.88,UNKNOWN,rule,,
KXREMITSENT,other,,,102.53,5.5,UNKNOWN,guess,,
KXVPRESPERSON,politics_geopolitics,,,102.53,4.12,UNKNOWN,rule,,
KXISRAELGOVT,politics_geopolitics,,,102.37,5.75,maker_free(census),rule,Elections,quadraticx1
TESLAOPTIMUS,other,,,102.0,18.12,UNKNOWN,guess,,
KXSATRADEBAL,rates_macro,,,102.0,1.88,maker_free(census),api,Economics,quadraticx1
KXVALORANTGROUPWIN,sports_esports,VALORANT,props,101.93,6.0,UNKNOWN,rule,,
KXDHOUSESUPERMAJ,politics_geopolitics,,,101.72,2.38,UNKNOWN,rule,,
KXGRAMMYNOMNAOTY,entertainment_culture,,,101.53,8.0,maker_free(census),rule,Entertainment,quadraticx1
KXH100MS,tech_ai,,,100.63,4.25,UNKNOWN(likely maker_fee: GPU-price series added 2026-09-03),rule,Financials,quadraticx1
KXDOTPLOT,crypto_daily_longer,,,100.43,1.25,maker_free(census),rule,Economics,quadraticx1
KXMLBALCPOTY,sports_baseball,MLB,futures,100.16,4.88,maker_free(census),rule,Sports,quadraticx1
KXNVHOMEPRICE,other,,,100.14,1.88,UNKNOWN,guess,,
KXBALDYOPEN,weather_climate,,,100.03,5.12,UNKNOWN,rule,,
KXVENEZCRUDE,commodities_fx_other,,,99.47,2.0,UNKNOWN,rule,,
KXNBARECORD,sports_basketball,NBA,props,98.71,14.12,maker_free(census),rule,Sports,quadraticx1
KXNCAAFSEED,sports_football_us,NCAAF,props,98.63,18.62,maker_free(census),rule,Sports,quadraticx1
KXHOLBORNBYPARTY,other,,,98.33,0.88,UNKNOWN,guess,,
KXMLSWEST,sports_soccer,MLS,futures,97.44,34.0,maker_free(census),rule,Sports,quadraticx1
KXGTA6SONGS,entertainment_culture,,,96.43,19.62,maker_free(census),rule,Entertainment,quadraticx1
KXUFCTITLE,sports_combat,UFC,futures,96.28,18.88,UNKNOWN,rule,,
KXFETTERMANSWITCH,politics_geopolitics,,,96.19,6.12,maker_free(census),api,Politics,quadraticx1
KXKAOHSIUNGMAYOR,politics_geopolitics,,,96.12,4.75,UNKNOWN,rule,,
KXNCAAMBAPRANK,sports_basketball,NCAAMB,futures,95.37,15.62,maker_free(census),rule,Sports,quadraticx1
KXCBDECISIONRUSSIA,rates_macro,,,95.06,5.0,maker_free(census),rule,Economics,quadraticx1
KXFUNDRAISING,politics_geopolitics,,,94.85,30.75,maker_free(census),api,Politics,quadraticx1
KXKAMALARUN,politics_geopolitics,,,94.32,2.0,maker_free(census),rule,Elections,quadraticx1
KXNFLWEEKMOSTRECYDS,sports_football_us,NFL,props,93.92,10.5,UNKNOWN,rule,,
KXMELIA,equity_indices,,,93.73,2.88,maker_free(census),api,Financials,quadraticx1
KXSEWERHEALTH,other,,,93.6,2.25,UNKNOWN,guess,,
KXLATVIAPM,politics_geopolitics,,,93.52,1.62,UNKNOWN,rule,,
KXTOPALBUM,entertainment_culture,,,92.76,21.12,maker_free(census),rule,Entertainment,quadraticx1
KXDJTENDORSENETANYAHU,politics_geopolitics,,,92.39,3.12,maker_free(census),rule,Elections,quadraticx1
POWER,politics_geopolitics,,,92.36,14.25,maker_free(census),api,Elections,quadraticx1
KXGROK,tech_ai,,,92.28,10.25,maker_free(census),rule,Science and Technology,quadraticx1
KXOSCARANIMATED,entertainment_culture,,,92.27,10.75,UNKNOWN,rule,,
KXMODELHIGH,tech_ai,,,92.24,15.5,maker_free(census),api,Science and Technology,quadraticx1
KXKENNEDYREOPEN,weather_climate,,,92.0,0.88,UNKNOWN,rule,,
KXCALLIMPEACHRCONGRESS,politics_geopolitics,,,91.68,5.38,maker_free(census),api,Politics,quadraticx1
KXCHICAGOMAYOR,politics_geopolitics,,,91.67,11.88,maker_free(census),rule,Elections,quadraticx1
KXOSCARSUPACTR,entertainment_culture,,,91.51,15.5,maker_free(census),rule,Entertainment,quadraticx1
KXCONTCLAIMS,other,,,91.07,3.5,UNKNOWN,guess,,
KXCABILLIONAIRETAX,politics_geopolitics,,,91.04,1.62,maker_free(census),api,Elections,quadraticx1
KXUST7AM,rates_macro,,,90.93,7.5,maker_free(census),rule,Financials,quadraticx1
KXEARNINGSMENTIONDAL,mentions,,,90.89,15.62,UNKNOWN,rule,,
KXFDAAPPROVALDATECMPS,tech_ai,,,90.85,3.88,maker_free(census),api,Science and Technology,quadraticx1
KXBRPRESIDENT5,politics_geopolitics,,,90.84,2.5,UNKNOWN,rule,,
KXTOPSONGTHIRDUSA,entertainment_culture,,,90.63,2.5,maker_free(census),rule,Entertainment,quadraticx1
KXNCAAFTOPSEED,sports_football_us,NCAAF,props,90.63,10.62,maker_free(census),rule,Sports,quadraticx1
KXPOPCHICKSAND,company_kpi_altdata,,,90.51,4.38,maker_free(census),rule,Economics,quadraticx1
KXSDCATTLE,commodities_fx_other,,,90.17,4.38,UNKNOWN,rule,,
KXGAMERELEASE,entertainment_culture,,,90.07,4.25,maker_free(census),api,Entertainment,quadraticx1
KXMONTGOMERYCOUNTYJUDGE,politics_geopolitics,,,89.92,3.25,UNKNOWN,rule,,
KXNETFLIXRANKSHOWGLOBAL2,entertainment_culture,,,89.31,19.25,maker_free(census),rule,Entertainment,quadraticx1
KXSETLIST,other,,,89.27,2.88,UNKNOWN,guess,,
KXCBDECISIONNZ,rates_macro,,,89.0,11.62,maker_free(census),rule,Economics,quadraticx1
KXIASENGOVCOMBO,politics_geopolitics,,,88.99,7.12,maker_free(census),rule,Elections,quadraticx1
KXNUMREDISTRICTING,politics_geopolitics,,,88.89,1.75,maker_free(census),rule,Elections,quadraticx1
KXEPLTEAMPOINTS,sports_soccer,EPL,props,88.64,22.0,maker_free(census),rule,Sports,quadraticx1
KXMISENGOVCOMBO,politics_geopolitics,,,88.6,1.88,maker_free(census),rule,Elections,quadraticx1
KXCPINDEX,rates_macro,,,88.55,1.75,maker_free(census),rule,Economics,quadraticx1
KXMLBNEXTTEAM,sports_baseball,MLB,futures,88.18,4.5,maker_free(census),rule,Sports,quadraticx1
KXPDCDARTS,sports_other,,,88.07,34.62,maker_free(census),api,Sports,quadraticx1
KXQUEBEC2ND,politics_geopolitics,,,87.79,3.62,UNKNOWN,rule,,
KXANITOCABTAGENE,equity_indices,,,87.66,1.38,maker_free(census),api,Financials,quadraticx1
KXISLEMINISTER,other,,,87.58,13.12,UNKNOWN,guess,,
KXDKSCC,company_kpi_altdata,,,87.48,3.38,UNKNOWN,rule,,
KXMEAD,weather_climate,,,85.94,10.75,maker_free(census),api,Climate and Weather,quadraticx1
KXCOPADELREY1HTOTAL,sports_soccer,COPADELREY,total,85.57,5.25,UNKNOWN,rule,,
KXRANKLISTGOOGLESEARCHTOP5,entertainment_culture,,,85.32,17.25,maker_free(census),rule,Entertainment,quadraticx1
KXCANAL,politics_geopolitics,,,85.27,6.75,maker_free(census),api,Politics,quadraticx1
KXLIGAEXP1HBTTS,sports_soccer,LIGAEXP,period,84.54,22.75,maker_free(census),rule,Sports,quadraticx1
KXKILLINGTONOPEN,weather_climate,,,84.49,1.25,UNKNOWN,rule,,
KXNCAAFACCWINS,sports_football_us,NCAAF,futures,84.17,1.0,maker_free(census),rule,Sports,quadraticx1
KXCITYNBAEXPAND,sports_other,,,83.97,3.12,maker_free(census),api,Sports,quadraticx1
KXUKFOOTBALLALCOHOL,other,,,83.81,1.5,UNKNOWN,guess,,
KXEBOLACOUNTRY,tech_ai,,,83.72,17.62,maker_free(census),api,Science and Technology,quadraticx1
KXXRPMINY-XRP,crypto_daily_longer,,,83.7,7.0,UNKNOWN,rule,,
KXCHINABOEING,politics_geopolitics,,,83.62,1.38,UNKNOWN,rule,,
KXTUCKERTHIRDPARTY,other,,,83.58,3.5,UNKNOWN,guess,,
KXMETEOR,tech_ai,,,83.56,16.0,maker_free(census),api,Science and Technology,quadraticx1
KXTRUMPMAMDANI,politics_geopolitics,,,83.32,1.88,UNKNOWN,rule,,
KXOSCARNOMCIN,entertainment_culture,,,83.13,4.25,maker_free(census),rule,Entertainment,quadraticx1
KXMLBWSMVP,sports_baseball,MLB,futures,83.06,27.62,UNKNOWN,rule,,
KXTARRANTCOUNTYJUDGE,politics_geopolitics,,,83.05,1.38,UNKNOWN,rule,,
KXNEWDRUGAPPLICATIONCMPS,tech_ai,,,83.01,5.12,maker_free(census),api,Science and Technology,quadraticx1
KXNCAAFCFPPOLL,sports_football_us,NCAAF,props,82.98,11.62,UNKNOWN,rule,,
KXDISNEYAPP,company_kpi_altdata,,,82.76,16.0,UNKNOWN,rule,,
KXISRAELKNESSET,politics_geopolitics,,,82.51,3.5,maker_free(census),rule,Elections,quadraticx1
KXATTYGENWI,politics_geopolitics,,,82.2,1.62,maker_free(census),rule,Elections,quadraticx1
KXUECLGAME,sports_soccer,UECL,game,82.19,2.0,maker_free(census),rule,Sports,quadraticx1
SENATEDE,politics_geopolitics,,,82.09,2.38,maker_free(census),rule,Elections,quadraticx1
KXVAPORTTEU,other,,,81.84,1.38,UNKNOWN,guess,,
KXNCAAFSECREGTOP,sports_football_us,NCAAF,props,81.73,11.5,maker_free(census),rule,Sports,quadraticx1
KXABAGAME,sports_basketball,ABA,game,81.44,18.25,UNKNOWN,rule,,
KXUFCBANTAMWEIGHTTITLE,sports_combat,UFC,futures,80.93,10.88,maker_free(census),rule,Sports,quadraticx1
KXIDHB932,other,,,80.75,7.12,UNKNOWN,guess,,
KXDDCOLDBREW,company_kpi_altdata,,,80.74,3.88,UNKNOWN,rule,,
KXMILLENNIUM,tech_ai,,,80.42,10.5,maker_free(census),api,Science and Technology,quadraticx1
KXNFLWINS-ANY,sports_football_us,NFL,futures,79.75,2.12,maker_free(census),rule,Sports,quadraticx1
KXLPGAR2LEAD,sports_golf,LPGA,props,79.65,1.75,UNKNOWN,rule,,
KXGENERALCOUNTY-GOVPARTYNY,politics_geopolitics,,,79.41,11.62,UNKNOWN,rule,,
KXCANOREOY,rates_macro,,,79.02,8.25,maker_free(census),api,Economics,quadraticx1
KXCOMPANYLAYOFF,company_earnings,,,78.95,3.88,maker_free(census),api,Companies,quadraticx1
KXTRUMPDIVIDEND,politics_geopolitics,,,78.92,30.12,UNKNOWN,rule,,
KXOSCARNOMINTERFILM,entertainment_culture,,,78.61,3.62,maker_free(census),rule,Entertainment,quadraticx1
KXMOONMAN,tech_ai,,,78.45,8.88,maker_free(census),rule,Science and Technology,quadraticx1
KXSBUXSAR,company_earnings,,,78.22,5.38,maker_free(census),rule,Economics,quadraticx1
KXWMARMAD,sports_other,,,78.14,7.12,maker_free(census),api,Sports,quadraticx1
KXOSNABRUCKMAYOR,politics_geopolitics,,,78.06,10.5,UNKNOWN,rule,,
KXTOPSONGRUNNERUPUSA,entertainment_culture,,,77.76,6.5,maker_free(census),rule,Entertainment,quadraticx1
KXMLBWINS-CWS,sports_baseball,MLB,futures,77.72,27.88,maker_free(census),rule,Sports,quadraticx1
KXCLARENCEMAYOR,politics_geopolitics,,,77.63,3.75,UNKNOWN,rule,,
KXFEDDISSENT,rates_macro,,,77.5,3.12,maker_free(census),rule,Economics,quadraticx1
KXNBANEWCHAMPION,sports_basketball,NBA,futures,77.49,1.88,maker_free(census),rule,Sports,quadraticx1
KXFISAEXTEND,politics_geopolitics,,,77.24,1.5,maker_free(census),api,Politics,quadraticx1
HOUSECA3,politics_geopolitics,,,77.22,1.88,maker_free(census),rule,Elections,quadraticx1
KXFSLR,other,,,77.22,5.38,UNKNOWN,guess,,
KXNHLRICHARD,sports_hockey,NHL,props,77.15,10.0,UNKNOWN,rule,,
KXEXITPOLL,politics_geopolitics,,,77.02,10.75,UNKNOWN,rule,,
KXPRESMATCHUP,politics_geopolitics,,,76.96,23.25,maker_free(census),rule,Elections,quadraticx1
KXTOKENUSEM,tech_ai,,,76.94,6.5,UNKNOWN,rule,,
KXINTERSTELLAR,tech_ai,,,76.78,21.5,maker_free(census),api,Science and Technology,quadraticx1
KXLOLQUALIFIERS,sports_esports,LOL,props,76.71,2.88,UNKNOWN,rule,,
KXUFCFEATHERWEIGHTTITLE,sports_combat,UFC,futures,76.32,6.5,maker_free(census),rule,Sports,quadraticx1
KXNECOF,other,,,75.98,1.25,UNKNOWN,guess,,
KXACREGOV,politics_geopolitics,,,75.93,4.5,UNKNOWN,rule,,
KXNEXTROMANIAPM,politics_geopolitics,,,75.73,7.38,maker_free(census),rule,Elections,quadraticx1
KXTARIFFRATEPRC,politics_geopolitics,,,75.6,0.75,maker_free(census),rule,Politics,quadraticx1
KXNFLNEXTINT,sports_football_us,NFL,props,75.41,4.5,maker_free(census),rule,Sports,quadraticx1
KXNCAAFBIGTENLEADER,sports_football_us,NCAAF,props,75.38,18.38,UNKNOWN,rule,,
KXMARALAGO,politics_geopolitics,,,75.37,9.25,maker_free(census),api,Politics,quadraticx1
KXALBERTASEPREF,politics_geopolitics,,,75.33,9.88,maker_free(census),api,Elections,quadraticx1
KXAKSALMON,commodities_fx_other,,,75.29,4.5,maker_free(census),rule,Economics,quadraticx1
KXARCTICICEMIN,weather_climate,,,75.06,2.38,maker_free(census),rule,Climate and Weather,quadraticx1
KXEPSTEINLIST,politics_geopolitics,,,75.03,13.88,maker_free(census),rule,Politics,quadraticx1
KXCANUSRAISE,other,,,75.01,1.12,UNKNOWN,guess,,
KXEFLL11HBTTS,sports_soccer,EFLL1,period,74.91,12.5,UNKNOWN,rule,,
KXRANKLISTSONGTOP10,entertainment_culture,,,74.68,1.38,maker_free(census),api,Entertainment,quadraticx1
KXOTTAWAMAYOR,politics_geopolitics,,,74.4,4.38,maker_free(census),rule,Elections,quadraticx1
KXBOSNIANGEN,politics_geopolitics,,,74.36,4.62,maker_free(census),api,Elections,quadraticx1
KXNVDAMENTION,mentions,,,74.27,6.38,UNKNOWN,rule,,
KXTALLAHASSEEMAYOR,politics_geopolitics,,,74.22,4.25,maker_free(census),rule,Elections,quadraticx1
KXCOMMISHFDA,other,,,74.14,4.62,UNKNOWN,guess,,
KXUSDX,commodities_fx_other,,,73.96,8.75,maker_free(census),rule,Financials,quadraticx1
KXNBASOUTHEAST,sports_basketball,NBA,futures,73.91,3.12,maker_free(census),rule,Sports,quadraticx1
KXKLEAGUESPREAD,sports_soccer,KLEAGUE,spread,73.86,7.12,UNKNOWN,rule,,
KXAINEURALESE,tech_ai,,,73.81,2.12,maker_free(census),rule,Science and Technology,quadraticx1
KXQCPQSEATS,politics_geopolitics,,,73.74,3.75,UNKNOWN,rule,,
KXGUAMGOV,politics_geopolitics,,,73.7,3.62,maker_free(census),rule,Elections,quadraticx1
KXMLBWINS-MIN,sports_baseball,MLB,futures,73.64,4.12,maker_free(census),rule,Sports,quadraticx1
KXACQLETTERBOXD,equity_indices,,,73.58,0.5,maker_free(census),api,Financials,quadraticx1
KXNFLWINSTREAK,sports_football_us,NFL,props,73.56,1.38,UNKNOWN,rule,,
KXHYPEY,crypto_daily_longer,,,73.31,5.88,maker_free(census),rule,Crypto,quadraticx1
KXLLMCHESS,tech_ai,,,73.0,3.12,UNKNOWN,rule,,
KXNCAAFB10QUAL,sports_football_us,NCAAF,futures,72.97,22.0,maker_free(census),rule,Sports,quadraticx1
KXQCCAQSEATS,politics_geopolitics,,,72.59,6.88,UNKNOWN,rule,,
KXDST,politics_geopolitics,,,72.52,4.62,maker_free(census),api,Politics,quadraticx1
KXWNBADUNK,sports_basketball,WNBA,props,72.38,14.62,maker_free(census),rule,Sports,quadraticx1
KXJUDGECOUNT,politics_geopolitics,,,72.16,3.5,maker_free(census),api,Politics,quadraticx1
KXNFLDELAY,sports_football_us,NFL,props,71.91,3.12,UNKNOWN,rule,,
KXQUANTUM,tech_ai,,,71.38,3.25,maker_free(census),rule,Science and Technology,quadraticx1
KXSTATE51,politics_geopolitics,,,71.34,14.38,maker_free(census),api,Politics,quadraticx1
KXOSCARNOMASPLAY,entertainment_culture,,,71.31,3.38,maker_free(census),rule,Entertainment,quadraticx1
KXLABORSECCONF,politics_geopolitics,,,71.21,0.5,maker_free(census),api,Politics,quadraticx1
KXEFLCUP,sports_soccer,EFLCUP,futures,71.09,11.5,UNKNOWN,rule,,
KXRIQUAHOG,commodities_fx_other,,,71.07,1.38,UNKNOWN,rule,,
KXTRUMPSTATESMON,politics_geopolitics,,,71.01,1.0,UNKNOWN,rule,,
KXNCAAFBIG12WINS,sports_football_us,NCAAF,futures,70.9,1.88,maker_free(census),rule,Sports,quadraticx1
KXSPCELAUNCH,tech_ai,,,70.81,5.5,maker_free(census),api,Science and Technology,quadraticx1
KXOSCARNOMBCASTING,entertainment_culture,,,70.73,2.12,maker_free(census),rule,Entertainment,quadraticx1
KXRTX5090MS,entertainment_culture,,,70.71,66.38,maker_free(census),rule,Financials,quadraticx1
KXBRDEP,politics_geopolitics,,,70.28,2.5,maker_free(census),api,Elections,quadraticx1
KXCFACHICKSAND,company_kpi_altdata,,,70.27,4.38,maker_free(census),rule,Economics,quadraticx1
KXNFLWEEKMOSTRSHYDS,sports_football_us,NFL,props,70.11,4.75,UNKNOWN,rule,,
KXATTYGENTX,politics_geopolitics,,,70.09,4.5,maker_free(census),rule,Elections,quadraticx1
KXAALA,company_earnings,,,70.01,2.88,maker_free(census),rule,Financials,quadraticx1
KXBRPRESIDENT4,politics_geopolitics,,,69.96,5.62,UNKNOWN,rule,,
KXNOBELECON,politics_geopolitics,,,69.84,7.5,maker_free(census),rule,Science and Technology,quadraticx1
KXAIBILL,tech_ai,,,69.78,2.75,maker_free(census),rule,Politics,quadraticx1
KXUEL,sports_soccer,UEL,futures,69.45,14.5,UNKNOWN,rule,,
KXNRLCHAMP,sports_rugby,NRL,futures,69.37,8.38,maker_free(census),rule,Sports,quadraticx1
KXGTASALESRECORD,other,,,69.28,10.62,UNKNOWN,guess,,
KXLOSEREELECTIONRSEN,politics_geopolitics,,,68.99,5.0,maker_free(census),rule,Elections,quadraticx1
KXLULUCC,company_kpi_altdata,,,68.69,8.12,UNKNOWN,rule,,
KXAMZNA,company_earnings,,,68.67,6.62,maker_free(census),rule,Financials,quadraticx1
KXQUEBEC5TH,politics_geopolitics,,,68.67,4.0,UNKNOWN,rule,,
KXAAAGASMAXNY,macro_gas_prices,,,68.6,10.88,maker_free(census),rule,Politics,quadraticx1
KXMAMDANIEO,politics_geopolitics,,,68.38,21.5,maker_free(census),api,Politics,quadraticx1
KXWCW,sports_other,,,68.37,14.12,maker_free(census),api,Sports,quadraticx1
KXOSCARVIS,entertainment_culture,,,68.28,10.75,UNKNOWN,rule,,
KXCPICOREHEADMOM,rates_macro,,,68.14,3.62,UNKNOWN,rule,,
KXTHEGAMBIAPRES,politics_geopolitics,,,67.97,0.75,maker_free(census),rule,Elections,quadraticx1
KXRTICKET,entertainment_culture,,,67.76,11.0,maker_free(census),rule,Elections,quadraticx1
KXTRUMPFIRE,politics_geopolitics,,,67.59,2.38,maker_free(census),rule,Politics,quadraticx1
KXMARMADROUND,sports_basketball,NCAAMB,props,67.44,19.12,maker_free(census),rule,Sports,quadraticx1
KXSAXANHMP,other,,,67.31,2.38,UNKNOWN,guess,,
KXARGPREMDIVGAME,sports_other,,,66.6,4.0,maker_free(census),api,Sports,quadraticx1
KXDECREDITJOBS,other,,,66.6,2.0,UNKNOWN,guess,,
KXTVSEASONANNOUNCEST,entertainment_culture,,,66.47,4.25,maker_free(census),api,Entertainment,quadraticx1
KXCHINAAGPURCHASE,politics_geopolitics,,,66.45,4.25,UNKNOWN,rule,,
KXHYPEMAXMON-HYPE,crypto_daily_longer,,,66.43,7.5,UNKNOWN,rule,,
KXTRUTHAPIBLOCK,other,,,66.19,4.25,UNKNOWN,guess,,
KXLEAVEGROUPKATSEYE,entertainment_culture,,,66.18,9.62,maker_free(census),api,Entertainment,quadraticx1
KXCBDINDONESIA,rates_macro,,,65.85,4.5,UNKNOWN,rule,,
KXBERNIEENDORSE,politics_geopolitics,,,65.84,4.62,maker_free(census),api,Elections,quadraticx1
KXCHWY,other,,,65.83,2.75,UNKNOWN,guess,,
KXLALIGALEADER,sports_soccer,LALIGA,futures,65.72,6.75,UNKNOWN,rule,,
APPLEUS,other,,,65.69,5.25,UNKNOWN,guess,,
KXVIDEOAI,other,,,65.59,4.12,UNKNOWN,guess,,
KXAAAGASMIN,macro_gas_prices,,,65.56,20.0,maker_free(census),rule,Economics,quadraticx1
KXBULGARIAPRES,politics_geopolitics,,,65.54,3.25,maker_free(census),rule,Elections,quadraticx1
KXSVKCUPBTTS,sports_soccer,SVKCUP,props,65.49,16.88,UNKNOWN,rule,,
GOVPARTYMD,politics_geopolitics,,,65.11,3.0,maker_free(census),rule,Elections,quadraticx1
KXHDCC,company_kpi_altdata,,,64.98,2.38,UNKNOWN,rule,,
KXSENATENYD,politics_geopolitics,,,64.97,1.62,maker_free(census),rule,Elections,quadraticx1
KXQUEBECPREMIER,politics_geopolitics,,,64.91,0.75,UNKNOWN,rule,,
KXNFLEXECOTY,sports_football_us,NFL,futures,64.73,15.62,maker_free(census),rule,Sports,quadraticx1
KXNCAAFSECQ,sports_football_us,NCAAF,props,64.58,17.88,maker_free(census),rule,Sports,quadraticx1
KXTBCRUNCHWRAP,company_kpi_altdata,,,64.47,2.75,UNKNOWN,rule,,
KXLAMOV,politics_geopolitics,,,63.68,10.62,maker_free(census),api,Elections,quadraticx1
KXCOHPIYOY,other,,,63.59,2.5,UNKNOWN,guess,,
KXSTARSHIPDOCK,tech_ai,,,63.53,6.25,maker_free(census),rule,Science and Technology,quadraticx1
KXGABBARDRETURN,other,,,63.44,3.62,UNKNOWN,guess,,
KXFUSION,tech_ai,,,63.38,4.12,maker_free(census),api,Science and Technology,quadraticx1
KXTRDBAN,politics_geopolitics,,,63.33,7.0,maker_free(census),api,Politics,quadraticx1
KXHERMESBIRKIN,entertainment_culture,,,63.25,0.75,maker_free(census),api,Entertainment,quadraticx1
KXNEWROLEGS,equity_indices,,,63.02,2.38,maker_free(census),api,Financials,quadraticx1
HOUSEPA10,politics_geopolitics,,,62.75,2.12,maker_free(census),rule,Elections,quadraticx1
KXLEAVEMERZ,other,,,62.29,5.62,UNKNOWN,guess,,
KXRAINNYCW,weather_climate,,,62.29,5.25,UNKNOWN,rule,,
KXGASENGOVCOMBO,politics_geopolitics,,,62.13,5.88,maker_free(census),rule,Elections,quadraticx1
KXAAAGASMTX,macro_gas_prices,,,61.95,8.88,UNKNOWN,rule,,
KXSTREAMINGADS,entertainment_culture,,,61.84,9.75,UNKNOWN,rule,,
KXOSCARMAH,entertainment_culture,,,61.83,11.0,UNKNOWN,rule,,
KXYUM,other,,,61.68,3.25,UNKNOWN,guess,,
KXPERSONPRESMAM,politics_geopolitics,,,61.67,4.62,maker_free(census),api,Politics,quadraticx1
KXANTHPERSONALAGENT,tech_ai,,,61.43,1.62,UNKNOWN,rule,,
KXBILLSCOUNT,politics_geopolitics,,,61.36,14.88,maker_free(census),api,Politics,quadraticx1
KXFOMCDISSENTCOUNT,rates_macro,,,61.25,8.38,maker_free(census),api,Economics,quadraticx1
KXMPOXCOUNT,tech_ai,,,61.18,0.88,maker_free(census),api,Science and Technology,quadraticx1
KXGDPNOM,rates_macro,,,61.13,2.75,maker_free(census),rule,Economics,quadraticx1
KXEGGS,rates_macro,,,60.78,2.0,maker_fee,rule,Economics,quadratic_with_maker_feesx1
KXRUGBYESLMATCH,sports_rugby,RUGBY,game,60.64,9.0,UNKNOWN,rule,,
KXTRUMPXIPUTIN,politics_geopolitics,,,60.63,1.62,UNKNOWN,rule,,
KXCOLONIZEMARS,tech_ai,,,60.55,4.75,maker_free(census),api,Science and Technology,quadraticx1
KXUCLTOP8,sports_soccer,UCL,props,60.34,7.0,UNKNOWN,rule,,
KXDTEMMYS,other,,,60.27,6.0,UNKNOWN,guess,,
KXORSEMICONEMP,other,,,60.08,1.12,UNKNOWN,guess,,
KXMLBNLRELOTY,sports_baseball,MLB,props,59.76,2.38,maker_free(census),rule,Sports,quadraticx1
KXRTX5090WS,entertainment_culture,,,59.73,1.88,maker_free(census),rule,Financials,quadraticx1
KXETHMINMON-ETH,crypto_daily_longer,,,59.48,18.88,maker_free(census),rule,,
KXTRUMPIRAN,politics_geopolitics,,,59.47,28.12,maker_free(census),rule,Politics,quadraticx1
KXNEXTCAT5HURDATE,other,,,59.32,13.5,UNKNOWN,guess,,
KXNCAAFTOPCFPPOLL,sports_football_us,NCAAF,props,59.03,7.12,UNKNOWN,rule,,
KXSAANICHMAYOR,politics_geopolitics,,,58.94,6.75,UNKNOWN,rule,,
KXNFLFIRSTSTART,sports_football_us,NFL,props,58.85,7.75,UNKNOWN,rule,,
KXTRUMPNATIONALADDRESS,politics_geopolitics,,,58.53,3.88,UNKNOWN,rule,,
KXEARNINGSMENTIONSPCX,mentions,,,58.3,7.62,maker_free(census),rule,Mentions,quadraticx1
KXWENCC,company_kpi_altdata,,,58.19,3.62,UNKNOWN,rule,,
KXAIRFARECPI,tech_ai,,,58.1,1.38,maker_free(census),rule,Economics,quadraticx1
KXATTYGENNV,politics_geopolitics,,,58.03,2.62,maker_free(census),rule,Elections,quadraticx1
KXANTHROPICLEADLEFT,tech_ai,,,57.88,2.62,maker_free(census),rule,Financials,quadraticx1
KXOPUS48Y,commodities_fx_other,,,57.88,17.0,maker_free(census),api,Commodities,quadraticx1
HOUSEMI10,politics_geopolitics,,,57.78,2.88,maker_free(census),rule,Elections,quadraticx1
KXLEADERNFLPTDS,sports_other,,,57.74,40.88,maker_free(census),api,Sports,quadraticx1
KXHENDERSONMAYOR,politics_geopolitics,,,57.52,2.12,UNKNOWN,rule,,
KXRGOVCOUNT,politics_geopolitics,,,57.29,3.25,maker_free(census),api,Elections,quadraticx1
KXDEMOCRACYUS,politics_geopolitics,,,57.29,2.88,maker_free(census),api,Politics,quadraticx1
KXFACUP,sports_soccer,FACUP,futures,57.22,15.0,UNKNOWN,rule,,
KXBOSNIAKPRES,politics_geopolitics,,,57.21,2.38,UNKNOWN,rule,,
KXGREECEPARLI,politics_geopolitics,,,56.85,0.25,maker_free(census),rule,Elections,quadraticx1
KXTOUR,entertainment_culture,,,56.81,6.62,maker_free(census),api,Entertainment,quadraticx1
KXCOPADELREY1HSPREAD,sports_soccer,COPADELREY,period,56.8,4.38,UNKNOWN,rule,,
KXTECHLAYOFF,rates_macro,,,56.67,2.88,maker_free(census),api,Economics,quadraticx1
KXMLBALHAARON,sports_baseball,MLB,props,56.57,2.0,maker_free(census),rule,Sports,quadraticx1
KXNAMEDSTORM,weather_climate,,,56.36,5.5,maker_free(census),api,Climate and Weather,quadraticx1
KXNCAAFACCQUAL,sports_football_us,NCAAF,futures,56.28,18.25,maker_free(census),rule,Sports,quadraticx1
KXMLBWINS-TEX,sports_baseball,MLB,futures,56.09,4.25,maker_free(census),rule,Sports,quadraticx1
KXTOP3WEALTH,rates_macro,,,56.07,2.38,maker_free(census),api,Economics,quadraticx1
KXNFLPROOTY,sports_football_us,NFL,props,56.0,17.0,maker_free(census),rule,Sports,quadraticx1
KXFDAANNOUNCE,tech_ai,,,55.95,3.12,maker_free(census),api,Science and Technology,quadraticx1
KXSONGRELEASEDATEPC,entertainment_culture,,,55.8,3.5,maker_free(census),rule,Entertainment,quadraticx1
KXNCAAFFCS,sports_football_us,NCAAF,props,55.79,7.0,UNKNOWN,rule,,
KXROBOTAXIAREA,tech_ai,,,55.59,2.0,maker_free(census),rule,Science and Technology,quadraticx1
KXTARIFFREVENUE,rates_macro,,,55.38,2.12,maker_free(census),rule,Economics,quadraticx1
KXXRPY,crypto_daily_longer,,,55.37,11.0,maker_free(census),rule,Crypto,quadraticx1
KXTAKEOVERNEE,company_earnings,,,55.25,2.0,maker_free(census),rule,Financials,quadraticx1
KXMCD,company_earnings,,,55.22,5.88,maker_free(census),rule,Financials,quadraticx1
KXCOMEYDISMISS,other,,,55.16,6.25,UNKNOWN,guess,,
KXNEXTMANAGERMLB,sports_other,,,55.12,8.12,maker_free(census),api,Sports,quadraticx1
KXGOOG,company_earnings,,,54.77,3.0,maker_free(census),rule,Financials,quadraticx1
KXUSTESTSREADING,rates_macro,,,54.72,9.12,maker_free(census),rule,Science and Technology,quadraticx1
KXMLSLEADER,sports_soccer,MLS,futures,54.52,4.62,UNKNOWN,rule,,
KXPRESSBRIEFINGCOUNT,politics_geopolitics,,,54.46,4.88,maker_free(census),rule,Politics,quadraticx1
KXLTGOVVT,politics_geopolitics,,,54.17,3.62,maker_free(census),api,Elections,quadraticx1
KXWHA,equity_indices,,,54.11,1.5,maker_free(census),api,Financials,quadraticx1
KXNEARMINY-NEAR,crypto_daily_longer,,,54.1,18.0,UNKNOWN,rule,,
KXSECQUARTERLY,politics_geopolitics,,,53.95,1.25,maker_free(census),api,Politics,quadraticx1
KXAAAGASMAXFL,macro_gas_prices,,,53.86,4.0,maker_free(census),rule,Economics,quadraticx1
KXMLBEOTY,sports_baseball,MLB,props,53.83,5.12,maker_free(census),rule,Sports,quadraticx1
KXRANKLISTFFQB,sports_other,,,53.71,17.75,maker_free(census),api,Sports,quadraticx1
KXNFLBLOWOUT,sports_football_us,NFL,props,53.62,1.0,UNKNOWN,rule,,
KXCHESSAWARD,sports_chess,CHESS,futures,53.48,1.38,UNKNOWN,rule,,
KXATTYGENIA,politics_geopolitics,,,53.45,3.75,maker_free(census),rule,Elections,quadraticx1
KXGOLDVSSILVER,commodities_fx_other,,,53.44,16.5,maker_free(census),rule,Financials,quadraticx1
KXAMEND25,politics_geopolitics,,,53.21,6.38,maker_free(census),api,Politics,quadraticx1
KXIMPEACHCABINET,politics_geopolitics,,,52.98,3.12,maker_free(census),rule,Politics,quadraticx1
KXRIVNA,company_earnings,,,52.72,3.38,maker_free(census),rule,Financials,quadraticx1
KXSECSTATEVISIT,politics_geopolitics,,,52.67,4.88,maker_free(census),api,Politics,quadraticx1
KXTROPSTORM,weather_climate,,,52.6,11.62,maker_free(census),api,Climate and Weather,quadraticx1
KXHIVISITORSPEND,rates_macro,,,52.56,0.5,UNKNOWN,rule,,
KXLATVIAPARLIAMENT,politics_geopolitics,,,52.2,0.75,maker_free(census),rule,Elections,quadraticx1
KXCONCACAFGC,sports_other,,,51.99,3.12,maker_free(census),api,Sports,quadraticx1
KXUEFAEURO,sports_other,,,51.81,9.75,maker_free(census),api,Sports,quadraticx1
KXTRUMPDEMDISTRICTS,politics_geopolitics,,,51.77,1.5,UNKNOWN,rule,,
KXREPRODUCTIVEMEASURES,politics_geopolitics,,,51.75,2.62,maker_free(census),api,Elections,quadraticx1
KXCRUDEEXPORTBAN,commodities_fx_other,,,51.68,7.12,maker_free(census),rule,Politics,quadraticx1
KXIASENATE,politics_geopolitics,,,51.52,4.5,maker_free(census),rule,Elections,quadraticx1
KXUSTESTSMATH,rates_macro,,,51.51,9.88,maker_free(census),rule,Science and Technology,quadraticx1
KXFAOFPI,rates_macro,,,51.02,0.75,maker_free(census),api,Economics,quadraticx1
KXRANKLISTFFRB,sports_other,,,50.9,8.62,maker_free(census),api,Sports,quadraticx1
KXSAOPAULOSENATE,politics_geopolitics,,,50.87,1.12,UNKNOWN,rule,,
KXBPCC,company_kpi_altdata,,,50.86,3.62,UNKNOWN,rule,,
KX1SONG,entertainment_culture,,,50.83,38.62,maker_free(census),api,Entertainment,quadraticx1
KXEARNINGSMENTIONAAL,mentions,,,50.7,3.75,UNKNOWN,rule,,
KXTESLADELIVERYBY,equity_indices,,,50.48,5.5,maker_free(census),api,Financials,quadraticx1
KXNFLMVPSPECIALS,sports_football_us,NFL,futures,50.3,3.38,UNKNOWN,rule,,
KXTRUMPRALLIES,politics_geopolitics,,,49.8,2.0,maker_free(census),rule,Politics,quadraticx1
KXTOKENLAUNCH,crypto_daily_longer,,,49.74,25.75,maker_free(census),api,Crypto,quadraticx1
KXDECLAREPRESFIRSTD,politics_geopolitics,,,49.73,6.62,maker_free(census),api,Elections,quadraticx1
KXVOTEMV,politics_geopolitics,,,49.53,3.5,UNKNOWN,rule,,
HOUSEWA3,politics_geopolitics,,,49.38,3.88,maker_free(census),rule,Elections,quadraticx1
KXVOTELAKE,politics_geopolitics,,,49.19,3.0,maker_free(census),rule,Politics,quadraticx1
KXAAL,company_earnings,,,48.94,2.5,maker_free(census),rule,Financials,quadraticx1
KXBCCONLEAD,other,,,48.8,4.0,UNKNOWN,guess,,
KXNFLPLAYOFFC,sports_football_us,NFL,futures,48.68,3.62,UNKNOWN,rule,,
KXGOVTSPEND,politics_geopolitics,,,48.65,1.88,maker_free(census),rule,Economics,quadraticx1
KXNFPROD,rates_macro,,,48.56,1.88,maker_free(census),rule,Economics,quadraticx1
HOUSEWI1,politics_geopolitics,,,48.2,2.38,maker_free(census),rule,Elections,quadraticx1
KXCITRINI,rates_macro,,,48.17,4.5,zero_fee,rule,Economics,quadraticx0
KXAVGMEASLESDJT,tech_ai,,,48.13,4.25,maker_free(census),api,Science and Technology,quadraticx1
KXNYCGROCERY,politics_geopolitics,,,47.97,4.25,maker_free(census),api,Politics,quadraticx1
KXTRUMPENDORSE28,politics_geopolitics,,,47.85,9.38,maker_free(census),rule,Elections,quadraticx1
KXVALORANTREGION,sports_esports,VALORANT,props,47.72,5.88,UNKNOWN,rule,,
KXMAGASTAX,other,,,47.65,1.75,UNKNOWN,guess,,
KXNJONTIME,other,,,47.63,1.12,UNKNOWN,guess,,
KXMLBWINS-PHI,sports_baseball,MLB,futures,47.58,3.88,maker_free(census),rule,Sports,quadraticx1
KXIPODISCORD,company_earnings,,,47.53,3.62,maker_free(census),rule,Financials,quadraticx1
KXMAYORCHI,politics_geopolitics,,,47.51,2.0,maker_free(census),rule,Elections,quadraticx1
KXMANUCON,rates_macro,,,47.5,0.38,maker_free(census),api,Economics,quadraticx1
KXCLOSESTGOVERNOR,politics_geopolitics,,,47.3,6.25,maker_free(census),api,Elections,quadraticx1
KXNOBELPHYSICS,politics_geopolitics,,,47.15,5.0,maker_free(census),rule,Science and Technology,quadraticx1
KXTGT,company_earnings,,,47.14,0.88,maker_free(census),rule,Financials,quadraticx1
KXNBAPLAYIN,sports_basketball,NBA,props,46.98,3.38,maker_free(census),rule,Sports,quadraticx1
KXBLUESPACEX,tech_ai,,,46.73,3.75,maker_free(census),api,Science and Technology,quadraticx1
KXPS6,entertainment_culture,,,46.67,29.75,maker_free(census),api,Entertainment,quadraticx1
KXLMNDA,other,,,46.66,0.5,UNKNOWN,guess,,
KXDEPORTATIONS,politics_geopolitics,,,46.34,3.5,maker_free(census),rule,Politics,quadraticx1
KXWHPRESSBRIEFING,politics_geopolitics,,,46.32,2.0,maker_free(census),rule,Politics,quadraticx1
KXIMFRECESS,rates_macro,,,46.27,4.38,maker_free(census),api,Economics,quadraticx1
KXSENATEWITHIN1,politics_geopolitics,,,46.24,5.5,UNKNOWN,rule,,
KXNOMGDPGROWTH,other,,,46.2,0.25,UNKNOWN,guess,,
KXNPB,sports_baseball,NPB,futures,46.18,9.0,maker_free(census),rule,Sports,quadraticx1
KXNFLGAMELOCATION,sports_football_us,NFL,props,46.15,0.88,UNKNOWN,rule,,
KXECONSTATCORECPIYOY,rates_macro,,,46.01,3.62,maker_free(census),rule,Economics,quadraticx1
KXPGAR1TOP10,sports_golf,PGA,props,45.99,6.38,UNKNOWN,rule,,
KXNCAAFSBELTQUAL,sports_football_us,NCAAF,futures,45.77,17.0,maker_free(census),rule,Sports,quadraticx1
KXMLBWINS-BAL,sports_baseball,MLB,futures,45.69,7.38,maker_free(census),rule,Sports,quadraticx1
KXMEDIARELEASEDATEAHS,entertainment_culture,,,45.64,1.38,maker_free(census),api,Entertainment,quadraticx1
KXCONCACAFNL,sports_soccer,CONCACAFNL,futures,45.57,10.25,maker_free(census),rule,Sports,quadraticx1
KXSCOTUSCASE,politics_geopolitics,,,45.52,1.75,maker_free(census),rule,Politics,quadraticx1
KXTAIWANLVL4,politics_geopolitics,,,45.45,3.88,maker_free(census),rule,Politics,quadraticx1
KXNHLEXPANSION,sports_hockey,NHL,props,45.22,2.62,UNKNOWN,rule,,
KXUSAEXPANDTERRITORY,politics_geopolitics,,,45.1,6.5,maker_free(census),api,Politics,quadraticx1
KXNFLTEAMPTS,sports_football_us,NFL,props,44.96,27.5,maker_free(census),rule,Sports,quadraticx1
KXAKMOV,politics_geopolitics,,,44.66,1.75,maker_free(census),api,Elections,quadraticx1
GOVPARTYME,politics_geopolitics,,,44.47,3.75,maker_free(census),rule,Elections,quadraticx1
KXGONORRHEACOUNT,tech_ai,,,44.43,3.25,maker_free(census),api,Science and Technology,quadraticx1
KXNEXTNBACOACH,sports_other,,,44.38,0.75,maker_free(census),api,Sports,quadraticx1
KXLFPRATEEOY,other,,,44.37,4.12,UNKNOWN,guess,,
KXNOBELMED,politics_geopolitics,,,44.29,5.75,UNKNOWN,rule,,
KXDFBPOKAL,sports_soccer,DFBPOKAL,futures,44.09,2.88,UNKNOWN,rule,,
KXSOCCERTROPHIES,other,,,43.82,6.38,UNKNOWN,guess,,
KXALITOANNOUNCERETIRE,politics_geopolitics,,,43.66,5.62,maker_free(census),api,Politics,quadraticx1
KXCABLEAVE,politics_geopolitics,,,43.62,2.62,maker_free(census),api,Politics,quadraticx1
KXATTYGENID,politics_geopolitics,,,43.48,1.88,maker_free(census),rule,Elections,quadraticx1
KXNBADPOY,sports_basketball,NBA,props,43.15,19.12,maker_free(census),rule,Sports,quadraticx1
KXPAHLAVIHEAD,politics_geopolitics,,,42.99,5.88,zero_fee,rule,Financials,quadraticx0
KXCHCUTS,rates_macro,,,42.93,2.5,maker_free(census),api,Economics,quadraticx1
KXRKLBLAUNCH,tech_ai,,,42.87,2.38,maker_free(census),api,Science and Technology,quadraticx1
KXMAMDANIPOLL,politics_geopolitics,,,42.84,0.75,maker_free(census),api,Politics,quadraticx1
KXGOETTINGENMAYOR,politics_geopolitics,,,42.72,2.75,UNKNOWN,rule,,
KXLUVA,company_earnings,,,42.65,1.88,maker_free(census),rule,Companies,quadraticx1
KXTRADEDEALCUBA,politics_geopolitics,,,42.52,6.62,maker_free(census),api,Politics,quadraticx1
KXNBAEAST1SEED,sports_basketball,NBA,futures,42.51,5.62,maker_free(census),rule,Sports,quadraticx1
KXAZSEMIJOBS,other,,,42.42,3.0,UNKNOWN,guess,,
KXNEWDRUGAPPBEAM,tech_ai,,,42.15,1.12,maker_free(census),api,Science and Technology,quadraticx1
KXBERLIN2ND,other,,,42.14,0.88,UNKNOWN,guess,,
KXWATECHEMP,other,,,42.01,0.88,UNKNOWN,guess,,
KXATPFINALSQUAL,sports_tennis,ATP,futures,41.96,3.38,maker_free(census),rule,Sports,quadraticx1
KXNFLDIVUNDEFEATED,sports_football_us,NFL,futures,41.96,6.62,UNKNOWN,rule,,
KXABAACCRED,other,,,41.92,1.12,UNKNOWN,guess,,
KXSNAP,equity_indices,,,41.39,3.25,maker_free(census),api,Financials,quadraticx1
KXKLEAGUE1HBTTS,sports_soccer,KLEAGUE,period,41.33,3.62,UNKNOWN,rule,,
KXRATEPAYERLAW,commodities_fx_other,,,41.27,3.25,UNKNOWN,rule,,
KXOSCARSPLAY,entertainment_culture,,,41.25,8.12,UNKNOWN,rule,,
KXUCLROUND,sports_soccer,UCL,props,41.12,8.25,UNKNOWN,rule,,
KXU3EOY,rates_macro,,,41.12,0.5,UNKNOWN,rule,,
KXBTCRESERVE,crypto_daily_longer,,,40.97,8.38,maker_free(census),rule,Politics,quadraticx1
KXGENERALCOUNTY-GOVPARTYCA,politics_geopolitics,,,40.87,2.38,UNKNOWN,rule,,
KXFLDATACENTERS,other,,,40.87,0.75,UNKNOWN,guess,,
KXBTC70VS100,crypto_daily_longer,,,40.74,5.75,UNKNOWN,rule,,
KXCOLLINCOUNTYJUDGE,politics_geopolitics,,,40.59,0.5,UNKNOWN,rule,,
KXFRPSNOM,politics_geopolitics,,,40.14,1.0,maker_free(census),api,Elections,quadraticx1
KXMMACOMPETE,sports_other,,,39.98,4.88,maker_free(census),api,Sports,quadraticx1
KXNFLLASTTOWIN,sports_football_us,NFL,props,39.84,3.88,UNKNOWN,rule,,
SENATEMA,politics_geopolitics,,,39.76,4.25,maker_free(census),rule,Elections,quadraticx1
KXNBACUP,sports_basketball,NBA,props,39.73,6.25,maker_free(census),rule,Sports,quadraticx1
KXNVDAA,tech_ai,,,39.72,10.0,maker_free(census),rule,Financials,quadraticx1
KXHOLBORNVOTE,other,,,39.48,3.75,UNKNOWN,guess,,
KXJACKSONOPEN,weather_climate,,,39.47,2.0,UNKNOWN,rule,,
KXALASKAHOUSE,politics_geopolitics,,,39.44,5.25,maker_free(census),api,Elections,quadraticx1
KXIRANCRUDE,commodities_fx_other,,,39.25,0.62,maker_free(census),rule,Economics,quadraticx1
KXROLEINPRODUCTION,entertainment_culture,,,39.16,4.88,UNKNOWN,rule,,
KXUCLBOTTOM,sports_soccer,UCL,props,39.15,4.12,UNKNOWN,rule,,
KXNBASIXTH,sports_basketball,NBA,props,39.13,4.25,maker_free(census),rule,Sports,quadraticx1
KXAAAGASMINTX,macro_gas_prices,,,39.05,13.75,maker_free(census),rule,Economics,quadraticx1
KXNBATEAM,sports_basketball,NBA,props,39.0,1.62,maker_free(census),rule,Sports,quadraticx1
KXANTHROPICRESCIND,tech_ai,,,38.96,2.38,maker_free(census),rule,Politics,quadraticx1
KXDIAZOUT,politics_geopolitics,,,38.9,2.88,maker_free(census),api,Politics,quadraticx1
KXTSLAYOFF,company_earnings,,,38.8,3.5,maker_free(census),rule,Economics,quadraticx1
KXTRILATERAL,other,,,38.64,2.12,UNKNOWN,guess,,
KXORBOFHARVEST,other,,,38.63,2.38,UNKNOWN,guess,,
KXMLBWINS-KC,sports_baseball,MLB,futures,38.58,3.0,maker_free(census),rule,Sports,quadraticx1
KXHEGSETHANNOUNCEOUT,politics_geopolitics,,,38.58,7.0,maker_free(census),rule,Politics,quadraticx1
KXNCAAFMACQUAL,sports_football_us,NCAAF,futures,38.55,9.88,maker_free(census),rule,Sports,quadraticx1
KXPAMAILMARGIN,other,,,38.55,1.25,UNKNOWN,guess,,
KXOPENINTAI,other,,,38.54,2.62,UNKNOWN,guess,,
KXAZDATACENTERS,other,,,38.37,1.12,UNKNOWN,guess,,
KXBACHELOROPEN,entertainment_culture,,,38.34,2.75,UNKNOWN,rule,,
KXBLUEIOWA,politics_geopolitics,,,38.29,5.38,maker_free(census),api,Elections,quadraticx1
KXVANCOUVERMAYOR,politics_geopolitics,,,38.29,3.88,maker_free(census),rule,Elections,quadraticx1
KXIPL,sports_cricket,IPL,futures,38.13,8.88,maker_free(census),rule,Sports,quadraticx1
KXPUTINDJTLOCATION,politics_geopolitics,,,38.09,2.0,maker_free(census),rule,Politics,quadraticx1
SENATEWY,politics_geopolitics,,,38.07,3.0,maker_free(census),rule,Elections,quadraticx1
KXSPCXLAUNCH,tech_ai,,,38.04,1.25,maker_free(census),api,Science and Technology,quadraticx1
KXRKLBCOUNT,tech_ai,,,37.9,2.12,maker_free(census),api,Science and Technology,quadraticx1
KXMILLENNIUMNEXT,other,,,37.5,2.38,UNKNOWN,guess,,
KXCBDSA,rates_macro,,,37.39,3.88,maker_free(census),rule,Economics,quadraticx1
KXFTAPRC,politics_geopolitics,,,37.28,4.38,maker_free(census),api,Politics,quadraticx1
KXNHLSEASONGOALS,sports_hockey,NHL,futures,37.24,4.0,UNKNOWN,rule,,
KXTOPSONGTHIRD,entertainment_culture,,,37.23,1.0,maker_free(census),rule,Entertainment,quadraticx1
KXNBACOY,sports_basketball,NBA,props,37.2,2.88,UNKNOWN,rule,,
KXKOSOVOPRES,politics_geopolitics,,,37.17,3.62,UNKNOWN,rule,,
KXHOST,other,,,37.16,8.62,UNKNOWN,guess,,
KXBC3RD,other,,,37.08,3.88,UNKNOWN,guess,,
KXSTOWEOPEN,weather_climate,,,36.93,2.0,UNKNOWN,rule,,
KXHOUSEUT03,politics_geopolitics,,,36.92,1.25,maker_free(census),rule,Elections,quadraticx1
KXNBAWEST1SEED,sports_basketball,NBA,futures,36.89,3.25,maker_free(census),rule,Sports,quadraticx1
KXEHSALES,rates_macro,,,36.77,1.38,maker_free(census),api,Economics,quadraticx1
KXPRICEINCREASECLAUDE,equity_indices,,,36.65,1.0,maker_free(census),api,Financials,quadraticx1
KXSCHW,equity_indices,,,36.64,2.12,maker_free(census),api,Financials,quadraticx1
KXNFLENDSTREAK,sports_football_us,NFL,props,36.48,2.0,maker_free(census),rule,Sports,quadraticx1
KXUEFANLGROUPWIN,sports_soccer,UEFANL,props,36.44,5.0,UNKNOWN,rule,,
HOUSEMI3,politics_geopolitics,,,36.43,1.25,maker_free(census),rule,Elections,quadraticx1
KXCHICKENWINGM,other,,,36.37,10.0,UNKNOWN,guess,,
KXATTYGENOH,politics_geopolitics,,,36.29,1.62,maker_free(census),rule,Elections,quadraticx1
KXTLAXGOV,politics_geopolitics,,,36.22,6.88,UNKNOWN,rule,,
KXNCAAMBNEXTCOACH,sports_basketball,NCAAMB,futures,36.04,15.5,maker_free(census),rule,Sports,quadraticx1
KXIRONMAN,entertainment_culture,,,36.04,10.25,maker_free(census),api,Entertainment,quadraticx1
KXGENERALCOUNTY-GOVPARTYNV,politics_geopolitics,,,35.98,1.0,UNKNOWN,rule,,
KXOSCARASPLAY,entertainment_culture,,,35.8,2.75,UNKNOWN,rule,,
KXSTRMRSOTY,entertainment_culture,,,35.78,5.0,maker_free(census),api,Entertainment,quadraticx1
KXUSDCHFAD,commodities_fx_other,,,35.76,0.88,UNKNOWN,rule,,
KXAOCRUN,politics_geopolitics,,,35.42,2.88,maker_free(census),rule,Elections,quadraticx1
KXIDPOTATO,other,,,35.35,1.38,UNKNOWN,guess,,
KXPRESOUTCOME,politics_geopolitics,,,35.15,6.0,maker_free(census),rule,Elections,quadraticx1
KXNFLDIVISIONWINS,sports_football_us,NFL,futures,35.0,2.25,maker_free(census),rule,Sports,quadraticx1
KXIMAGEAI,other,,,34.83,4.5,UNKNOWN,guess,,
KXCALIEUTENANTGOV,politics_geopolitics,,,34.75,2.25,maker_free(census),rule,Elections,quadraticx1
KXNJPHARMAEMP,other,,,34.62,0.75,UNKNOWN,guess,,
MOON,other,,,34.57,10.0,UNKNOWN,guess,,
KXCONGRESSTESTIFY,politics_geopolitics,,,34.36,3.38,maker_free(census),api,Politics,quadraticx1
KXSCOTTIESLAM,sports_other,,,34.31,2.5,maker_free(census),api,Sports,quadraticx1
KXAAPLA,company_earnings,,,34.27,5.38,maker_free(census),rule,Financials,quadraticx1
KXVERARELEASE,commodities_fx_other,,,34.22,0.88,maker_free(census),api,Commodities,quadraticx1
HOUSECO3,politics_geopolitics,,,33.94,3.38,maker_free(census),rule,Elections,quadraticx1
KXLIKUDCOUNT,other,,,33.84,1.0,UNKNOWN,guess,,
KXSENMAJ,other,,,33.8,3.12,UNKNOWN,guess,,
KXCADATACENTERS,other,,,33.75,0.62,UNKNOWN,guess,,
KXMANOFFVAC,other,,,33.75,0.25,UNKNOWN,guess,,
KXCBDISRAEL,rates_macro,,,33.58,3.0,maker_free(census),rule,Economics,quadraticx1
KX10Y2Y,equity_indices,,,33.47,2.75,maker_free(census),api,Financials,quadraticx1
KXMINASGOV,politics_geopolitics,,,33.43,2.38,maker_free(census),rule,Elections,quadraticx1
POPVOTEMOV,politics_geopolitics,,,33.42,6.12,maker_free(census),api,Elections,quadraticx1
KXNBAWHATTEND,sports_basketball,NBA,props,33.4,2.0,maker_free(census),rule,Sports,quadraticx1
KXDATACENTCON,other,,,33.33,2.5,UNKNOWN,guess,,
KXBUSHBY,entertainment_culture,,,33.24,0.38,maker_free(census),api,Entertainment,quadraticx1
KXNBACENTRAL,sports_basketball,NBA,props,33.2,1.25,maker_free(census),rule,Sports,quadraticx1
KXNHLROSS,sports_hockey,NHL,props,33.09,3.25,UNKNOWN,rule,,
KXCVNAA,company_earnings,,,33.0,1.5,maker_free(census),rule,Companies,quadraticx1
KXATTYGENMI,politics_geopolitics,,,32.98,0.75,maker_free(census),rule,Elections,quadraticx1
KXWARMING,weather_climate,,,32.89,1.75,maker_free(census),rule,Climate and Weather,quadraticx1
KXCITYCHAMPS,sports_other,,,32.85,1.88,maker_free(census),api,Sports,quadraticx1
KXNYSECEEMP,other,,,32.84,0.12,UNKNOWN,guess,,
KXNDAA,politics_geopolitics,,,32.81,1.5,maker_free(census),api,Politics,quadraticx1
KXBROS,other,,,32.73,1.0,UNKNOWN,guess,,
KX30YRDIRLM,rates_macro,,,32.71,11.12,UNKNOWN,rule,,
KXPIEDATERRECASE,other,,,32.67,0.62,UNKNOWN,guess,,
KXHOUSEVA10,politics_geopolitics,,,32.41,0.5,maker_free(census),rule,Elections,quadraticx1
KXTESLAENERGYBY,equity_indices,,,32.37,2.5,maker_free(census),api,Financials,quadraticx1
KXNYCRENTSY,rates_macro,,,32.3,0.62,maker_free(census),api,Economics,quadraticx1
SENATENJ,politics_geopolitics,,,32.29,2.0,maker_free(census),rule,Elections,quadraticx1
KXMLBWINS-SEA,sports_baseball,MLB,futures,32.28,4.5,maker_free(census),rule,Sports,quadraticx1
GOVPARTYRI,politics_geopolitics,,,32.27,4.62,maker_free(census),rule,Elections,quadraticx1
KXTRUMPBALLROOM,politics_geopolitics,,,32.17,2.88,maker_free(census),rule,Politics,quadraticx1
KXNHASKIVISITS,other,,,32.17,1.38,UNKNOWN,guess,,
KXDEFAPPROP,politics_geopolitics,,,31.99,0.75,maker_free(census),api,Politics,quadraticx1
KXLEADERMLBOPS,sports_baseball,MLB,props,31.98,1.0,maker_free(census),rule,Sports,quadraticx1
KXMCDA,company_earnings,,,31.97,5.62,maker_free(census),rule,Financials,quadraticx1
KXAICABINET,tech_ai,,,31.97,2.12,UNKNOWN,rule,,
KXMORATORIUMCOUNT,politics_geopolitics,,,31.77,1.75,maker_free(census),api,Politics,quadraticx1
KXLEADERMLBRUNS,sports_baseball,MLB,props,31.69,0.62,maker_free(census),rule,Sports,quadraticx1
KXTOPUSAGEAI,other,,,31.67,5.25,UNKNOWN,guess,,
KXWTIWHEN,commodities_fx_other,,,31.61,2.12,maker_free(census),rule,Commodities,quadraticx1
KXRANKLISTFFWR,sports_other,,,31.55,3.88,maker_free(census),api,Sports,quadraticx1
KXROBOTMARS,tech_ai,,,31.54,4.75,maker_free(census),api,Science and Technology,quadraticx1
KXGDPUSMAX,rates_macro,,,31.48,4.38,maker_free(census),rule,Economics,quadraticx1
KXLARGECUT,rates_macro,,,31.32,6.12,maker_free(census),api,Economics,quadraticx1
KXNFLWEEKHIGHSCORE,sports_football_us,NFL,props,31.07,4.38,UNKNOWN,rule,,
KXMLBWINS-WSH,sports_baseball,MLB,futures,30.9,1.25,maker_free(census),rule,Sports,quadraticx1
KXUSHOME,rates_macro,,,30.83,8.5,maker_free(census),rule,Economics,quadraticx1
KXKYCOAL,commodities_fx_other,,,30.74,1.12,UNKNOWN,rule,,
KXABRAHAMSA,politics_geopolitics,,,30.73,9.0,maker_free(census),api,Politics,quadraticx1
KXLEAVEWALZ,politics_geopolitics,,,30.65,21.88,maker_free(census),api,Politics,quadraticx1
KXNBARELOCATION,sports_basketball,NBA,props,30.65,0.88,maker_free(census),rule,Sports,quadraticx1
KXCBDTHAILAND,rates_macro,,,30.49,1.5,UNKNOWN,rule,,
KXMUSKWEALTH,politics_geopolitics,,,30.46,6.38,maker_free(census),rule,Economics,quadraticx1
KXEARTHQUAKEJAPAN,weather_climate,,,30.31,2.25,maker_free(census),rule,Climate and Weather,quadraticx1
KXLEADERMLBWAR,sports_baseball,MLB,props,30.26,0.5,maker_free(census),rule,Sports,quadraticx1
KXDASH,company_earnings,,,30.0,1.12,maker_free(census),rule,Financials,quadraticx1
KXPIRROOUT,politics_geopolitics,,,30.0,3.0,maker_free(census),api,Politics,quadraticx1
KXPLAYERDEAL,sports_other,,,29.94,1.5,maker_free(census),api,Sports,quadraticx1
KXANTHROPICSECTOR,tech_ai,,,29.93,0.5,maker_free(census),rule,Financials,quadraticx1
KXNCAAFBIGTENWINS,sports_football_us,NCAAF,futures,29.82,1.5,maker_free(census),rule,Sports,quadraticx1
KXPARTDGLP1,other,,,29.65,1.38,UNKNOWN,guess,,
KXMLBWINS-AZ,sports_baseball,MLB,futures,29.62,1.62,maker_free(census),rule,Sports,quadraticx1
KXPRIMEENGCONSUMPTION,tech_ai,,,29.59,7.75,maker_free(census),api,Science and Technology,quadraticx1
KXLEAVETISCH,politics_geopolitics,,,29.43,3.75,maker_free(census),api,Politics,quadraticx1
KXLEADERNFLRTDS,sports_other,,,29.38,17.25,maker_free(census),api,Sports,quadraticx1
KXTRUMPSNL,politics_geopolitics,,,29.38,18.62,maker_free(census),rule,Entertainment,quadraticx1
KXJOHANNESBURGMAYOR,politics_geopolitics,,,29.37,1.25,maker_free(census),rule,Elections,quadraticx1
KXCOPADELREY1HBTTS,sports_soccer,COPADELREY,period,29.36,2.12,UNKNOWN,rule,,
KXSUMMERHOUSECAST,entertainment_culture,,,29.34,4.0,maker_free(census),api,Entertainment,quadraticx1
KXMLBALEAST,sports_baseball,MLB,futures,29.31,1.62,maker_free(census),rule,Sports,quadraticx1
KXSPACEXMARS,tech_ai,,,29.28,7.5,maker_free(census),rule,Science and Technology,quadraticx1
HOUSENJ9,politics_geopolitics,,,29.27,1.62,maker_free(census),rule,Elections,quadraticx1
KXENDORSEAOC,politics_geopolitics,,,29.24,1.0,maker_free(census),rule,Elections,quadraticx1
KXSPOT,equity_indices,,,29.24,1.5,maker_free(census),api,Financials,quadraticx1
KXTFWORLDRECORD,sports_other,,,29.15,6.5,maker_free(census),api,Sports,quadraticx1
KXCAATSA,politics_geopolitics,,,28.93,4.12,maker_free(census),api,Politics,quadraticx1
KXCANADAUSTARIFFLOWER,other,,,28.85,1.38,UNKNOWN,guess,,
KXFA,company_earnings,,,28.84,1.5,maker_free(census),api,Companies,quadraticx1
KXALBERTAREFYES,politics_geopolitics,,,28.76,3.38,maker_free(census),api,Elections,quadraticx1
KXCBDECISIONINDIA,rates_macro,,,28.74,2.25,maker_free(census),rule,Economics,quadraticx1
KXDXYVSGOLD,commodities_fx_other,,,28.74,3.38,maker_free(census),rule,Financials,quadraticx1
KXNBARETIRE,sports_basketball,NBA,props,28.72,2.5,maker_free(census),rule,Sports,quadraticx1
KXFDATYPE1DIABETES,tech_ai,,,28.7,2.12,maker_free(census),api,Science and Technology,quadraticx1
KXFRPRESADVANCE,politics_geopolitics,,,28.54,1.62,maker_free(census),api,Elections,quadraticx1
KXSCOURT,politics_geopolitics,,,28.51,17.5,maker_free(census),api,Politics,quadraticx1
KXPASEN,politics_geopolitics,,,28.51,1.25,maker_free(census),api,Elections,quadraticx1
KXVADATACENTERS,other,,,28.38,0.5,UNKNOWN,guess,,
KXSCOTUSPOWER,politics_geopolitics,,,28.25,1.0,maker_free(census),rule,Politics,quadraticx1
KXNGASMIN,rates_macro,,,28.2,6.62,maker_free(census),api,Economics,quadraticx1
KXLEBLANCGREER,other,,,28.19,0.5,UNKNOWN,guess,,
KXGERELECTION,politics_geopolitics,,,28.15,0.75,maker_free(census),rule,Elections,quadraticx1
KXUSDINRAW,commodities_fx_other,,,28.13,3.88,maker_free(census),rule,Financials,quadraticx1
KXTRUMPTALKSCOTUS,politics_geopolitics,,,28.04,0.88,maker_free(census),rule,Politics,quadraticx1
KXSERIEATOP,sports_soccer,SERIEA,futures,28.0,4.0,UNKNOWN,rule,,
KXNCAAFTFUT,sports_football_us,NCAAF,props,27.97,1.75,UNKNOWN,rule,,
KX10Y2YDATE,equity_indices,,,27.73,3.12,maker_free(census),api,Financials,quadraticx1
KXNGASMAX,rates_macro,,,27.71,4.62,maker_free(census),api,Economics,quadraticx1
KXU3MAX,rates_macro,,,27.61,13.25,maker_free(census),rule,Economics,quadraticx1
KXPCSAAMEND,other,,,27.61,0.5,UNKNOWN,guess,,
KXNANAIMOMAYOR,politics_geopolitics,,,27.46,2.0,UNKNOWN,rule,,
KXMLBALCSMVP,sports_baseball,MLB,futures,27.38,7.62,UNKNOWN,rule,,
KXDEMFIRSTCONTEST,politics_geopolitics,,,27.32,1.5,maker_free(census),api,Elections,quadraticx1
KXMAMDANIRUN,politics_geopolitics,,,27.24,7.0,maker_free(census),api,Politics,quadraticx1
SENATEWV,politics_geopolitics,,,27.23,3.62,maker_free(census),rule,Elections,quadraticx1
KXAVGTKPHX,other,,,27.21,10.25,UNKNOWN,guess,,
KXSCOTUSAR15,politics_geopolitics,,,27.17,0.5,maker_free(census),rule,Politics,quadraticx1
KXLTGOVTX,politics_geopolitics,,,27.13,3.25,maker_free(census),api,Elections,quadraticx1
KXATTYGENFL,politics_geopolitics,,,27.07,1.12,maker_free(census),rule,Elections,quadraticx1
KXAMEND22,politics_geopolitics,,,26.97,8.25,maker_free(census),api,Elections,quadraticx1
KXRECOGPERSONIRAN,politics_geopolitics,,,26.8,6.25,maker_free(census),api,Politics,quadraticx1
KXTNTRANSEMP,other,,,26.75,0.25,UNKNOWN,guess,,
KXCBDECISIONENGLAND,rates_macro,,,26.69,2.88,maker_free(census),rule,Economics,quadraticx1
KXYASHARCOUNT,other,,,26.56,0.62,UNKNOWN,guess,,
SENATENV,politics_geopolitics,,,26.53,0.62,maker_free(census),rule,Elections,quadraticx1
KXLIGAMXTOP,sports_soccer,LIGAMX,futures,26.46,2.75,UNKNOWN,rule,,
KXAMAZONASGOV,politics_geopolitics,,,26.32,2.5,UNKNOWN,rule,,
KXSPOTA,company_earnings,,,26.23,1.38,maker_free(census),api,Companies,quadraticx1
KXCOPADELREY,sports_soccer,COPADELREY,futures,26.15,12.25,UNKNOWN,rule,,
KXBRECKOPEN,weather_climate,,,26.05,4.38,UNKNOWN,rule,,
KXPARAIBAGOV,politics_geopolitics,,,26.02,0.5,UNKNOWN,rule,,
KXRTTV,entertainment_culture,,,26.01,5.0,UNKNOWN,rule,,
KXIRANEMBASSY,politics_geopolitics,,,25.84,4.88,maker_free(census),rule,Politics,quadraticx1
KXNCAAMBWINS,sports_basketball,NCAAMB,futures,25.77,2.25,maker_free(census),rule,Sports,quadraticx1
KXHOUSERACE-NDAL,politics_geopolitics,,,25.75,0.88,UNKNOWN,rule,,
KXGPT55Y,tech_ai,,,25.73,12.75,maker_free(census),rule,Commodities,quadraticx1
KXTXHOUSEDEMSEATS,politics_geopolitics,,,25.71,4.5,maker_free(census),rule,Elections,quadraticx1
KXENGAGEMENTTRUDEAUPERRY,entertainment_culture,,,25.63,4.12,maker_free(census),api,Entertainment,quadraticx1
KXHARRISCOUNTYJUDGE,politics_geopolitics,,,25.62,1.88,UNKNOWN,rule,,
KXMLBLSTREAK,sports_baseball,MLB,props,25.61,1.12,maker_free(census),rule,Sports,quadraticx1
KXMLBWINS-NYY,sports_baseball,MLB,futures,25.56,10.38,maker_free(census),rule,Sports,quadraticx1
KXATTYGENGA,politics_geopolitics,,,25.47,1.62,maker_free(census),rule,Elections,quadraticx1
KXNBASEATTLE,sports_basketball,NBA,props,25.47,0.75,maker_free(census),rule,Sports,quadraticx1
KXNYCTAXBILLIONS,politics_geopolitics,,,25.47,14.38,maker_free(census),api,Politics,quadraticx1
KXMEDIARELEASEST,entertainment_culture,,,25.36,11.88,maker_free(census),api,Entertainment,quadraticx1
KXDTICKET,politics_geopolitics,,,25.26,2.5,maker_free(census),api,Elections,quadraticx1
KXSEMIPRODH,rates_macro,,,25.17,1.38,maker_free(census),api,Economics,quadraticx1
KXINXVSBTC,equity_indices,,,25.15,5.25,maker_free(census),rule,Financials,quadraticx1
KXRICHMONDMAYOR,politics_geopolitics,,,25.1,1.38,UNKNOWN,rule,,
KXEARTHQUAKECALIFORNIA,weather_climate,,,25.08,11.0,maker_free(census),rule,Climate and Weather,quadraticx1
KXMANAGEROUTDATE,sports_other,,,25.08,0.25,maker_free(census),api,Sports,quadraticx1
KXATTYGENAZ,politics_geopolitics,,,24.93,3.5,maker_free(census),rule,Elections,quadraticx1
KXPJMEMERGENCY,other,,,24.84,1.0,UNKNOWN,guess,,
KXEARNINGSMENTIONRDDT,mentions,,,24.84,2.0,UNKNOWN,rule,,
KXUSDBRLMAX,commodities_fx_other,,,24.82,2.88,maker_free(census),rule,Financials,quadraticx1
KXUSTHOLDERS,rates_macro,,,24.8,2.0,UNKNOWN,rule,,
KXFULLTERMSKPRES,politics_geopolitics,,,24.79,0.62,maker_free(census),rule,Politics,quadraticx1
KXREDWAVECOMBO,politics_geopolitics,,,24.6,4.25,maker_free(census),rule,Elections,quadraticx1
KX250DOLLARBILL,politics_geopolitics,,,24.57,11.12,maker_free(census),api,Politics,quadraticx1
KXCTCA,equity_indices,,,24.36,1.5,maker_free(census),api,Financials,quadraticx1
KXZECY,crypto_daily_longer,,,24.36,4.62,maker_free(census),rule,Crypto,quadraticx1
KXFIVESTATESEN,other,,,24.35,0.5,UNKNOWN,guess,,
KXBANKHEADDROPOUT,other,,,24.34,2.12,UNKNOWN,guess,,
KXPRESELECTIONOCCUR,politics_geopolitics,,,24.24,0.5,maker_free(census),rule,Elections,quadraticx1
KXGOVBAL,politics_geopolitics,,,24.21,1.12,UNKNOWN,rule,,
KXNYSECIRCUIT,rates_macro,,,24.18,1.38,maker_free(census),api,Economics,quadraticx1
GOVPARTYNM,politics_geopolitics,,,24.16,3.88,maker_free(census),rule,Elections,quadraticx1
KXINXVSGOLD,equity_indices,,,24.12,4.75,maker_free(census),rule,Financials,quadraticx1
KXSPACEDATACENTER,tech_ai,,,24.06,2.12,maker_free(census),api,Science and Technology,quadraticx1
KXTRUMPAVENUE,politics_geopolitics,,,24.05,1.75,UNKNOWN,rule,,
KXVAHOUSEDEM,politics_geopolitics,,,23.93,2.5,maker_free(census),api,Elections,quadraticx1
KXJUSTICEGOV,politics_geopolitics,,,23.81,2.88,UNKNOWN,rule,,
HOUSENY3,politics_geopolitics,,,23.8,0.12,maker_free(census),rule,Elections,quadraticx1
KXHIGHINFLATION,weather_climate,,,23.66,2.12,maker_free(census),rule,Economics,quadraticx1
KXMAXSHIPSHORMUZ,politics_geopolitics,,,23.55,7.88,maker_free(census),api,Politics,quadraticx1
KXUSINDEPENDENTCONGRESS,politics_geopolitics,,,23.55,1.5,maker_free(census),api,Elections,quadraticx1
KXELECTRICM3,politics_geopolitics,,,23.5,0.25,maker_free(census),rule,Financials,quadraticx1
KXNOBELLIT,politics_geopolitics,,,23.46,8.12,maker_free(census),rule,Science and Technology,quadraticx1
KXSRPSKAPRES,politics_geopolitics,,,23.38,3.38,UNKNOWN,rule,,
KXAIADOPTION,tech_ai,,,23.25,0.12,UNKNOWN,rule,,
KXCRYPTOPAY,crypto_daily_longer,,,23.09,4.0,maker_free(census),rule,Financials,quadraticx1
KXATTYGENOK,politics_geopolitics,,,23.08,1.12,maker_free(census),rule,Elections,quadraticx1
KXCHAICUTS,rates_macro,,,23.07,6.75,maker_free(census),api,Economics,quadraticx1
KXBOSNIACPRES,politics_geopolitics,,,23.02,1.12,UNKNOWN,rule,,
KXH200MAX,tech_ai,,,22.9,2.62,UNKNOWN(likely maker_fee: GPU-price series added 2026-09-03),rule,Science and Technology,quadraticx1
KXDKNG,equity_indices,,,22.69,0.88,maker_free(census),api,Financials,quadraticx1
KXNCAAFUNDEFEATEDHOME,sports_football_us,NCAAF,futures,22.68,2.12,UNKNOWN,rule,,
KXUKPARTY,politics_geopolitics,,,22.6,3.38,maker_free(census),api,Elections,quadraticx1
KXFTACOUNTRIES,politics_geopolitics,,,22.59,0.88,maker_free(census),api,Politics,quadraticx1
KXISRAELCONF,politics_geopolitics,,,22.56,0.25,UNKNOWN,rule,,
KXBANKRUPTCY,company_earnings,,,22.53,0.88,maker_free(census),rule,Economics,quadraticx1
KXNEWOUTBREAKHANTA,tech_ai,,,22.51,6.88,maker_free(census),api,Science and Technology,quadraticx1
KXXRPMINMON-XRP,crypto_daily_longer,,,22.49,10.12,UNKNOWN,rule,,
KXUEFANLROUND,sports_soccer,UEFANL,props,22.45,3.12,UNKNOWN,rule,,
KXBRASILEIRO,sports_soccer,BRASILEIRO,futures,22.45,6.12,maker_free(census),rule,Sports,quadraticx1
KXNBAATLANTIC,sports_basketball,NBA,props,22.33,3.62,maker_free(census),rule,Sports,quadraticx1
KXHOLBORNLABMOV,other,,,22.21,2.12,UNKNOWN,guess,,
KXBLOCK75VISA,other,,,22.19,0.62,UNKNOWN,guess,,
KXWINNIPEGMAYOR,politics_geopolitics,,,22.18,5.25,UNKNOWN,rule,,
KXNHLNEXTTEAM,sports_hockey,NHL,futures,22.11,3.0,UNKNOWN,rule,,
KXTRYFIREPOWELL,politics_geopolitics,,,21.99,1.62,maker_free(census),api,Politics,quadraticx1
KXCROCKETTCAMPAIGN,politics_geopolitics,,,21.93,3.25,maker_free(census),api,Politics,quadraticx1
KXEARNINGSMENTIONWING,mentions,,,21.93,1.5,UNKNOWN,rule,,
KXTRUMPBEARCASECOMBO,politics_geopolitics,,,21.87,10.0,maker_free(census),rule,Elections,quadraticx1
KXCBDECISIONBRAZIL,rates_macro,,,21.72,3.88,maker_free(census),rule,Economics,quadraticx1
KXHKANEKNIGHT,rates_macro,,,21.51,3.25,maker_free(census),api,Economics,quadraticx1
KXFCCLICENSECASE,other,,,21.45,0.62,UNKNOWN,guess,,
KXCORNYNTALARICO,commodities_fx_other,,,21.41,2.12,UNKNOWN,rule,,
KXWITHDRAW,commodities_fx_other,,,21.32,3.0,maker_free(census),rule,Politics,quadraticx1
KXDOJPOWELL,politics_geopolitics,,,21.23,1.0,maker_free(census),api,Politics,quadraticx1
KXNEXTNJLTGOV,politics_geopolitics,,,21.22,0.62,UNKNOWN,rule,,
KXGOVSENDIFF,politics_geopolitics,,,21.09,0.88,maker_free(census),rule,Elections,quadraticx1
KXWALLSTBONUS,other,,,21.01,0.62,UNKNOWN,guess,,
KXEARNINGSMENTIONMA,mentions,,,21.0,2.25,UNKNOWN,rule,,
KXTBCOUNT,tech_ai,,,21.0,1.12,maker_free(census),api,Science and Technology,quadraticx1
KXHIMSCC,company_kpi_altdata,,,20.88,4.25,UNKNOWN,rule,,
KXNEXTDEF,politics_geopolitics,,,20.75,2.75,maker_free(census),api,Politics,quadraticx1
KXEFLPROMO,other,,,20.74,2.38,UNKNOWN,guess,,
KXVENUEPERFORMANCEDRAKE,entertainment_culture,,,20.7,3.88,maker_free(census),rule,Entertainment,quadraticx1
KXUECL,sports_soccer,UECL,futures,20.59,2.62,UNKNOWN,rule,,
KXNCAAFACCLEADER,sports_football_us,NCAAF,props,20.57,3.25,UNKNOWN,rule,,
KXDDOG,other,,,20.54,0.5,UNKNOWN,guess,,
KXCOMPANYACTIONWAYMO,company_earnings,,,20.44,0.75,maker_free(census),rule,Financials,quadraticx1
KXCALIFORNIALEAVE,politics_geopolitics,,,20.39,1.62,maker_free(census),api,Politics,quadraticx1
KXMLBSS,sports_baseball,MLB,props,20.38,5.38,maker_free(census),rule,Sports,quadraticx1
KXMLBWINS-COL,sports_baseball,MLB,futures,20.37,3.38,maker_free(census),rule,Sports,quadraticx1
KXPSAVERT,rates_macro,,,20.32,1.25,maker_free(census),api,Economics,quadraticx1
KXNFLDIVMOSTWINS,sports_football_us,NFL,futures,20.27,2.12,maker_free(census),rule,Sports,quadraticx1
KXSAXANHGOVT,politics_geopolitics,,,20.16,1.75,UNKNOWN,rule,,
KXIPOBLOOMBERG,company_earnings,,,20.01,0.75,maker_free(census),rule,Financials,quadraticx1
KXPMA,company_earnings,,,20.0,0.5,maker_free(census),api,Companies,quadraticx1
KXUSDRESERVE,rates_macro,,,19.97,0.88,maker_free(census),api,Economics,quadraticx1
KXWNBA6POY,sports_basketball,WNBA,props,19.95,5.88,maker_free(census),rule,Sports,quadraticx1
NYTOAI,other,,,19.78,2.62,UNKNOWN,guess,,
KXCEOANTHROPIC,company_earnings,,,19.75,1.38,UNKNOWN,rule,,
KXTESLAROADSTER,equity_indices,,,19.37,4.75,maker_free(census),api,Financials,quadraticx1
KXSHOPA,equity_indices,,,19.22,1.12,maker_free(census),api,Financials,quadraticx1
KXMEDIAGUESTTBPN,entertainment_culture,,,19.22,0.5,maker_free(census),api,Entertainment,quadraticx1
KXMLBCBA,entertainment_culture,,,19.14,4.88,maker_free(census),api(sports-token-conflict),Entertainment,quadraticx1
KXFERT,rates_macro,,,19.11,2.5,maker_free(census),api,Economics,quadraticx1
KXCHESSTOURNAMENT,sports_chess,CHESS,props,19.09,3.38,maker_free(census),rule,Sports,quadraticx1
KXMUSKCHALLENGERS,politics_geopolitics,,,18.92,3.38,maker_free(census),rule,Elections,quadraticx1
KXKLOBSEAT,other,,,18.85,1.0,UNKNOWN,guess,,
KXTEAMSINSC,other,,,18.82,5.0,UNKNOWN,guess,,
KXRIEMANNRES,other,,,18.74,0.5,UNKNOWN,guess,,
KXOBERGEFELL,politics_geopolitics,,,18.7,2.38,maker_free(census),api,Politics,quadraticx1
KXSTATELAW,commodities_fx_other,,,18.69,0.88,maker_free(census),rule,Politics,quadraticx1
KXPRAGUEMAYOR,politics_geopolitics,,,18.67,2.0,UNKNOWN,rule,,
KXSECNAVY,other,,,18.62,3.25,UNKNOWN,guess,,
KXGOLFMAJOR,sports_other,,,18.6,2.62,maker_free(census),api,Sports,quadraticx1
SENATEOR,politics_geopolitics,,,18.59,2.5,maker_free(census),rule,Elections,quadraticx1
KXCHIPBURRITO,other,,,18.57,2.25,UNKNOWN,guess,,
KXHUONMAYOR,politics_geopolitics,,,18.41,3.62,UNKNOWN,rule,,
KXCOPAAMERICAHOST,sports_other,,,18.4,0.75,maker_free(census),api,Sports,quadraticx1
KXCBDTURKEY,rates_macro,,,18.33,0.62,UNKNOWN,rule,,
WRECSS,other,,,18.32,5.25,UNKNOWN,guess,,
KXKATZOUT,politics_geopolitics,,,18.31,0.38,maker_free(census),api,Politics,quadraticx1
KXKLEAGUE,sports_soccer,KLEAGUE,futures,18.23,0.5,maker_free(census),rule,Sports,quadraticx1
KXPRESOVMAYOR,politics_geopolitics,,,18.2,0.75,UNKNOWN,rule,,
KXNUMSHUTDOWNS,politics_geopolitics,,,18.16,1.62,maker_free(census),api,Politics,quadraticx1
KXSECSTATEAZ,politics_geopolitics,,,18.16,1.88,maker_free(census),api,Elections,quadraticx1
KXGRND,other,,,18.07,0.38,UNKNOWN,guess,,
KXPM,politics_geopolitics,,,18.07,0.38,maker_free(census),rule,Financials,quadraticx1
KXMARSVRAIL,tech_ai,,,18.04,3.12,maker_free(census),rule,Science and Technology,quadraticx1
KXBRAZILGDP,rates_macro,,,18.03,1.38,maker_free(census),api,Economics,quadraticx1
KXWTIVSBRENT,commodities_fx_other,,,17.97,4.0,maker_free(census),rule,Financials,quadraticx1
KXFLVISITORCOUNT,other,,,17.97,0.75,UNKNOWN,guess,,
KXINTC,company_earnings,,,17.92,1.25,maker_free(census),rule,Financials,quadraticx1
KXEARNINGSMENTIONSBUX,mentions,,,17.85,3.38,UNKNOWN,rule,,
KXSPEAKER120,politics_geopolitics,,,17.84,2.25,UNKNOWN,rule,,
KXRELOCATEPSKY,other,,,17.81,1.75,UNKNOWN,guess,,
KXCMGCC,company_kpi_altdata,,,17.76,1.0,UNKNOWN,rule,,
KXNCSUPREMECOURT,other,,,17.75,0.12,UNKNOWN,guess,,
KXNBANEXTGOVERNOR,sports_basketball,NBA,props,17.74,0.62,UNKNOWN,rule,,
KXMACRONOWENSLONG,politics_geopolitics,,,17.73,1.0,maker_free(census),api,Politics,quadraticx1
KXTRUMPAPPROVALYEAR,politics_geopolitics,,,17.73,6.5,maker_free(census),rule,Politics,quadraticx1
KXFRAUD2020,politics_geopolitics,,,17.7,5.12,maker_free(census),api,Politics,quadraticx1
KXHOUSETURNOUT,politics_geopolitics,,,17.65,5.75,maker_free(census),rule,Elections,quadraticx1
KXFEATURETRAVISSCOTT,entertainment_culture,,,17.58,2.12,maker_free(census),rule,Entertainment,quadraticx1
KXOPENAISECTOR,tech_ai,,,17.5,3.12,maker_free(census),rule,Financials,quadraticx1
KXTOSTA,equity_indices,,,17.49,0.5,maker_free(census),api,Financials,quadraticx1
KXNZGOVT,politics_geopolitics,,,17.47,1.75,UNKNOWN,rule,,
KXUSDTTBILL,crypto_daily_longer,,,17.44,0.5,maker_free(census),rule,Economics,quadraticx1
KXNBANORTHWEST,sports_basketball,NBA,futures,17.39,1.12,maker_free(census),rule,Sports,quadraticx1
KXMOBILETEU,other,,,17.39,1.12,UNKNOWN,guess,,
KXHARVARDFEDREV,other,,,17.31,1.25,UNKNOWN,guess,,
KXBARRELS,rates_macro,,,17.29,3.88,maker_free(census),api,Economics,quadraticx1
KXARGPREMDIV,other,,,17.26,6.88,UNKNOWN,guess,,
KXSNAPUK,politics_geopolitics,,,17.24,1.62,maker_free(census),api,Elections,quadraticx1
KXVENUEPERFORMANCEYE,entertainment_culture,,,17.18,2.75,maker_free(census),rule,Entertainment,quadraticx1
KXTXHOUSE,politics_geopolitics,,,17.15,2.0,maker_free(census),api,Elections,quadraticx1
KXSCOTUSRESIGN,politics_geopolitics,,,17.09,2.62,maker_free(census),rule,Politics,quadraticx1
KXGRAMMYNOMBRA,entertainment_culture,,,17.01,2.75,maker_free(census),rule,Entertainment,quadraticx1
KXHOUSEUT01,politics_geopolitics,,,16.99,2.25,maker_free(census),rule,Elections,quadraticx1
KXUEFANLGROUPQUAL,sports_soccer,UEFANL,futures,16.96,1.88,UNKNOWN,rule,,
KXNFLTEAMDPTS,sports_football_us,NFL,props,16.94,5.62,maker_free(census),rule,Sports,quadraticx1
KXWORDOFTHEYEAR,entertainment_culture,,,16.92,5.0,maker_free(census),api,Entertainment,quadraticx1
KXTRUMPTRADEGAP,politics_geopolitics,,,16.91,0.12,maker_free(census),rule,Economics,quadraticx1
KXCTCQ,equity_indices,,,16.91,1.38,maker_free(census),api,Financials,quadraticx1
KXPAFLOCKBAN,other,,,16.85,0.75,UNKNOWN,guess,,
KXDEMTRIFECTA,other,,,16.73,0.25,UNKNOWN,guess,,
KXEFLL11HSPREAD,sports_soccer,EFLL1,period,16.68,9.75,UNKNOWN,rule,,
KXRANKLISTGOOGLESEARCH2,entertainment_culture,,,16.6,6.88,maker_free(census),rule,Entertainment,quadraticx1
KXHOUSETX32,politics_geopolitics,,,16.55,3.75,maker_free(census),rule,Elections,quadraticx1
KXAVGTKDFW,other,,,16.53,7.5,UNKNOWN,guess,,
KXTRUMPPARDONFAMILY,politics_geopolitics,,,16.46,1.0,maker_free(census),rule,Politics,quadraticx1
KXNFLHALLOFFAME,sports_football_us,NFL,props,16.32,2.5,maker_free(census),rule,Sports,quadraticx1
KXMLBWINS-TOR,sports_baseball,MLB,futures,16.28,2.38,maker_free(census),rule,Sports,quadraticx1
KXTRUMPBULLCASECOMBO,politics_geopolitics,,,16.27,6.62,maker_free(census),rule,Elections,quadraticx1
KXGENERALCOUNTY-GOVPARTYAZ,politics_geopolitics,,,16.25,0.38,UNKNOWN,rule,,
KXSVOTECLARITY,politics_geopolitics,,,16.25,6.62,maker_free(census),api,Politics,quadraticx1
KXRANKLISTDJMAGTOP10,entertainment_culture,,,16.23,1.0,maker_free(census),api,Entertainment,quadraticx1
KXDIESELMINY,macro_gas_prices,,,16.2,0.88,UNKNOWN,rule,,
KXTURKEYPRES,politics_geopolitics,,,16.07,0.75,maker_free(census),rule,Elections,quadraticx1
KXMEDIAGUESTKIMMEL,entertainment_culture,,,16.03,2.25,maker_free(census),api,Entertainment,quadraticx1
KXSAMEPARTYCONGRESS,other,,,15.98,0.88,UNKNOWN,guess,,
KXINXVSINXEW,equity_indices,,,15.9,0.88,maker_free(census),rule,Financials,quadraticx1
KXMEDIAGUESTFALLON,entertainment_culture,,,15.89,4.75,maker_free(census),api,Entertainment,quadraticx1
KXECULP,sports_other,,,15.88,4.25,maker_free(census),api,Sports,quadraticx1
SENATERI,politics_geopolitics,,,15.85,1.25,maker_free(census),rule,Elections,quadraticx1
KXEFLCHAMPIONSHIP,sports_soccer,EFLCHAMP,props,15.83,4.75,UNKNOWN,rule,,
KXGBPUSDAD,commodities_fx_other,,,15.83,20.75,UNKNOWN,rule,,
KXSNL,entertainment_culture,,,15.82,5.12,maker_free(census),rule,Entertainment,quadraticx1
KXIRANDEMOCRACY,politics_geopolitics,,,15.74,3.88,zero_fee,rule,Politics,quadraticx0
KXVANCERUBIORUN,politics_geopolitics,,,15.62,0.88,maker_free(census),rule,Elections,quadraticx1
KXWINSTREAKMANU,sports_other,,,15.59,1.62,maker_free(census),api,Sports,quadraticx1
KXCANEUNEGOTIATE,other,,,15.47,1.25,UNKNOWN,guess,,
KXAAAGASMINCA,macro_gas_prices,,,15.43,11.88,maker_free(census),rule,Economics,quadraticx1
KXFEDEND,rates_macro,,,15.4,3.25,maker_free(census),rule,Politics,quadraticx1
KXTRUMPFLAVIO,politics_geopolitics,,,15.35,1.5,UNKNOWN,rule,,
KXWCCAREERGOALS,sports_other,,,15.27,3.62,maker_free(census),api,Sports,quadraticx1
KXHEAVENLYOPEN,weather_climate,,,15.25,1.0,UNKNOWN,rule,,
KXENGAGEMENTTIMOTHEEKYLIE,entertainment_culture,,,15.16,4.75,maker_free(census),api,Entertainment,quadraticx1
KXGTAPCRELEASE,other,,,15.16,3.12,UNKNOWN,guess,,
KXTESLACAR,equity_indices,,,15.15,3.5,maker_free(census),api,Financials,quadraticx1
KXVZ,equity_indices,,,15.15,1.0,maker_free(census),api,Financials,quadraticx1
KXLIF,other,,,14.99,8.88,UNKNOWN,guess,,
KXMOVGANCSEN,politics_geopolitics,,,14.95,0.5,maker_free(census),api,Elections,quadraticx1
KXMLBFASTPITCH,sports_baseball,MLB,props,14.92,1.0,maker_free(census),rule,Sports,quadraticx1
KXMARTINDNCOUT,politics_geopolitics,,,14.85,2.62,maker_free(census),api,Politics,quadraticx1
KXBNBMINY-BNB,crypto_daily_longer,,,14.72,1.38,UNKNOWN,rule,,
KXPGAR1TOP5,sports_golf,PGA,props,14.61,2.88,UNKNOWN,rule,,
KXLEADERNFLSACKS,sports_other,,,14.56,18.62,maker_free(census),api,Sports,quadraticx1
KXUSPPIYOY,rates_macro,,,14.54,1.75,maker_free(census),api,Economics,quadraticx1
KXKRA,other,,,14.51,0.62,UNKNOWN,guess,,
KXWNBANEXTTEAM,sports_basketball,WNBA,futures,14.5,4.38,maker_free(census),rule,Sports,quadraticx1
KXENDORSECOLLINS,politics_geopolitics,,,14.49,1.0,maker_free(census),rule,Elections,quadraticx1
KXHURPATHNC,weather_climate,,,14.46,4.88,UNKNOWN,rule,,
KXKBO,sports_baseball,KBO,futures,14.45,3.25,maker_free(census),rule,Sports,quadraticx1
KXGOVTCUTS,politics_geopolitics,,,14.45,12.62,maker_free(census),rule,Economics,quadraticx1
KXROGANGUEST,entertainment_culture,,,14.45,3.88,maker_free(census),api,Entertainment,quadraticx1
KXISRDEFMIN,other,,,14.39,0.62,UNKNOWN,guess,,
HOUSENY22,politics_geopolitics,,,14.3,1.62,maker_free(census),rule,Elections,quadraticx1
KXATTYGENRI,politics_geopolitics,,,14.28,0.88,maker_free(census),rule,Elections,quadraticx1
KXLASHERIFF,other,,,14.27,1.62,UNKNOWN,guess,,
KXSHOWENDHAUNTEDHOTEL,entertainment_culture,,,14.24,2.12,maker_free(census),api,Entertainment,quadraticx1
KXMANCITYPREMTITLE,other,,,14.18,0.62,UNKNOWN,guess,,
KXUSMCAOUTCOMES,politics_geopolitics,,,14.14,0.5,maker_free(census),api,Politics,quadraticx1
KXMARRIAGESTYLESKRAVITZ,entertainment_culture,,,14.12,1.12,maker_free(census),api,Entertainment,quadraticx1
KXARRESTNETANYAHU,politics_geopolitics,,,14.08,4.38,maker_free(census),api,Politics,quadraticx1
KXACQPYPL,equity_indices,,,14.07,3.0,maker_free(census),api,Financials,quadraticx1
KXRELY,other,,,13.93,0.38,UNKNOWN,guess,,
KXTOPPOD,entertainment_culture,,,13.93,1.12,maker_free(census),api,Entertainment,quadraticx1
KXAKSENATEROUND,politics_geopolitics,,,13.93,0.38,maker_free(census),rule,Elections,quadraticx1
KXUSMCA,politics_geopolitics,,,13.81,1.5,maker_free(census),api,Politics,quadraticx1
KXMOSTEXPENSIVEART,entertainment_culture,,,13.77,2.25,maker_free(census),api,Entertainment,quadraticx1
KXLOUISVILLEMAYOR,politics_geopolitics,,,13.77,0.62,maker_free(census),rule,Elections,quadraticx1
KXDOGEMAXY-DOGE,crypto_daily_longer,,,13.75,2.5,UNKNOWN,rule,,
KXFYREFESTPRICE,equity_indices,,,13.75,0.12,maker_free(census),api,Financials,quadraticx1
KXBRGOVMOSTSEATS,politics_geopolitics,,,13.72,4.75,maker_free(census),rule,Elections,quadraticx1
KXUKSOCIALBAN,politics_geopolitics,,,13.69,0.38,maker_free(census),api,Politics,quadraticx1
KXNCAAFAACQUAL,sports_football_us,NCAAF,futures,13.68,10.12,maker_free(census),rule,Sports,quadraticx1
KXBIDENAMBIEN,politics_geopolitics,,,13.67,0.5,maker_free(census),rule,Politics,quadraticx1
KXGEMINI35Y,tech_ai,,,13.66,9.0,maker_free(census),rule,Commodities,quadraticx1
KXALBUMRELEASEDATETRAVIS,entertainment_culture,,,13.66,2.75,maker_free(census),rule,Entertainment,quadraticx1
KXZECMINY-ZEC,crypto_daily_longer,,,13.64,7.88,UNKNOWN,rule,,
KXSOCKEYERUN,other,,,13.5,0.25,UNKNOWN,guess,,
KXTIMEDECADE20S,entertainment_culture,,,13.45,4.88,maker_free(census),api,Entertainment,quadraticx1
KXITALYPM,politics_geopolitics,,,13.43,1.38,UNKNOWN,rule,,
KXNEXTJUDICIARYCHAIR,politics_geopolitics,,,13.39,0.88,maker_free(census),api,Politics,quadraticx1
KXNFLROLE,sports_football_us,NFL,props,13.38,1.75,UNKNOWN,rule,,
GOVPARTYKY,politics_geopolitics,,,13.36,0.62,maker_free(census),rule,Elections,quadraticx1
KXA100MS,equity_indices,,,13.34,1.38,UNKNOWN(likely maker_fee: GPU-price series added 2026-09-03),rule,Financials,quadraticx1
KXATPRETIRE,sports_tennis,ATP,props,13.28,2.25,maker_free(census),rule,Sports,quadraticx1
KXMOVKSNESEN,other,,,13.28,0.75,UNKNOWN,guess,,
KXONTLIBLEAD,other,,,13.23,1.88,UNKNOWN,guess,,
KXOSCARSCORE,entertainment_culture,,,13.23,0.38,UNKNOWN,rule,,
KXHODGE,other,,,13.17,1.75,UNKNOWN,guess,,
KXBOSNIASPRES,politics_geopolitics,,,13.16,0.62,UNKNOWN,rule,,
KXAISTREAMSERIES,tech_ai,,,13.08,8.5,maker_free(census),rule,Financials,quadraticx1
KXAISAFETYAUDIT,tech_ai,,,13.02,1.62,UNKNOWN,rule,,
KXCANTERRITORY,politics_geopolitics,,,12.97,6.75,maker_free(census),api,Politics,quadraticx1
KXNYTHEAD,entertainment_culture,,,12.96,4.0,maker_free(census),rule,Politics,quadraticx1
KXNEXTSTATE,politics_geopolitics,,,12.95,0.25,maker_free(census),api,Politics,quadraticx1
KXHURCTOT,weather_climate,,,12.92,12.0,maker_free(census),rule,Climate and Weather,quadraticx1
KXWARATAHWYNYARD,politics_geopolitics,,,12.91,1.62,UNKNOWN,rule,,
KXMTGSWITCH,politics_geopolitics,,,12.9,5.12,maker_free(census),api,Politics,quadraticx1
KXNWSL,sports_soccer,NWSL,futures,12.9,5.25,maker_free(census),rule,Sports,quadraticx1
KXMOCTRUMP25,politics_geopolitics,,,12.88,3.0,maker_free(census),api,Politics,quadraticx1
KXMOMAPCOURT,other,,,12.79,2.12,UNKNOWN,guess,,
KXBRIANCONF,politics_geopolitics,,,12.79,0.38,maker_free(census),api,Politics,quadraticx1
KXRETIREPELOSI,politics_geopolitics,,,12.77,3.62,maker_free(census),api,Politics,quadraticx1
KXFIFALEAVE,sports_other,,,12.76,2.25,maker_free(census),api,Sports,quadraticx1
KXYUMA,equity_indices,,,12.63,0.5,maker_free(census),api,Financials,quadraticx1
KXSAUDICRUDE,commodities_fx_other,,,12.62,0.75,UNKNOWN,rule,,
CHINAUSGDP,politics_geopolitics,,,12.62,8.25,UNKNOWN,rule,,
KXVETOOVERRIDE,politics_geopolitics,,,12.59,0.88,maker_free(census),api,Politics,quadraticx1
KXINEQUALITY,rates_macro,,,12.58,0.38,maker_free(census),api,Economics,quadraticx1
EVSHARE,other,,,12.55,2.0,UNKNOWN,guess,,
KXCOPAAMERICA,sports_other,,,12.53,2.0,maker_free(census),api,Sports,quadraticx1
KXSHELTERCPI,rates_macro,,,12.5,0.25,maker_free(census),api,Economics,quadraticx1
KXNEXTLEGAFFAIRS,other,,,12.49,0.62,UNKNOWN,guess,,
KXTRYFIRECOOK,politics_geopolitics,,,12.45,2.0,maker_free(census),api,Politics,quadraticx1
KXEARNINGSMENTIONASTS,mentions,,,12.44,1.62,UNKNOWN,rule,,
KXNCAALAX,sports_other,,,12.42,3.25,maker_free(census),api,Sports,quadraticx1
KXBIGBENDRESUME,other,,,12.39,0.62,UNKNOWN,guess,,
KXNCAAFAWARDFIN,sports_football_us,NCAAF,futures,12.38,0.5,UNKNOWN,rule,,
KXMEETINGS,other,,,12.38,0.12,UNKNOWN,guess,,
KXIPOFANNIE,company_earnings,,,12.32,1.12,maker_free(census),rule,Financials,quadraticx1
KXVEI4,weather_climate,,,12.3,4.12,maker_free(census),api,Climate and Weather,quadraticx1
HOUSEMI8,politics_geopolitics,,,12.24,0.88,maker_free(census),rule,Elections,quadraticx1
KXG7LEADEROUT,politics_geopolitics,,,12.23,2.25,maker_free(census),api,Politics,quadraticx1
KXPRESTAIWAN,politics_geopolitics,,,12.23,0.38,maker_free(census),rule,Elections,quadraticx1
KXMOVIEDELAYAVENGERS,entertainment_culture,,,12.2,20.12,maker_free(census),rule,Entertainment,quadraticx1
KXNFLDPOYSPECIALS,sports_football_us,NFL,props,12.18,0.12,UNKNOWN,rule,,
KXOER,other,,,12.18,0.38,UNKNOWN,guess,,
KXMOTOGPTEAMS,sports_motorsport,MOTOGP,props,12.16,4.88,maker_free(census),rule,Sports,quadraticx1
KXEBAY,equity_indices,,,12.14,0.12,maker_free(census),api,Financials,quadraticx1
KXNCAAMBMEAC,sports_basketball,NCAAMB,props,12.04,0.5,UNKNOWN,rule,,
KXISRAEL2ND,politics_geopolitics,,,12.0,1.25,UNKNOWN,rule,,
KXSPOTIFYWRAPPEDRELEASE,entertainment_culture,,,11.97,0.75,maker_free(census),rule,Entertainment,quadraticx1
KXUSAMEASLESELIMINATE,tech_ai,,,11.96,2.12,maker_free(census),api,Science and Technology,quadraticx1
KXSAMOMINF,rates_macro,,,11.92,0.5,maker_free(census),api,Economics,quadraticx1
KXNYCCHILDCARE,politics_geopolitics,,,11.89,4.12,maker_free(census),api,Politics,quadraticx1
KXCREDITRATING,rates_macro,,,11.88,4.62,maker_free(census),api,Economics,quadraticx1
KXSBUXA,company_earnings,,,11.88,4.25,maker_free(census),rule,Companies,quadraticx1
KXNFLDIVLEASTWINS,sports_football_us,NFL,futures,11.85,0.75,maker_free(census),rule,Sports,quadraticx1
KXCONMEBOLLIB,sports_soccer,CONMEBOL,props,11.77,2.5,maker_free(census),rule,Sports,quadraticx1
KXUSPSPORTALSUBMIT,other,,,11.73,1.62,UNKNOWN,guess,,
KXWCHOST,sports_other,,,11.69,2.5,maker_free(census),api,Sports,quadraticx1
KXJOHNNYDEPP,entertainment_culture,,,11.66,1.75,maker_free(census),api,Entertainment,quadraticx1
KXGBT55OY,commodities_fx_other,,,11.6,7.75,maker_free(census),api,Commodities,quadraticx1
KXUAL,company_earnings,,,11.58,1.25,maker_free(census),rule,Financials,quadraticx1
KXEARNINGSMENTIONTGT,mentions,,,11.5,1.25,maker_free(census),rule,Mentions,quadraticx1
KXSSCOLA,other,,,11.43,0.25,UNKNOWN,guess,,
KXNFLAWARDFIN,sports_football_us,NFL,futures,11.36,2.62,UNKNOWN,rule,,
KX10YRDIRLM,rates_macro,,,11.34,5.75,UNKNOWN,rule,,
KXCOACHOUTMLBDATE,sports_other,,,11.34,1.0,maker_free(census),api,Sports,quadraticx1
HOUSEFL23,politics_geopolitics,,,11.27,0.75,maker_free(census),rule,Elections,quadraticx1
KXBRASILEIROC1HSPREAD,sports_soccer,BRASILEIROC,period,11.25,11.38,maker_free(census),rule,Sports,quadraticx1
KXBIRCHSWINN,other,,,11.25,0.12,UNKNOWN,guess,,
KXSAILGP,sports_other,,,11.21,1.12,maker_free(census),api,Sports,quadraticx1
KXMEDIAGUESTERICADAMS,entertainment_culture,,,11.21,5.0,maker_free(census),api,Entertainment,quadraticx1
KXSCREWWORMCOUNT,tech_ai,,,11.2,10.12,maker_free(census),api,Science and Technology,quadraticx1
KXABRAHAMQ,politics_geopolitics,,,11.15,2.38,maker_free(census),api,Politics,quadraticx1
KXVISITGREENLAND,politics_geopolitics,,,11.12,0.88,maker_free(census),api,Politics,quadraticx1
KXNCAAFSECWINS,sports_football_us,NCAAF,futures,11.11,1.5,maker_free(census),rule,Sports,quadraticx1
KXRANKLISTIFPIARTIST,entertainment_culture,,,11.1,1.88,maker_free(census),api,Entertainment,quadraticx1
KXACQUANNOUNCEPINS,equity_indices,,,11.07,4.0,maker_free(census),api,Financials,quadraticx1
HOUSEOH1,politics_geopolitics,,,11.02,1.5,maker_free(census),rule,Elections,quadraticx1
KXBEPIROVIRSEN,equity_indices,,,10.99,0.38,maker_free(census),api,Financials,quadraticx1
KXBUNDESLIGARELEGATION,sports_soccer,BUNDESLIGA,futures,10.94,3.75,maker_free(census),rule,Sports,quadraticx1
KXCYCLOCOUNT,tech_ai,,,10.85,3.0,maker_free(census),api,Science and Technology,quadraticx1
KXPERFORMROLE007,entertainment_culture,,,10.82,2.88,maker_free(census),rule,Entertainment,quadraticx1
KXTWOW,entertainment_culture,,,10.82,2.0,maker_free(census),api,Entertainment,quadraticx1
KXNCCOURT,politics_geopolitics,,,10.81,0.88,maker_free(census),api,Elections,quadraticx1
KXWING,equity_indices,,,10.77,1.5,maker_free(census),api,Financials,quadraticx1
KXSECSTATEGA,politics_geopolitics,,,10.73,1.0,maker_free(census),api,Elections,quadraticx1
KXDPRESPRIMARY,politics_geopolitics,,,10.73,1.5,maker_free(census),rule,Elections,quadraticx1
KXJPSGINFL,rates_macro,,,10.7,1.12,maker_free(census),api,Economics,quadraticx1
KXTHUNERUN,other,,,10.63,0.5,UNKNOWN,guess,,
KXBOSNIANGEN2ND,other,,,10.63,1.12,UNKNOWN,guess,,
KXFLDENGUE,other,,,10.52,0.5,UNKNOWN,guess,,
KXMETAANTITRUST,company_earnings,,,10.5,0.12,UNKNOWN,rule,,
KXFEDFREQ,rates_macro,,,10.4,0.25,maker_free(census),rule,Economics,quadraticx1
KXNYCTAXMILLIONS,politics_geopolitics,,,10.39,6.25,maker_free(census),api,Politics,quadraticx1
KXTRUMPKENNEDYFACADE,politics_geopolitics,,,10.37,2.0,UNKNOWN,rule,,
KXMECKLENBURGVORPOMMERNMOV,other,,,10.36,3.62,UNKNOWN,guess,,
KXSAVTEU,other,,,10.26,0.25,UNKNOWN,guess,,
KXDEMSCHUMER,politics_geopolitics,,,10.25,1.62,maker_free(census),api,Politics,quadraticx1
KXPROMISEACT,other,,,10.24,0.38,UNKNOWN,guess,,
KXKASHRUSSIA,politics_geopolitics,,,10.14,2.88,maker_free(census),api,Politics,quadraticx1
KXSPCX,other,,,10.11,0.88,UNKNOWN,guess,,
KXFEDREFORM,rates_macro,,,10.11,1.62,maker_free(census),rule,Economics,quadraticx1
USCLIMATE,other,,,10.1,1.88,UNKNOWN,guess,,
GOVPARTYCO,politics_geopolitics,,,10.09,9.25,maker_free(census),rule,Elections,quadraticx1
KXNEWROLEX,equity_indices,,,10.06,4.0,maker_free(census),api,Financials,quadraticx1
KXSP500ADDQ,equity_indices,,,10.06,3.62,maker_free(census),rule,Financials,quadraticx1
KXKXMEDIAGUESTTINYDESK,entertainment_culture,,,10.01,4.0,maker_free(census),api,Entertainment,quadraticx1
KXUCSAT,politics_geopolitics,,,10.0,1.38,maker_free(census),api,Politics,quadraticx1
KXDG,other,,,9.93,0.75,UNKNOWN,guess,,
KXUKWEALTHTAX,other,,,9.87,0.25,UNKNOWN,guess,,
KXPARAGOV,politics_geopolitics,,,9.83,1.12,UNKNOWN,rule,,
KXXAIADOPT,tech_ai,,,9.81,0.38,UNKNOWN,rule,,
KXSUSPENDGASTAX,politics_geopolitics,,,9.74,2.12,maker_free(census),api,Politics,quadraticx1
KXAISPEND10,tech_ai,,,9.73,0.38,UNKNOWN,rule,,
KXJUDGMENT,politics_geopolitics,,,9.72,1.88,maker_free(census),api,Politics,quadraticx1
HOUSENE2,politics_geopolitics,,,9.71,3.88,maker_free(census),rule,Elections,quadraticx1
KXCBDECISIONKOREA,rates_macro,,,9.71,0.88,maker_free(census),rule,Economics,quadraticx1
KXPBR,other,,,9.7,1.38,UNKNOWN,guess,,
KXHERMESKELLY,entertainment_culture,,,9.7,0.5,maker_free(census),api,Entertainment,quadraticx1
KXIPOANDURIL,company_earnings,,,9.63,0.62,maker_free(census),rule,Financials,quadraticx1
KXEARNINGSMENTIONYUM,mentions,,,9.61,0.75,UNKNOWN,rule,,
KXACQANNOUNCESPACEX,equity_indices,,,9.55,0.62,maker_free(census),api,Financials,quadraticx1
KXCHINABANKSANC,politics_geopolitics,,,9.55,1.12,UNKNOWN,rule,,
KXBBY,other,,,9.53,0.25,UNKNOWN,guess,,
SENATEAZ,politics_geopolitics,,,9.51,2.12,maker_free(census),rule,Elections,quadraticx1
KXSPOTIFYALBUMRELEASEDATEBABYBOI,entertainment_culture,,,9.5,0.38,maker_free(census),rule,Entertainment,quadraticx1
KXFREEIVF,politics_geopolitics,,,9.45,3.25,maker_free(census),api,Politics,quadraticx1
KXNCAAMBACCREGTOP,sports_basketball,NCAAMB,props,9.44,0.75,maker_free(census),rule,Sports,quadraticx1
KXVSXYA,company_earnings,,,9.44,0.25,UNKNOWN,rule,,
KXNYCPROPERTYTAX,politics_geopolitics,,,9.34,3.38,maker_free(census),api,Politics,quadraticx1
KXAUDUSDAD,commodities_fx_other,,,9.33,14.25,UNKNOWN,rule,,
KXMLBPITCH,sports_baseball,MLB,props,9.31,2.12,maker_free(census),rule,Sports,quadraticx1
KXNEXTISRAELPM,politics_geopolitics,,,9.31,2.75,maker_free(census),rule,Elections,quadraticx1
KXIRSCOLLECT,rates_macro,,,9.21,1.12,maker_free(census),api,Economics,quadraticx1
KXOAIHARDWARE,tech_ai,,,9.12,4.5,maker_free(census),rule,Science and Technology,quadraticx1
KXAGENCYELIM,politics_geopolitics,,,9.1,1.88,maker_free(census),api,Politics,quadraticx1
KXMLBNLCSMVP,sports_baseball,MLB,futures,9.09,2.5,UNKNOWN,rule,,
KXUSCANADATARIFFDOWN,other,,,9.07,2.12,UNKNOWN,guess,,
KXNEXTGERCHANC,other,,,9.06,0.62,UNKNOWN,guess,,
KXNCAAFSECLEADER,sports_football_us,NCAAF,props,9.03,2.5,UNKNOWN,rule,,
KXCANEUINFL,rates_macro,,,9.0,1.25,maker_free(census),api,Economics,quadraticx1
KXNBAHALLOFFAME,sports_basketball,NBA,props,8.99,0.25,maker_free(census),rule,Sports,quadraticx1
KXGEMINI35OY,tech_ai,,,8.96,3.0,maker_free(census),rule,Commodities,quadraticx1
KXCITYMLBEXPAND,other,,,8.89,0.62,UNKNOWN,guess,,
KXLAMINEYAMAL,sports_other,,,8.88,2.0,maker_free(census),api,Sports,quadraticx1
KXALKA,equity_indices,,,8.87,0.5,maker_free(census),api,Financials,quadraticx1
KXCOMPANYACTIONTTWO,company_earnings,,,8.86,2.38,UNKNOWN,rule,,
KXISRNORMCOUNT,politics_geopolitics,,,8.83,0.75,maker_free(census),api,Politics,quadraticx1
KXDPZA,company_earnings,,,8.83,1.12,maker_free(census),rule,Financials,quadraticx1
INDIACLIMATE,other,,,8.79,1.12,UNKNOWN,guess,,
KXEPLLAST,sports_soccer,EPL,props,8.75,2.25,UNKNOWN,rule,,
KXCTINSURANCEJOBS,other,,,8.75,0.75,UNKNOWN,guess,,
KXVICTORIA3RD,other,,,8.71,0.38,UNKNOWN,guess,,
KXLAUNCESTONMAYOR,politics_geopolitics,,,8.6,0.75,UNKNOWN,rule,,
KXNCAAMBUNDEFEATED,sports_basketball,NCAAMB,futures,8.56,2.0,maker_free(census),rule,Sports,quadraticx1
KXJUULFLAVOR,equity_indices,,,8.56,3.62,maker_free(census),api,Financials,quadraticx1
KXSCOTUSAICOPYRIGHT,politics_geopolitics,,,8.51,0.75,maker_free(census),rule,Politics,quadraticx1
KXMETAA,company_earnings,,,8.47,2.12,maker_free(census),rule,Companies,quadraticx1
KXPGACOMPETE,sports_golf,PGA,props,8.45,2.38,maker_free(census),rule,Sports,quadraticx1
KXNCAAFAPCHURN,sports_football_us,NCAAF,props,8.4,0.88,UNKNOWN,rule,,
KXLEAVEMILLS,politics_geopolitics,,,8.34,0.25,maker_free(census),api,Politics,quadraticx1
KXARTISTCOLLABDRAKEKENDRICK,entertainment_culture,,,8.33,6.25,maker_free(census),rule,Entertainment,quadraticx1
KXVANCERUN,politics_geopolitics,,,8.27,1.25,maker_free(census),rule,Elections,quadraticx1
KXPOPESWIFT,company_kpi_altdata,,,8.23,1.75,maker_free(census),rule,Politics,quadraticx1
SENATEIL,politics_geopolitics,,,8.23,0.88,maker_free(census),rule,Elections,quadraticx1
KXBBALLTEAMUSA,sports_other,,,8.19,1.12,maker_free(census),api,Sports,quadraticx1
KXCOLLEGEGAMEDAYGUEST,sports_football_us,NCAAF,props,8.18,1.0,maker_free(census),rule,Sports,quadraticx1
KXNEURALINKCOUNT,tech_ai,,,8.17,2.5,maker_free(census),api,Science and Technology,quadraticx1
KXNCAAFCFPCONF,sports_football_us,NCAAF,props,8.11,0.88,UNKNOWN,rule,,
KXWWEFIGHTOCCUR,sports_other,,,8.11,3.38,maker_free(census),api,Sports,quadraticx1
KXSECSTATEOH,politics_geopolitics,,,8.06,1.75,maker_free(census),api,Elections,quadraticx1
KXSAFEBANK,politics_geopolitics,,,8.04,0.75,maker_free(census),api,Politics,quadraticx1
KXAFCON,sports_soccer,AFCON,futures,8.04,1.75,maker_free(census),rule,Sports,quadraticx1
KXLLAMA5,tech_ai,,,8.01,2.62,maker_free(census),api,Science and Technology,quadraticx1
KXKASHANNOUNCEOUT,politics_geopolitics,,,8.01,1.62,maker_free(census),api,Politics,quadraticx1
KXFEDGOVNOM,rates_macro,,,8.0,1.75,maker_free(census),rule,Politics,quadraticx1
KXNEWSCOTUSCONF,politics_geopolitics,,,7.92,2.62,maker_free(census),api,Politics,quadraticx1
KXCALGARYSHAWBY,other,,,7.92,0.25,UNKNOWN,guess,,
KXENGAGEMENTSWEENEYBRUAN,entertainment_culture,,,7.9,2.38,maker_free(census),api,Entertainment,quadraticx1
KXSWISSNOVREF,other,,,7.86,1.75,UNKNOWN,guess,,
GOVPARTYHI,politics_geopolitics,,,7.82,1.62,maker_free(census),rule,Elections,quadraticx1
KXDOGEMAXMON-DOGE,crypto_daily_longer,,,7.8,5.62,UNKNOWN,rule,,
KXSYRIA,politics_geopolitics,,,7.76,0.75,maker_free(census),api,Politics,quadraticx1
KXCOMPANYACTIONLAYOFF,company_earnings,,,7.7,0.5,maker_free(census),rule,Financials,quadraticx1
KXDOGEMINY-DOGE,crypto_daily_longer,,,7.68,1.38,UNKNOWN,rule,,
KXDSAENDORSE28,other,,,7.63,0.5,UNKNOWN,guess,,
KXNCAAMBBIG12,sports_basketball,NCAAMB,props,7.61,0.62,maker_free(census),rule,Sports,quadraticx1
KXARTISTCOLLABDRAKEMETRO,entertainment_culture,,,7.61,2.88,maker_free(census),rule,Entertainment,quadraticx1
SENATEOH,politics_geopolitics,,,7.6,1.62,maker_free(census),rule,Elections,quadraticx1
KXFLOYDTYSONFIGHT,sports_other,,,7.59,2.75,maker_free(census),api,Sports,quadraticx1
KXDATABRICKS,equity_indices,,,7.59,2.12,maker_free(census),api,Financials,quadraticx1
KXUSMINE,politics_geopolitics,,,7.58,2.25,maker_free(census),api,Politics,quadraticx1
KXBESTLLMCHINA,tech_ai,,,7.55,5.75,maker_free(census),api,Science and Technology,quadraticx1
KXFARMBILL,politics_geopolitics,,,7.5,0.12,maker_free(census),api,Politics,quadraticx1
KXAVGTKLAS,other,,,7.43,3.62,UNKNOWN,guess,,
KXMACCELL,company_earnings,,,7.42,3.38,maker_free(census),api,Companies,quadraticx1
KXKLAR,equity_indices,,,7.41,0.25,maker_free(census),api,Financials,quadraticx1
KXERUPTSUPER,weather_climate,,,7.34,1.12,maker_free(census),rule,Climate and Weather,quadraticx1
KXIVONESCIMAB,equity_indices,,,7.33,0.62,maker_free(census),api,Financials,quadraticx1
KXNEWPOPE,politics_geopolitics,,,7.32,12.38,maker_free(census),api,Elections,quadraticx1
KXUFCFIGHTOCCUR,sports_combat,UFC,props,7.28,2.88,maker_free(census),rule,Sports,quadraticx1
KXSECSTATEMN,other,,,7.26,0.38,UNKNOWN,guess,,
HOUSEIN1,politics_geopolitics,,,7.25,1.38,maker_free(census),rule,Elections,quadraticx1
KXUSMDLFRDM,politics_geopolitics,,,7.22,2.12,maker_free(census),api,Politics,quadraticx1
KXHOUSINGSTART,rates_macro,,,7.22,1.62,maker_free(census),rule,Economics,quadraticx1
KXLAKEAMERICA,other,,,7.21,1.25,UNKNOWN,guess,,
KXNGUARDCITY,politics_geopolitics,,,7.21,4.75,maker_free(census),api,Politics,quadraticx1
KXMEXCUBOIL,rates_macro,,,7.2,2.0,maker_free(census),api,Economics,quadraticx1
KXSCOTUSCHANGE,politics_geopolitics,,,7.13,1.12,maker_free(census),rule,Politics,quadraticx1
KXMAYOROFKINGSTOWN,politics_geopolitics,,,7.13,0.5,maker_free(census),rule,Entertainment,quadraticx1
KXATZ,equity_indices,,,7.1,0.88,maker_free(census),api,Financials,quadraticx1
KXPERFORMSTYLESMSG,entertainment_culture,,,7.1,1.75,maker_free(census),rule,Entertainment,quadraticx1
KXDOLA,equity_indices,,,7.1,1.38,maker_free(census),api,Financials,quadraticx1
EUCLIMATE,other,,,7.09,1.12,UNKNOWN,guess,,
KXCHINAOILINV,politics_geopolitics,,,7.08,3.38,UNKNOWN,rule,,
KXCORPTAXCUT,politics_geopolitics,,,7.06,2.12,maker_free(census),api,Politics,quadraticx1
KXAHEG,other,,,7.04,0.25,UNKNOWN,guess,,
KXLGRAM,entertainment_culture,,,7.04,5.38,maker_free(census),api,Entertainment,quadraticx1
KXTRUMPRUN,politics_geopolitics,,,7.03,2.0,maker_free(census),rule,Elections,quadraticx1
KXSUPERBALLONDOR,sports_other,,,7.02,1.0,maker_free(census),api,Sports,quadraticx1
KXPARDONSYEAR,politics_geopolitics,,,7.02,1.25,maker_free(census),rule,Politics,quadraticx1
KXTX23SPECIALDATE,politics_geopolitics,,,6.98,1.25,maker_free(census),api,Elections,quadraticx1
KXMARATHON,other,,,6.98,3.12,UNKNOWN,guess,,
KXXAIGAME,tech_ai,,,6.89,2.12,maker_free(census),rule,Financials,quadraticx1
KXPOPCHANGENYC,politics_geopolitics,,,6.88,2.5,maker_free(census),api,Politics,quadraticx1
KXPGAR3LEAD,sports_golf,PGA,props,6.82,1.25,UNKNOWN,rule,,
KXNHLWSTREAK,sports_hockey,NHL,props,6.75,0.75,UNKNOWN,rule,,
KXHOUSEUT02,politics_geopolitics,,,6.74,1.12,maker_free(census),rule,Elections,quadraticx1
KXNBERRECESSQ,rates_macro,,,6.72,3.5,maker_free(census),api,Economics,quadraticx1
KXKIMKBAREXAM,entertainment_culture,,,6.71,5.12,maker_free(census),api,Entertainment,quadraticx1
KXCCLIMIT,politics_geopolitics,,,6.69,4.75,maker_free(census),api,Politics,quadraticx1
KXTOPALBUMRUNNERUPUSA,entertainment_culture,,,6.69,1.25,maker_free(census),rule,Entertainment,quadraticx1
KXRUBIORUN,politics_geopolitics,,,6.68,1.88,maker_free(census),api,Elections,quadraticx1
KXMLBSEEDWIN,sports_baseball,MLB,props,6.64,1.12,UNKNOWN,rule,,
KXFEDCUT,rates_macro,,,6.6,0.5,UNKNOWN,rule,,
KXUCLLEAGUE,sports_soccer,UCL,props,6.59,1.38,UNKNOWN,rule,,
KXHEARNCHARGE,other,,,6.58,2.62,UNKNOWN,guess,,
KXOAIDAMAGE,tech_ai,,,6.56,0.88,maker_free(census),rule,Science and Technology,quadraticx1
KXMSCIREMOVEQ,other,,,6.56,0.5,UNKNOWN,guess,,
KXWHPRESSBANEXPAND,politics_geopolitics,,,6.54,4.88,UNKNOWN,rule,,
KXMEISSNER,tech_ai,,,6.54,1.25,maker_free(census),api,Science and Technology,quadraticx1
KXEARNINGSMENTIONSPOT,mentions,,,6.52,1.5,maker_free(census),rule,Mentions,quadraticx1
KXGEORGIAPARLI,politics_geopolitics,,,6.51,0.12,maker_free(census),rule,Elections,quadraticx1
KXLANDSPACELAUNCH,other,,,6.5,0.12,UNKNOWN,guess,,
KXRELEASEMAXWELL,politics_geopolitics,,,6.46,1.62,maker_free(census),api,Politics,quadraticx1
KXTPSENATEMAX,politics_geopolitics,,,6.44,0.12,UNKNOWN,rule,,
KXNFLSTADIUM,sports_football_us,NFL,props,6.37,0.25,UNKNOWN,rule,,
KXMLBTEAMSALE,sports_baseball,MLB,props,6.37,1.38,UNKNOWN,rule,,
KXACAEXT,politics_geopolitics,,,6.35,2.5,maker_free(census),api,Politics,quadraticx1
KXNEXTTRILLIONAIRE,rates_macro,,,6.35,2.75,maker_free(census),api,Economics,quadraticx1
KXICERENAME,politics_geopolitics,,,6.34,1.12,maker_free(census),api,Politics,quadraticx1
KXBRASILEIROTOTAL,sports_soccer,BRASILEIRO,total,6.34,0.88,maker_free(census),rule,Sports,quadraticx1
KXAUTODELQ,rates_macro,,,6.33,1.0,maker_free(census),api,Economics,quadraticx1
KXGUATEMALACONGRESS,politics_geopolitics,,,6.32,0.75,maker_free(census),api,Elections,quadraticx1
KXTVSEASONRELEASETHELASTOFUS,entertainment_culture,,,6.31,3.0,maker_free(census),api,Entertainment,quadraticx1
KXSTATE,politics_geopolitics,,,6.3,2.75,maker_free(census),api,Politics,quadraticx1
KXELONMARS,politics_geopolitics,,,6.3,2.25,maker_free(census),rule,Politics,quadraticx1
KXNUEVOLEONGOV,politics_geopolitics,,,6.3,1.25,UNKNOWN,rule,,
KXYELLVISITS,other,,,6.27,0.5,UNKNOWN,guess,,
KXRANKLISTFFDST,sports_other,,,6.25,2.88,maker_free(census),api,Sports,quadraticx1
KXNCAAMBTOPAPRANK,sports_basketball,NCAAMB,futures,6.22,0.25,maker_free(census),rule,Sports,quadraticx1
KXMOSUPREMECOURT,other,,,6.2,0.25,UNKNOWN,guess,,
KXWMTA,company_earnings,,,6.18,1.88,maker_free(census),rule,Financials,quadraticx1
KXNAVAJOPRES,politics_geopolitics,,,6.17,0.25,maker_free(census),rule,Elections,quadraticx1
HOUSEOR5,politics_geopolitics,,,6.17,0.25,maker_free(census),rule,Elections,quadraticx1
KXSGA,other,,,6.17,0.62,UNKNOWN,guess,,
KXBBCHARTTOP3,entertainment_culture,,,6.15,3.5,maker_free(census),api,Entertainment,quadraticx1
KXSNOWBASINOPEN,weather_climate,,,6.13,1.25,UNKNOWN,rule,,
KXOHTREASR,other,,,6.13,0.38,UNKNOWN,guess,,
KXBROADCASTBACHELORETTE,entertainment_culture,,,6.12,8.62,maker_free(census),api,Entertainment,quadraticx1
AMAZONFTC,other,,,6.12,1.5,UNKNOWN,guess,,
KXNBACONF,sports_basketball,NBA,props,6.09,0.5,maker_free(census),rule,Sports,quadraticx1
GOVPARTYSC,politics_geopolitics,,,6.07,3.0,maker_free(census),rule,Elections,quadraticx1
KXOPUS48OY,commodities_fx_other,,,6.07,3.12,maker_free(census),api,Commodities,quadraticx1
KXENGAGEMENTISHOWSPEED,entertainment_culture,,,6.07,0.38,maker_free(census),api,Entertainment,quadraticx1
KXBIDENBOOK,politics_geopolitics,,,6.05,1.0,maker_free(census),rule,Politics,quadraticx1
KXFERCPJM,politics_geopolitics,,,6.0,0.25,maker_free(census),api,Politics,quadraticx1
KXSCFI,rates_macro,,,6.0,1.88,maker_free(census),api,Economics,quadraticx1
KXNYTCHARGE,entertainment_culture,,,5.99,0.5,maker_free(census),rule,Politics,quadraticx1
KXISRKNESSETCOUNT,other,,,5.94,0.38,UNKNOWN,guess,,
KXVENUEPERFORMANCEMSG,entertainment_culture,,,5.88,1.12,maker_free(census),rule,Entertainment,quadraticx1
KXCHWYA,other,,,5.85,0.62,UNKNOWN,guess,,
KXFLOCKDROPPED,other,,,5.84,0.5,UNKNOWN,guess,,
KXAFDSTATEGOV,politics_geopolitics,,,5.83,1.0,UNKNOWN,rule,,
KXFEDEMPLOYEES,rates_macro,,,5.77,0.75,maker_free(census),rule,Economics,quadraticx1
KXNBAALLSTARS,sports_basketball,NBA,futures,5.77,1.62,UNKNOWN,rule,,
GOVPARTYCT,politics_geopolitics,,,5.74,2.0,maker_free(census),rule,Elections,quadraticx1
KXRAINSFOM,weather_climate,,,5.71,6.0,maker_free(census),rule,Climate and Weather,quadraticx1
KXNATLEMERGENCY,politics_geopolitics,,,5.68,0.62,maker_free(census),api,Politics,quadraticx1
HOUSEOH13,politics_geopolitics,,,5.67,0.88,maker_free(census),rule,Elections,quadraticx1
KXTRUMPTARIFFHEAR,politics_geopolitics,,,5.66,5.38,maker_free(census),rule,Politics,quadraticx1
KXEPLH2HFINISH,sports_soccer,EPL,props,5.65,1.38,UNKNOWN,rule,,
KXWCTEAMS,sports_other,,,5.64,0.25,maker_free(census),api,Sports,quadraticx1
KXLIGAPORTUGAL,other,,,5.63,1.38,UNKNOWN,guess,,
KXPEPTIDEAPPROVE,politics_geopolitics,,,5.63,0.5,maker_free(census),api,Politics,quadraticx1
KXSECSTATEMI,politics_geopolitics,,,5.63,0.5,maker_free(census),api,Elections,quadraticx1
EUEXIT,other,,,5.62,0.25,UNKNOWN,guess,,
KXYTUBESUBSBEAST,entertainment_culture,,,5.62,1.5,maker_free(census),rule,Entertainment,quadraticx1
KXHOUSERACE-WYAL,politics_geopolitics,,,5.58,1.75,UNKNOWN,rule,,
KXSNOWFLAKE,weather_climate,,,5.58,0.25,maker_free(census),rule,Financials,quadraticx1
KXAAAGASMINFL,macro_gas_prices,,,5.57,2.25,maker_free(census),rule,Economics,quadraticx1
KXNFLTIES,sports_football_us,NFL,props,5.57,0.75,maker_free(census),rule,Sports,quadraticx1
KXNCAAFLSUTEX2X,sports_football_us,NCAAF,props,5.56,1.88,UNKNOWN,rule,,
KXVOGUECOVER,entertainment_culture,,,5.53,2.5,maker_free(census),api,Entertainment,quadraticx1
KXIPOWHOOP,company_earnings,,,5.53,1.0,maker_free(census),rule,Financials,quadraticx1
KXIPOSTARLINK,company_earnings,,,5.51,2.88,maker_free(census),rule,Financials,quadraticx1
KXTOPALBUMTHIRD,entertainment_culture,,,5.5,0.25,maker_free(census),rule,Entertainment,quadraticx1
KXTREASBUYBTC,other,,,5.5,0.88,UNKNOWN,guess,,
KXVENEZDEFACTO,politics_geopolitics,,,5.5,1.12,maker_free(census),api,Politics,quadraticx1
KXMISSISSAUGAMAYOR,politics_geopolitics,,,5.4,0.62,UNKNOWN,rule,,
KXCOVEREA,entertainment_culture,,,5.37,1.62,maker_free(census),api,Entertainment,quadraticx1
KXCANUSDEAL,other,,,5.32,1.62,UNKNOWN,guess,,
KXMICHELINNYC3,entertainment_culture,,,5.29,1.75,maker_free(census),api,Social,quadraticx1
KXNFLWORSTTOFIRST,sports_football_us,NFL,props,5.29,0.25,maker_free(census),rule,Sports,quadraticx1
KXLALIGATOP,sports_soccer,LALIGA,futures,5.28,2.75,UNKNOWN,rule,,
KXNEXTSPEAKER,politics_geopolitics,,,5.28,0.75,maker_free(census),api,Elections,quadraticx1
KXBANTRANS,politics_geopolitics,,,5.27,1.38,maker_free(census),api,World,quadraticx1
KXPUBLICSWIFTLIVELY,entertainment_culture,,,5.21,2.62,maker_free(census),api,Entertainment,quadraticx1
KXNCAAMBACC,sports_basketball,NCAAMB,futures,5.18,0.75,maker_free(census),rule,Sports,quadraticx1
KXLOLAWARD,sports_esports,LOL,futures,5.18,17.12,UNKNOWN,rule,,
TESLACEOCHANGE,other,,,5.15,4.12,UNKNOWN,guess,,
KXHOUSEWA8,politics_geopolitics,,,5.12,0.38,maker_free(census),rule,Elections,quadraticx1
KXSHOP,equity_indices,,,5.11,0.88,maker_free(census),api,Financials,quadraticx1
KXNCLHA,equity_indices,,,5.11,0.5,maker_free(census),api,Financials,quadraticx1
KXAVGTKIAH,other,,,5.08,0.88,UNKNOWN,guess,,
KXFDAAPPROVALDATENTLA,tech_ai,,,5.06,0.5,maker_free(census),api,Science and Technology,quadraticx1
KXMO,other,,,5.06,0.38,UNKNOWN,guess,,
KXTRAVELDOWNGRADE,politics_geopolitics,,,5.05,1.88,maker_free(census),api,Politics,quadraticx1
KXSENATEREC,politics_geopolitics,,,5.03,1.5,maker_free(census),rule,Politics,quadraticx1
KXTXDATACENTERS,other,,,5.03,0.25,UNKNOWN,guess,,
KXBTSGA,other,,,4.98,0.25,UNKNOWN,guess,,
KXUKGEYEAR,other,,,4.97,1.62,UNKNOWN,guess,,
KXMEDIAGUESTJAKESHANE,entertainment_culture,,,4.95,3.25,maker_free(census),api,Entertainment,quadraticx1
KXURYPD,sports_soccer,URYPD,futures,4.93,0.25,maker_free(census),rule,Sports,quadraticx1
KXSUPERSONIC,politics_geopolitics,,,4.91,0.62,maker_free(census),api,Politics,quadraticx1
KXBRINFHIGH,rates_macro,,,4.9,4.12,maker_free(census),api,Economics,quadraticx1
KXBOSNIANGEN3RD,other,,,4.9,1.25,UNKNOWN,guess,,
KXCOINBASE,company_earnings,,,4.9,0.12,UNKNOWN,rule,,
KXLOBA,equity_indices,,,4.87,0.25,maker_free(census),api,Financials,quadraticx1
KXFLYCANCJFK,rates_macro,,,4.86,4.62,maker_free(census),api,Economics,quadraticx1
KXSMARTMATICSJ,other,,,4.84,0.38,UNKNOWN,guess,,
KXDATACENTER,tech_ai,,,4.8,0.88,maker_free(census),api,Science and Technology,quadraticx1
KXUKCABOUT,other,,,4.79,1.0,UNKNOWN,guess,,
KXNORTHSTAROPEN,weather_climate,,,4.78,1.0,UNKNOWN,rule,,
KXCLUBWCHOST,sports_other,,,4.78,0.5,maker_free(census),api,Sports,quadraticx1
KXEREDIVISIE,sports_soccer,EREDIVISIE,futures,4.73,1.12,UNKNOWN,rule,,
KXCANADACUP,sports_other,,,4.68,0.75,maker_free(census),api,Sports,quadraticx1
KXCANUSTRIPS,rates_macro,,,4.68,3.5,maker_free(census),api,Economics,quadraticx1
KXJONESACTREPEAL,politics_geopolitics,,,4.64,0.5,maker_free(census),api,Politics,quadraticx1
KXATTYGENKS,politics_geopolitics,,,4.64,0.38,maker_free(census),rule,Elections,quadraticx1
KXNYCSTAT,other,,,4.62,0.25,UNKNOWN,guess,,
KXBRASILEIROBTTS,sports_soccer,BRASILEIROB,props,4.6,0.62,maker_free(census),rule,Sports,quadraticx1
KXNCAAMBSEC,sports_basketball,NCAAMB,futures,4.58,0.62,maker_free(census),rule,Sports,quadraticx1
KXDEFAULT,rates_macro,,,4.56,0.5,maker_free(census),api,Economics,quadraticx1
KXNCAAMBACCREG,sports_basketball,NCAAMB,props,4.49,0.5,maker_free(census),rule,Sports,quadraticx1
KXAKCOMBO,politics_geopolitics,,,4.49,0.88,UNKNOWN,rule,,
KXAVGTKSAN,other,,,4.43,1.0,UNKNOWN,guess,,
KXKELOWNAMAYOR,politics_geopolitics,,,4.42,0.88,UNKNOWN,rule,,
GOVPARTYSD,politics_geopolitics,,,4.42,0.38,maker_free(census),rule,Elections,quadraticx1
KXPARKCOPEN,weather_climate,,,4.41,1.12,UNKNOWN,rule,,
SENATEAL,politics_geopolitics,,,4.4,4.25,maker_free(census),rule,Elections,quadraticx1
KXNHLSEASONPPTS,sports_hockey,NHL,futures,4.39,0.75,UNKNOWN,rule,,
KXPHILIPPINESHOUSE,politics_geopolitics,,,4.38,0.38,maker_free(census),api,Elections,quadraticx1
KXMARENTCONTROL,politics_geopolitics,,,4.38,1.5,maker_free(census),api,Elections,quadraticx1
KXNOTLMAYOR,politics_geopolitics,,,4.38,0.25,UNKNOWN,rule,,
KXBRASILEIROSPREAD,sports_soccer,BRASILEIRO,spread,4.35,1.38,maker_free(census),rule,Sports,quadraticx1
KXCANEVTRTARIFF,other,,,4.34,0.25,UNKNOWN,guess,,
KXUSVIGOV,politics_geopolitics,,,4.34,1.12,maker_free(census),rule,Elections,quadraticx1
KXNEXTSECARMY,politics_geopolitics,,,4.32,2.25,UNKNOWN,rule,,
KXNCAAFJOINCONF,sports_football_us,NCAAF,props,4.31,2.0,UNKNOWN,rule,,
KXCANHOME,rates_macro,,,4.31,0.38,maker_free(census),api,Economics,quadraticx1
KXEXUSHOME,rates_macro,,,4.3,0.38,maker_free(census),api,Economics,quadraticx1
KXPERFORM,entertainment_culture,,,4.3,1.38,UNKNOWN,rule,,
KXRIEMANN,tech_ai,,,4.29,1.5,maker_free(census),api,Science and Technology,quadraticx1
KXLOLREGION,sports_esports,LOL,props,4.29,0.5,UNKNOWN,rule,,
KXTVSHOWSCANCELLED,entertainment_culture,,,4.28,5.88,maker_free(census),api,Entertainment,quadraticx1
KXARTISTCOLLABDRAKEPLAYBOICARTI,entertainment_culture,,,4.21,1.88,maker_free(census),rule,Entertainment,quadraticx1
KXCNIMPORT,rates_macro,,,4.2,0.5,maker_free(census),api,Economics,quadraticx1
KXAIFOOD,tech_ai,,,4.2,1.5,UNKNOWN,rule,,
KXTOST,equity_indices,,,4.14,2.0,maker_free(census),api,Financials,quadraticx1
KXNHLCALDER,sports_hockey,NHL,props,4.13,0.38,UNKNOWN,rule,,
KXMTRUSHMORE,politics_geopolitics,,,4.12,0.62,maker_free(census),api,Politics,quadraticx1
KXWCQUAL,sports_other,,,4.11,1.0,maker_free(census),api,Sports,quadraticx1
KXCIT301,other,,,4.1,0.12,UNKNOWN,guess,,
STARSHIPMARS,other,,,4.09,2.5,UNKNOWN,guess,,
KXELECTVENEZUELA,politics_geopolitics,,,4.08,1.88,maker_free(census),rule,Elections,quadraticx1
KXKEYSTONEOPEN,weather_climate,,,4.07,1.0,UNKNOWN,rule,,
KXTRYFIREWARSH,politics_geopolitics,,,4.07,0.62,maker_free(census),api,Politics,quadraticx1
KXGREYCUP,sports_other,,,4.02,1.38,maker_free(census),api,Sports,quadraticx1
KXPARDONSTRUMP,politics_geopolitics,,,4.0,0.25,maker_free(census),rule,Politics,quadraticx1
KX1SONGJUSTINBIEBER,entertainment_culture,,,3.99,3.25,maker_free(census),api,Entertainment,quadraticx1
KXESVI,entertainment_culture,,,3.97,1.38,maker_free(census),api,Entertainment,quadraticx1
KXF1BIGGESTMOVER,sports_motorsport,F1,props,3.96,1.38,UNKNOWN,rule,,
KXTRUMPNETMEET,politics_geopolitics,,,3.96,0.75,UNKNOWN,rule,,
KXCANHOUSTART,rates_macro,,,3.94,0.88,maker_free(census),api,Economics,quadraticx1
KXSHOWENDSIMPSONS,entertainment_culture,,,3.93,1.38,maker_free(census),api,Entertainment,quadraticx1
KXDOED,politics_geopolitics,,,3.91,1.5,zero_fee,rule,Politics,quadraticx0
KXDISA,company_earnings,,,3.91,0.88,maker_free(census),rule,Financials,quadraticx1
GOVPARTYWY,politics_geopolitics,,,3.9,1.75,maker_free(census),rule,Elections,quadraticx1
KXHARPANNOUNCEOUT,other,,,3.88,1.25,UNKNOWN,guess,,
KXJOINRONALDO,sports_other,,,3.87,1.38,maker_free(census),api,Sports,quadraticx1
KXTHOMASANNOUNCERETIRE,politics_geopolitics,,,3.87,1.12,maker_free(census),api,Politics,quadraticx1
KXTVSEASONANNOUNCEEUP,entertainment_culture,,,3.84,0.38,maker_free(census),api,Entertainment,quadraticx1
KXRECOGSOMALI,politics_geopolitics,,,3.81,0.62,maker_free(census),api,Politics,quadraticx1
KXMLBDELAY,sports_baseball,MLB,props,3.79,0.38,UNKNOWN,rule,,
HOUSECA27,politics_geopolitics,,,3.77,1.0,maker_free(census),rule,Elections,quadraticx1
KXCONSTAMEND,politics_geopolitics,,,3.75,0.75,maker_free(census),api,Politics,quadraticx1
KXNYAIBILL,politics_geopolitics,,,3.71,0.62,maker_free(census),api,Politics,quadraticx1
KXUSFALKLANDS,other,,,3.71,0.5,UNKNOWN,guess,,
KXDOTPLOTPUB,crypto_daily_longer,,,3.71,0.12,maker_free(census),rule,Economics,quadraticx1
KXCMG,equity_indices,,,3.7,0.75,maker_free(census),api,Financials,quadraticx1
KXNFLDEBUT,sports_football_us,NFL,props,3.7,1.25,UNKNOWN,rule,,
KXMOPROPA,other,,,3.69,0.88,UNKNOWN,guess,,
KXTGTA,company_earnings,,,3.68,0.12,UNKNOWN,rule,,
KXPRINCEGEORGEMAYOR,politics_geopolitics,,,3.66,0.88,UNKNOWN,rule,,
KXFTA,politics_geopolitics,,,3.66,0.88,maker_free(census),api,Politics,quadraticx1
KXCONCEALEDRECIPROCITY,politics_geopolitics,,,3.65,0.38,maker_free(census),api,Politics,quadraticx1
KXWBCWELTERWEIGHTTITLE,sports_other,,,3.63,1.38,maker_free(census),api,Sports,quadraticx1
KXEUSETTLEMENTBAN,other,,,3.62,0.25,UNKNOWN,guess,,
KXNFLRETIRE,sports_football_us,NFL,props,3.62,1.25,maker_free(census),rule,Sports,quadraticx1
KXNCAAMBCAA,sports_basketball,NCAAMB,props,3.62,0.5,maker_free(census),rule,Sports,quadraticx1
KXNCAAMBPAT,sports_basketball,NCAAMB,props,3.59,0.62,UNKNOWN,rule,,
KXOPENAICEOCHANGE,tech_ai,,,3.59,1.75,maker_free(census),rule,Financials,quadraticx1
KXSUPERLIG,sports_soccer,SUPERLIG,futures,3.58,1.0,UNKNOWN,rule,,
KXMLBWALKOFFS,sports_baseball,MLB,props,3.56,0.75,UNKNOWN,rule,,
KXUSTAKEOVER,rates_macro,,,3.56,0.62,maker_free(census),rule,Politics,quadraticx1
KXJAN6CASES,politics_geopolitics,,,3.55,0.88,maker_free(census),api,Politics,quadraticx1
KXTXSUPREME7,other,,,3.54,0.12,UNKNOWN,guess,,
KXNFLPLAYOFFHOST,sports_football_us,NFL,futures,3.53,0.88,UNKNOWN,rule,,
KXROLLINGSTONECOVER,entertainment_culture,,,3.51,1.5,maker_free(census),api,Entertainment,quadraticx1
KXCHESSOLYMPIADUSA,sports_chess,CHESS,futures,3.51,0.88,maker_free(census),rule,Sports,quadraticx1
KXELECTFRAUD,politics_geopolitics,,,3.49,2.38,maker_free(census),rule,Politics,quadraticx1
KXUSLCUPADVANCE,sports_soccer,USL,props,3.49,0.38,UNKNOWN,rule,,
KXATTYGENDE,politics_geopolitics,,,3.49,0.38,maker_free(census),rule,Elections,quadraticx1
KXPUBLICBECKHAM,politics_geopolitics,,,3.48,0.75,maker_free(census),api,Politics,quadraticx1
KXWEALTHTAXEFFECT,politics_geopolitics,,,3.47,0.62,maker_free(census),api,Politics,quadraticx1
KXBBYA,other,,,3.47,0.38,UNKNOWN,guess,,
KXETSY,other,,,3.47,0.5,UNKNOWN,guess,,
KXKENNEDYDEMOLITION,other,,,3.45,1.5,UNKNOWN,guess,,
KXTORCONDO,rates_macro,,,3.45,3.75,maker_free(census),api,Economics,quadraticx1
KXWYUNEMPLOW,other,,,3.43,0.38,UNKNOWN,guess,,
KXDJIAREMOVE,equity_indices,,,3.43,2.38,maker_free(census),rule,Financials,quadraticx1
KXBNBY,crypto_daily_longer,,,3.43,0.88,maker_free(census),rule,Crypto,quadraticx1
KXCHAMPTOUR,other,,,3.4,2.88,UNKNOWN,guess,,
KXPERFORMROLEBRITNEY,entertainment_culture,,,3.38,1.0,maker_free(census),rule,Entertainment,quadraticx1
KXMEDIARELEASESPIDERMAN,entertainment_culture,,,3.34,0.38,maker_free(census),api,Entertainment,quadraticx1
KXSP500REMOVEQ,equity_indices,,,3.33,1.5,maker_free(census),rule,Financials,quadraticx1
KXACTORWHITELOTUS,entertainment_culture,,,3.32,2.0,maker_free(census),api,Entertainment,quadraticx1
KXOAISCREEN,tech_ai,,,3.32,1.25,maker_free(census),rule,Science and Technology,quadraticx1
KXTOPALBUMSPOTIFY,entertainment_culture,,,3.28,0.75,maker_free(census),rule,Entertainment,quadraticx1
KXFLVISITORS,other,,,3.28,0.12,UNKNOWN,guess,,
HOUSENY4,politics_geopolitics,,,3.26,1.25,maker_free(census),rule,Elections,quadraticx1
KXTWITCHSUBSNINJA,entertainment_culture,,,3.17,0.62,maker_free(census),rule,Entertainment,quadraticx1
KXDNC28HOST,entertainment_culture,,,3.17,0.38,maker_free(census),api,Entertainment,quadraticx1
KXRBLXA,equity_indices,,,3.16,1.25,maker_free(census),api,Financials,quadraticx1
KX60MINUTES,entertainment_culture,,,3.16,1.5,maker_free(census),api,Entertainment,quadraticx1
KXEVERIFY,politics_geopolitics,,,3.15,0.12,maker_free(census),api,Politics,quadraticx1
KXSAILGPRACE,sports_other,,,3.14,1.12,maker_free(census),api,Sports,quadraticx1
KXCOPADOBRASIL,sports_other,,,3.12,0.12,maker_free(census),api,Sports,quadraticx1
KXLULUA,equity_indices,,,3.09,0.5,maker_free(census),api,Financials,quadraticx1
KXTRUMPFLOCK,politics_geopolitics,,,3.06,0.62,UNKNOWN,rule,,
KXPERSONUNRETIRE,sports_other,,,3.06,3.62,maker_free(census),api,Sports,quadraticx1
KXPHILIPPINESPRES,politics_geopolitics,,,3.05,0.25,maker_free(census),rule,Elections,quadraticx1
KXSAROGLITAZAR,equity_indices,,,3.05,0.75,maker_free(census),api,Financials,quadraticx1
KXNBACOMPETE,sports_basketball,NBA,props,3.04,0.25,UNKNOWN,rule,,
KXNCAAMBSECREG,sports_basketball,NCAAMB,props,3.03,0.25,maker_free(census),rule,Sports,quadraticx1
KXNCAAFCONFLEAVE,sports_football_us,NCAAF,props,3.01,1.75,UNKNOWN,rule,,
KXNEWXBOX,equity_indices,,,3.0,3.38,maker_free(census),api,Financials,quadraticx1
KXCHLLDPGAME,sports_other,,,2.98,0.38,maker_free(census),api,Sports,quadraticx1
KXVTMILK,commodities_fx_other,,,2.98,0.5,UNKNOWN,rule,,
KXCHINALIST,politics_geopolitics,,,2.98,0.12,maker_free(census),rule,Politics,quadraticx1
KXMTCH,equity_indices,,,2.98,0.75,maker_free(census),api,Financials,quadraticx1
KXLAKECONF,politics_geopolitics,,,2.96,0.25,maker_free(census),api,Politics,quadraticx1
KXDJIA,equity_indices,,,2.96,1.25,maker_free(census),rule,Financials,quadraticx1
KXLEAVEOPEC,politics_geopolitics,,,2.95,1.12,maker_free(census),api,Politics,quadraticx1
KXFEDMEET,rates_macro,,,2.91,2.12,maker_free(census),rule,Economics,quadraticx1
KXSUBWAY,politics_geopolitics,,,2.91,0.38,maker_free(census),api,Politics,quadraticx1
KXGREENIND,politics_geopolitics,,,2.9,0.62,maker_free(census),api,Elections,quadraticx1
KXTACAPORTSPREAD,other,,,2.88,2.75,UNKNOWN,guess,,
KXCHLLDP,sports_other,,,2.87,0.75,maker_free(census),api,Sports,quadraticx1
KXRUGBYWC,sports_rugby,RUGBY,props,2.85,0.88,UNKNOWN,rule,,
KXHOLBORNGREENMOV,other,,,2.84,1.12,UNKNOWN,guess,,
KXSURREYMAYOR,politics_geopolitics,,,2.83,1.88,UNKNOWN,rule,,
KXVOTEOVERTON,politics_geopolitics,,,2.8,0.62,UNKNOWN,rule,,
KXWTA1RANK,sports_tennis,WTA,futures,2.8,0.88,UNKNOWN,rule,,
KXROLEATGRAMMYS,entertainment_culture,,,2.79,0.75,maker_free(census),rule,Entertainment,quadraticx1
KXSCOTUSCERT3RD,politics_geopolitics,,,2.78,0.62,maker_free(census),rule,Politics,quadraticx1
KXF1RETIRE,sports_motorsport,F1,props,2.77,1.0,maker_free(census),rule,Sports,quadraticx1
KXVETOCOUNT,politics_geopolitics,,,2.75,0.75,maker_free(census),api,Politics,quadraticx1
KXAVGTKSAT,other,,,2.75,1.25,UNKNOWN,guess,,
KXMILLENNIUMALL,other,,,2.75,0.12,UNKNOWN,guess,,
KXTAXWAIVE,politics_geopolitics,,,2.75,4.12,maker_free(census),api,Politics,quadraticx1
KXNFLWPMOTY,sports_football_us,NFL,futures,2.75,0.75,maker_free(census),rule,Sports,quadraticx1
KXWAYMO,tech_ai,,,2.74,0.38,maker_free(census),rule,Financials,quadraticx1
KXNFLFFHIGHSCORE,sports_football_us,NFL,props,2.72,2.38,UNKNOWN,rule,,
KXMACBOOKPRICE,entertainment_culture,,,2.69,1.0,maker_free(census),api,Entertainment,quadraticx1
KXZACKPOLANSKIOUT,other,,,2.68,0.5,UNKNOWN,guess,,
KXCAFRAUD,politics_geopolitics,,,2.68,1.5,maker_free(census),api,Politics,quadraticx1
SENATEMO,politics_geopolitics,,,2.65,1.5,maker_free(census),rule,Elections,quadraticx1
KXMOVIERELEASEDATE,entertainment_culture,,,2.65,0.62,maker_free(census),rule,Entertainment,quadraticx1
KXENGAGEMENTMEGKLAY,entertainment_culture,,,2.65,1.62,maker_free(census),api,Entertainment,quadraticx1
KXCANEVTARIFF,other,,,2.61,0.62,UNKNOWN,guess,,
KXAAAGASDUT,macro_gas_prices,,,2.6,0.25,UNKNOWN,rule,,
KXENDORSEMAMDANI,politics_geopolitics,,,2.59,1.12,maker_free(census),rule,Politics,quadraticx1
KXMEDIARELEASEDUNE3,entertainment_culture,,,2.59,1.25,maker_free(census),api,Entertainment,quadraticx1
KXNEXTNATOSECGEN,politics_geopolitics,,,2.58,3.25,maker_free(census),rule,Elections,quadraticx1
KXPUTINZELENSKYYLOCATION,politics_geopolitics,,,2.58,1.0,maker_free(census),rule,Politics,quadraticx1
KXBUILDPERMS,rates_macro,,,2.57,0.75,maker_free(census),api,Economics,quadraticx1
KXHDA,company_earnings,,,2.56,0.88,maker_free(census),api,Companies,quadraticx1
KXNUMAPPROP,politics_geopolitics,,,2.56,0.25,maker_free(census),api,Politics,quadraticx1
KXTREASBUYCRYPTO,other,,,2.56,0.88,UNKNOWN,guess,,
KXCMGA,company_earnings,,,2.54,0.62,maker_free(census),api,Companies,quadraticx1
KXLIGAMXLEADER,sports_soccer,LIGAMX,futures,2.54,0.75,UNKNOWN,rule,,
KXTRUMPSUPREMELEADER,politics_geopolitics,,,2.51,1.62,maker_free(census),rule,Politics,quadraticx1
KXSNAPA,equity_indices,,,2.49,0.88,maker_free(census),api,Financials,quadraticx1
KXDATASET13,politics_geopolitics,,,2.49,0.75,maker_free(census),api,Politics,quadraticx1
KXIPOSKIMS,company_earnings,,,2.48,0.62,maker_free(census),rule,Financials,quadraticx1
KXBEXARDA,other,,,2.48,0.38,UNKNOWN,guess,,
KXUPASSEMBLY,other,,,2.47,0.25,UNKNOWN,guess,,
KXA100MAX,equity_indices,,,2.46,0.38,UNKNOWN(likely maker_fee: GPU-price series added 2026-09-03),rule,Science and Technology,quadraticx1
KXRAMPBREX,equity_indices,,,2.46,0.25,maker_free(census),api,Financials,quadraticx1
KXTVSEASONRELEASEACOURTOFTHORNSANDROSES,entertainment_culture,,,2.43,0.88,maker_free(census),api,Entertainment,quadraticx1
KXNFLSELLOUT,sports_football_us,NFL,props,2.43,0.5,UNKNOWN,rule,,
KXNCAAMBBIG12REGTOP,sports_basketball,NCAAMB,props,2.42,0.12,maker_free(census),rule,Sports,quadraticx1
KXMEWIND,other,,,2.42,0.12,UNKNOWN,guess,,
KXFEDDISSENTYEAR,rates_macro,,,2.41,0.5,UNKNOWN,rule,,
KXCANEUASSOC,other,,,2.4,0.25,UNKNOWN,guess,,
KXTLN,equity_indices,,,2.39,0.38,maker_free(census),api,Financials,quadraticx1
KXUSAKIM,politics_geopolitics,,,2.39,0.38,maker_free(census),api,Politics,quadraticx1
KXMELOBSTER,other,,,2.39,0.38,UNKNOWN,guess,,
KXMANCITYTITLES,other,,,2.38,0.12,UNKNOWN,guess,,
KXENGAGEMENTPUKA,entertainment_culture,,,2.36,0.5,maker_free(census),api,Entertainment,quadraticx1
KXNCAAFBIG12LEADER,sports_football_us,NCAAF,props,2.36,0.12,UNKNOWN,rule,,
KXXITAIWAN,politics_geopolitics,,,2.36,0.25,maker_free(census),api,Politics,quadraticx1
KXVOTECLARITY,politics_geopolitics,,,2.36,3.25,maker_free(census),rule,Politics,quadraticx1
SENATEWI,politics_geopolitics,,,2.32,1.0,maker_free(census),rule,Elections,quadraticx1
KXABRAHAMSY,politics_geopolitics,,,2.31,0.38,maker_free(census),api,Politics,quadraticx1
KXPAMAILREQ,other,,,2.3,0.25,UNKNOWN,guess,,
KXTRUMPSTRAIT,politics_geopolitics,,,2.29,0.88,UNKNOWN,rule,,
KXCAPGAINDOWN,other,,,2.22,1.25,UNKNOWN,guess,,
KXUSSAUDINUCLEAR,politics_geopolitics,,,2.22,1.75,maker_free(census),api,Politics,quadraticx1
KXEUBEEFQ,other,,,2.21,0.5,UNKNOWN,guess,,
KXNBAMATCHUP,sports_basketball,NBA,futures,2.21,0.62,UNKNOWN,rule,,
KXRTX5090MAX,entertainment_culture,,,2.18,1.12,maker_free(census),rule,Science and Technology,quadraticx1
KXPRICEINCREASEAZICEDTEA,equity_indices,,,2.18,3.5,maker_free(census),api,Financials,quadraticx1
KXCOMPANYACTIONRDDT,company_earnings,,,2.18,0.38,maker_free(census),rule,Financials,quadraticx1
KXUEFAEUROQUAL,sports_other,,,2.17,0.62,maker_free(census),api,Sports,quadraticx1
KXVENGLUSTAT,equity_indices,,,2.13,0.25,maker_free(census),api,Financials,quadraticx1
KXATPNOVAK25,sports_tennis,ATP,props,2.13,0.75,UNKNOWN,rule,,
KXGOPBLACKVOTE,other,,,2.13,0.5,UNKNOWN,guess,,
KXTXURI,weather_climate,,,2.12,0.38,maker_free(census),api,Climate and Weather,quadraticx1
KXNDXADDQ,equity_indices,,,2.12,1.0,maker_free(census),rule,Financials,quadraticx1
KXPGATIGER,sports_golf,PGA,props,2.12,1.12,maker_free(census),rule,Sports,quadraticx1
KXAIFINANCE,tech_ai,,,2.11,0.5,UNKNOWN,rule,,
KXNJATL,other,,,2.11,0.12,UNKNOWN,guess,,
KXSOLMINY-SOL,crypto_daily_longer,,,2.1,1.88,UNKNOWN,rule,,
KXJIMMYKIMMELFIRED,entertainment_culture,,,2.1,2.88,maker_free(census),api,Entertainment,quadraticx1
KXEDWARDSOUT,politics_geopolitics,,,2.07,0.88,maker_free(census),api,Politics,quadraticx1
KXWTATOURNWIN,sports_tennis,WTA,props,2.04,1.0,maker_free(census),rule,Sports,quadraticx1
KXKRAKENBANKPUBLIC,equity_indices,,,2.03,0.62,maker_free(census),api,Financials,quadraticx1
KXNBAROOKIE1STTEAM,sports_basketball,NBA,futures,2.02,0.38,UNKNOWN,rule,,
KXSUPREMECOURTCHARGE,politics_geopolitics,,,2.0,0.88,maker_free(census),rule,Politics,quadraticx1
KXNETANYAHUPARDON,politics_geopolitics,,,2.0,0.62,maker_free(census),rule,Politics,quadraticx1
KXNCAAFAPANY,sports_football_us,NCAAF,props,2.0,1.0,maker_free(census),rule,Sports,quadraticx1
KXMLBWINS-LAA,sports_baseball,MLB,futures,2.0,1.38,maker_free(census),rule,Sports,quadraticx1
KXEBAYA,company_earnings,,,1.99,0.62,maker_free(census),api,Companies,quadraticx1
KXNEWSOMRUN,politics_geopolitics,,,1.97,2.5,maker_free(census),rule,Elections,quadraticx1
KXJPMCEONEW,equity_indices,,,1.96,1.0,maker_free(census),api,Financials,quadraticx1
KXDATACENTERMORATORIUM,politics_geopolitics,,,1.96,0.62,maker_free(census),api,Politics,quadraticx1
KXRANKLISTFFK,sports_other,,,1.94,1.0,maker_free(census),api,Sports,quadraticx1
KXZERORATE,rates_macro,,,1.94,1.25,maker_free(census),api,Economics,quadraticx1
KXRECNCH,politics_geopolitics,,,1.94,0.25,maker_free(census),api,Politics,quadraticx1
KXGALLEGOOUT,politics_geopolitics,,,1.93,0.25,maker_free(census),api,Politics,quadraticx1
KXZECMINMON-ZEC,crypto_daily_longer,,,1.93,33.25,UNKNOWN,rule,,
KXPERFORMROLEMILESMORALES,entertainment_culture,,,1.91,0.62,maker_free(census),rule,Entertainment,quadraticx1
KXFLIGHTSRUSSIA,politics_geopolitics,,,1.91,1.25,maker_free(census),api,Politics,quadraticx1
KXNFLSZNRECORD,sports_football_us,NFL,props,1.91,1.25,UNKNOWN,rule,,
KXRFKVACCINE,politics_geopolitics,,,1.91,0.38,UNKNOWN,rule,,
KXISRAEL3RD,politics_geopolitics,,,1.9,0.38,UNKNOWN,rule,,
KXOPENAILEADLEFT,tech_ai,,,1.9,1.12,maker_free(census),rule,Financials,quadraticx1
KXRSIANNOUNCE,other,,,1.89,0.5,UNKNOWN,guess,,
KXXILEAVEUS,other,,,1.88,0.25,UNKNOWN,guess,,
KXUSPSPREACCEPT,other,,,1.88,0.12,UNKNOWN,guess,,
KXNBADRAFTPICK,sports_basketball,NBA,futures,1.86,0.75,maker_free(census),rule,Sports,quadraticx1
KXPBRA,other,,,1.86,0.5,UNKNOWN,guess,,
HOUSECA41,politics_geopolitics,,,1.85,1.12,maker_free(census),rule,Elections,quadraticx1
KXHARVARDFUNDAPPEAL,other,,,1.84,1.0,UNKNOWN,guess,,
KXTOPALBUMSPOTIFYRUNNERUP,entertainment_culture,,,1.84,0.62,maker_free(census),rule,Entertainment,quadraticx1
KXGENERICTARIFF,politics_geopolitics,,,1.84,0.5,maker_free(census),api,Politics,quadraticx1
KXDENTONCOUNTYJUDGE,politics_geopolitics,,,1.83,0.12,UNKNOWN,rule,,
KXLBJRETIRE,sports_other,,,1.83,1.12,maker_free(census),api,Sports,quadraticx1
KXAILEGISLATION,tech_ai,,,1.82,2.0,maker_free(census),rule,Politics,quadraticx1
KXSAHM,rates_macro,,,1.82,1.12,maker_free(census),api,Economics,quadraticx1
KXCREED,entertainment_culture,,,1.82,0.62,maker_free(census),api,Entertainment,quadraticx1
KXSOFI,other,,,1.81,0.25,UNKNOWN,guess,,
KXBURNHAMOUT,politics_geopolitics,,,1.8,3.12,maker_free(census),api,Politics,quadraticx1
KXPGAR2LEAD,sports_golf,PGA,props,1.8,1.12,UNKNOWN,rule,,
KXTAIWANLOCAL,politics_geopolitics,,,1.78,0.38,maker_free(census),rule,Elections,quadraticx1
KXDEFGDP,rates_macro,,,1.77,1.5,maker_free(census),api,Economics,quadraticx1
KXMARIJUANA280E,politics_geopolitics,,,1.75,0.25,maker_free(census),api,Politics,quadraticx1
KXTEMPHELP,weather_climate,,,1.75,0.5,maker_free(census),rule,Economics,quadraticx1
KXLTGOVGA,politics_geopolitics,,,1.74,0.38,maker_free(census),api,Elections,quadraticx1
KXCOMPANYSTAKERYANAIR,equity_indices,,,1.72,1.25,maker_free(census),api,Financials,quadraticx1
KXCONGRESSTRADES,politics_geopolitics,,,1.71,1.5,maker_free(census),api,Politics,quadraticx1
KXCO2LEVEL,weather_climate,,,1.71,0.5,maker_free(census),rule,Climate and Weather,quadraticx1
KXHD,equity_indices,,,1.7,1.38,maker_free(census),api,Financials,quadraticx1
KXGOOGA,company_earnings,,,1.69,0.38,maker_free(census),rule,Financials,quadraticx1
KXVSFANTASYBRA,entertainment_culture,,,1.68,1.12,maker_free(census),api,Entertainment,quadraticx1
KXFINLANDPARLI,politics_geopolitics,,,1.67,0.25,maker_free(census),rule,Elections,quadraticx1
KXLIVOCCUR,sports_golf,LIV,props,1.66,0.5,maker_free(census),rule,Sports,quadraticx1
KXNFLXINCREASE,company_earnings,,,1.65,0.75,maker_free(census),rule,Financials,quadraticx1
KXSECSTATEWI,politics_geopolitics,,,1.62,0.25,maker_free(census),api,Elections,quadraticx1
KXAGUASCALIENTESGOV,politics_geopolitics,,,1.62,0.5,UNKNOWN,rule,,
KXACA,equity_indices,,,1.62,0.38,maker_free(census),api,Financials,quadraticx1
KXWSMA,other,,,1.62,0.38,UNKNOWN,guess,,
KXCRYPTOCAPGAIN,crypto_daily_longer,,,1.62,0.38,maker_free(census),rule,Politics,quadraticx1
HOUSEIL17,politics_geopolitics,,,1.62,1.62,maker_free(census),rule,Elections,quadraticx1
KXLOSEMAJORITY,politics_geopolitics,,,1.6,2.25,maker_free(census),api,Elections,quadraticx1
KXSHOWENDFAMILYGUY,entertainment_culture,,,1.57,0.75,maker_free(census),api,Entertainment,quadraticx1
KXOILRIGS,commodities_fx_other,,,1.57,0.38,maker_free(census),rule,Economics,quadraticx1
KXNYCCORPORATETAX,politics_geopolitics,,,1.56,0.88,maker_free(census),api,Politics,quadraticx1
KXRECOGROC,politics_geopolitics,,,1.56,1.88,maker_free(census),api,Politics,quadraticx1
KXABNB,company_earnings,,,1.56,0.38,maker_free(census),rule,Financials,quadraticx1
KXDOJBEEFACTION,other,,,1.56,1.12,UNKNOWN,guess,,
KXYTTOPSONGGW,entertainment_culture,,,1.56,0.62,UNKNOWN,rule,,
KXACQANNOUNCEGEN,other,,,1.55,0.12,UNKNOWN,guess,,
KXSOCIALMEDIABAN,politics_geopolitics,,,1.55,0.25,maker_free(census),api,Politics,quadraticx1
KXVENEZOILCOS,other,,,1.55,0.88,UNKNOWN,guess,,
KXTRUMPSUE,politics_geopolitics,,,1.54,0.88,UNKNOWN,rule,,
KXNASDAQ100MINY,equity_indices,,,1.51,3.12,maker_free(census),rule,Financials,quadraticx1
KXNUA,equity_indices,,,1.51,0.38,maker_free(census),api,Financials,quadraticx1
KXTARIFFSECTOR,politics_geopolitics,,,1.51,0.25,maker_free(census),rule,Politics,quadraticx1
KXAIGROWTHBET,tech_ai,,,1.5,0.38,UNKNOWN,rule,,
KXRECOGPALESTINE,politics_geopolitics,,,1.5,1.38,maker_free(census),api,Politics,quadraticx1
KXMLBWINS-BOS,sports_baseball,MLB,futures,1.49,0.25,maker_free(census),rule,Sports,quadraticx1
KXAXPA,company_earnings,,,1.49,0.38,maker_free(census),rule,Financials,quadraticx1
KXNYCBILLIONAIRES,politics_geopolitics,,,1.49,1.0,maker_free(census),api,Politics,quadraticx1
KXAIMANU,tech_ai,,,1.48,0.5,UNKNOWN,rule,,
KXORCLA,equity_indices,,,1.47,0.12,maker_free(census),api,Financials,quadraticx1
KXIACORN,other,,,1.46,0.25,UNKNOWN,guess,,
KXCPICOREGOODSMOM,rates_macro,,,1.45,0.62,UNKNOWN,rule,,
KXDJTBBC,politics_geopolitics,,,1.44,0.5,maker_free(census),rule,Politics,quadraticx1
KXHLS,tech_ai,,,1.43,0.88,maker_free(census),api,Science and Technology,quadraticx1
KXTOPALBUMRECORDSWAG,entertainment_culture,,,1.43,0.38,maker_free(census),rule,Entertainment,quadraticx1
KXBOOKERPRIZE,entertainment_culture,,,1.41,0.25,UNKNOWN,rule,,
KXAPSMM,other,,,1.4,0.25,UNKNOWN,guess,,
KXDOJPARDONS,politics_geopolitics,,,1.4,0.75,maker_free(census),api,Politics,quadraticx1
KXRKLB,other,,,1.38,0.88,UNKNOWN,guess,,
KXLALIGALAST,sports_soccer,LALIGA,props,1.38,0.38,UNKNOWN,rule,,
KXENGAGEMENTBOSAAILIFF,entertainment_culture,,,1.38,0.12,maker_free(census),api,Entertainment,quadraticx1
KXPOWERKWH,rates_macro,,,1.36,0.25,maker_free(census),api,Economics,quadraticx1
KXLOSEREELECTIONGOV,politics_geopolitics,,,1.36,0.38,maker_free(census),rule,Elections,quadraticx1
KXVOTEMILLSEXPEL,politics_geopolitics,,,1.36,0.62,maker_free(census),rule,Politics,quadraticx1
KXACTORSONNYCROCKETT,entertainment_culture,,,1.35,0.75,maker_free(census),api,Entertainment,quadraticx1
KXLMT,equity_indices,,,1.35,0.5,maker_free(census),api,Financials,quadraticx1
KXH100MAX,tech_ai,,,1.34,0.62,UNKNOWN(likely maker_fee: GPU-price series added 2026-09-03),rule,Science and Technology,quadraticx1
KXLEADERNFLPINT,sports_other,,,1.33,0.88,maker_free(census),api,Sports,quadraticx1
KXPGACURRY,sports_golf,PGA,props,1.33,0.25,maker_free(census),rule,Sports,quadraticx1
KXDEELRIP,equity_indices,,,1.33,0.25,maker_free(census),api,Financials,quadraticx1
KXBRYSONCOURSERECORDS,sports_other,,,1.32,1.25,maker_free(census),api,Sports,quadraticx1
KXNHPRIMARY28,politics_geopolitics,,,1.31,0.5,maker_free(census),rule,Elections,quadraticx1
KXDODRENAME,politics_geopolitics,,,1.31,1.0,maker_free(census),api,Politics,quadraticx1
KXLIFA,other,,,1.31,0.25,UNKNOWN,guess,,
KXEACNOM,politics_geopolitics,,,1.3,0.5,maker_free(census),api,Politics,quadraticx1
KXNEWROLEJP,equity_indices,,,1.28,0.25,maker_free(census),api,Financials,quadraticx1
KXHIMSA,equity_indices,,,1.28,0.5,maker_free(census),api,Financials,quadraticx1
KXVOTEBERLIN,politics_geopolitics,,,1.27,0.38,UNKNOWN,rule,,
KXMIFEPRISTONEMAIL,politics_geopolitics,,,1.27,0.38,maker_free(census),api,Politics,quadraticx1
HOUSEMN2,politics_geopolitics,,,1.27,0.38,maker_free(census),rule,Elections,quadraticx1
KXGAVOTECHARGE,politics_geopolitics,,,1.26,0.75,maker_free(census),api,Politics,quadraticx1
KXCOMMGIFTS,politics_geopolitics,,,1.26,0.25,maker_free(census),api,Politics,quadraticx1
KXMUSKCHARGE,politics_geopolitics,,,1.25,0.25,maker_free(census),rule,Politics,quadraticx1
KXVZA,equity_indices,,,1.25,0.25,maker_free(census),api,Financials,quadraticx1
KXMLB100LOSS,sports_baseball,MLB,props,1.25,0.12,UNKNOWN,rule,,
KXTAICHUNGMAYOR,politics_geopolitics,,,1.25,0.5,UNKNOWN,rule,,
KXNCAAFLEADER,sports_football_us,NCAAF,futures,1.25,0.12,UNKNOWN,rule,,
KXLALIGATEAMPOINTS,sports_soccer,LALIGA,props,1.25,0.25,maker_free(census),rule,Sports,quadraticx1
KXSONICS,sports_other,,,1.24,0.62,maker_free(census),api,Sports,quadraticx1
KXSECSTATENV,politics_geopolitics,,,1.24,0.5,maker_free(census),api,Elections,quadraticx1
KXMETA,company_earnings,,,1.24,0.25,maker_free(census),rule,Financials,quadraticx1
GOVPARTYWA,politics_geopolitics,,,1.24,0.25,maker_free(census),rule,Elections,quadraticx1
KXOHHAWKINS,politics_geopolitics,,,1.23,0.12,maker_free(census),api,Elections,quadraticx1
KXSOCCERRETIRE,sports_other,,,1.23,0.12,maker_free(census),api,Sports,quadraticx1
KXNTRA,other,,,1.22,0.12,UNKNOWN,guess,,
KXPOLIO,tech_ai,,,1.22,1.12,maker_free(census),api,Science and Technology,quadraticx1
KXAPCALLHOUSE,other,,,1.22,0.38,UNKNOWN,guess,,
KXFARAGEOUTREFORM,politics_geopolitics,,,1.21,0.88,maker_free(census),api,Elections,quadraticx1
KXAHLGAME,sports_hockey,AHL,game,1.21,0.12,UNKNOWN,rule,,
SENATEHI,politics_geopolitics,,,1.21,0.25,maker_free(census),rule,Elections,quadraticx1
KXNFLOPOYSPECIALS,sports_football_us,NFL,props,1.21,0.12,UNKNOWN,rule,,
KXNCAAMBBIGTENREGTOP,sports_basketball,NCAAMB,props,1.2,0.12,maker_free(census),rule,Sports,quadraticx1
KXPOPCHANGESTATE10,politics_geopolitics,,,1.2,0.5,maker_free(census),api,Politics,quadraticx1
KXBULL,equity_indices,,,1.2,0.25,maker_free(census),api,Financials,quadraticx1
KXNCAAMBIVY,sports_basketball,NCAAMB,props,1.2,0.25,maker_free(census),rule,Sports,quadraticx1
KXUBERA,company_earnings,,,1.19,0.38,maker_free(census),rule,Companies,quadraticx1
KXNZPM,politics_geopolitics,,,1.19,0.38,UNKNOWN,rule,,
KXCPICOREHEAD,rates_macro,,,1.19,0.12,maker_free(census),rule,Economics,quadraticx1
KXNBACUPQUAL,sports_basketball,NBA,futures,1.19,0.12,maker_free(census),rule,Sports,quadraticx1
KXAVGTKMSY,other,,,1.19,0.25,UNKNOWN,guess,,
KXFTCAIBOOKS,other,,,1.19,0.75,UNKNOWN,guess,,
KXTARIFFRATEBR,politics_geopolitics,,,1.18,0.12,maker_free(census),rule,Politics,quadraticx1
KXTWITCHSUBSKAICENAT,entertainment_culture,,,1.18,0.25,maker_free(census),rule,Entertainment,quadraticx1
KXAVGTKOKC,other,,,1.17,0.25,UNKNOWN,guess,,
KXATZA,equity_indices,,,1.16,0.12,maker_free(census),api,Financials,quadraticx1
KXNBAMIMP,sports_basketball,NBA,props,1.16,6.62,UNKNOWN,rule,,
KXELECTIRAN,politics_geopolitics,,,1.15,2.5,zero_fee,rule,Elections,quadraticx0
KXDASHA,company_earnings,,,1.15,0.38,maker_free(census),rule,Financials,quadraticx1
KXCAEUROPEMOBILITY,other,,,1.15,0.25,UNKNOWN,guess,,
KXBANDANTES,entertainment_culture,,,1.14,0.88,maker_free(census),api,Social,quadraticx1
KXBERLINANYSEAT,other,,,1.13,0.5,UNKNOWN,guess,,
KXMILLEROUT,politics_geopolitics,,,1.12,1.0,maker_free(census),api,Politics,quadraticx1
KXNBAWCFQUAL,sports_basketball,NBA,futures,1.12,0.38,UNKNOWN,rule,,
KXPFCANCEL,politics_geopolitics,,,1.12,0.25,maker_free(census),api,Elections,quadraticx1
KXCHINAHUKOU,politics_geopolitics,,,1.1,0.38,maker_free(census),rule,Politics,quadraticx1
KXUSOPENAIANTH,politics_geopolitics,,,1.09,0.5,maker_free(census),api,Politics,quadraticx1
KXNEARY,crypto_daily_longer,,,1.09,0.38,maker_free(census),rule,Crypto,quadraticx1
KXEPLSEASONSTAT,sports_soccer,EPL,futures,1.08,0.88,UNKNOWN,rule,,
KXNIREFCALL,other,,,1.08,0.88,UNKNOWN,guess,,
KXWNBAALLTEAM,sports_basketball,WNBA,futures,1.07,0.5,maker_free(census),rule,Sports,quadraticx1
KXNYCDEPTSAFETY,politics_geopolitics,,,1.06,0.62,maker_free(census),api,Politics,quadraticx1
KXNBA1STTEAMDEF,sports_basketball,NBA,props,1.03,0.38,UNKNOWN,rule,,
KXGAMEAWARDSBGD,entertainment_culture,,,1.03,0.75,UNKNOWN,rule,,
KXMCDONALDCONF,company_earnings,,,1.02,0.25,maker_free(census),rule,Politics,quadraticx1
KXLEAVEHOUSECOMBO,politics_geopolitics,,,1.01,0.25,maker_free(census),rule,Politics,quadraticx1
KXCOSTCOHOTDOG,company_earnings,,,1.01,1.0,maker_free(census),rule,Economics,quadraticx1
KXLALIGARELEGATION,sports_soccer,LALIGA,futures,1.01,0.88,maker_free(census),rule,Sports,quadraticx1
KXNFLXA,company_earnings,,,1.0,1.12,maker_free(census),rule,Financials,quadraticx1
KXEUEXITCOUNTRY,politics_geopolitics,,,0.99,0.25,maker_free(census),api,Politics,quadraticx1
KXZELENSKYYOUT,politics_geopolitics,,,0.99,0.88,maker_free(census),rule,Politics,quadraticx1
KXME,equity_indices,,,0.98,0.5,maker_free(census),api,Financials,quadraticx1
KXMOVIEDELAYDUNEPT3,entertainment_culture,,,0.98,1.5,maker_free(census),rule,Entertainment,quadraticx1
KXBRASILEIROC1HBTTS,sports_soccer,BRASILEIROC,period,0.98,2.5,maker_free(census),rule,Sports,quadraticx1
KXACTORELONMUSK,entertainment_culture,,,0.98,1.0,maker_free(census),api,Entertainment,quadraticx1
HOUSENV1,politics_geopolitics,,,0.98,1.25,maker_free(census),rule,Elections,quadraticx1
KXGA1ROUND,politics_geopolitics,,,0.95,0.25,maker_free(census),api,Elections,quadraticx1
KXBERLIN3RD,other,,,0.95,1.12,UNKNOWN,guess,,
KXTRUMPEXITAPPROVE,politics_geopolitics,,,0.95,0.12,UNKNOWN,rule,,
KXMANCHINRUN,politics_geopolitics,,,0.95,0.12,maker_free(census),api,Elections,quadraticx1
KXOBAMAENDORSE,politics_geopolitics,,,0.94,0.12,maker_free(census),rule,Elections,quadraticx1
KXMTCHA,equity_indices,,,0.93,0.12,maker_free(census),api,Financials,quadraticx1
KXCAALPRLAW,commodities_fx_other,,,0.93,0.62,UNKNOWN,rule,,
KXENGAGEMENTTATEJACKHUGHES,entertainment_culture,,,0.93,0.25,maker_free(census),api,Entertainment,quadraticx1
KXLEAVELISACOOK,politics_geopolitics,,,0.92,1.0,maker_free(census),api,Politics,quadraticx1
SENATEIN,politics_geopolitics,,,0.92,0.62,maker_free(census),rule,Elections,quadraticx1
KXBOLOJANOUT,politics_geopolitics,,,0.92,1.0,maker_free(census),api,Politics,quadraticx1
KXACAREPEAL,politics_geopolitics,,,0.9,0.25,maker_free(census),api,Politics,quadraticx1
KXTSX,equity_indices,,,0.87,0.38,maker_free(census),api,Financials,quadraticx1
KXPODCASTGUESTCALLHERDADDY,entertainment_culture,,,0.87,1.12,maker_free(census),api,Entertainment,quadraticx1
KXTOPALBUMSPOTIFYUSA,entertainment_culture,,,0.87,0.5,maker_free(census),rule,Entertainment,quadraticx1
HOUSEPA17,politics_geopolitics,,,0.87,1.75,maker_free(census),rule,Elections,quadraticx1
KXMOBILEGAMEAD,entertainment_culture,,,0.86,0.12,maker_free(census),api,Entertainment,quadraticx1
KXMEDIARELEASEPRISONBREAK,entertainment_culture,,,0.85,0.5,maker_free(census),api,Entertainment,quadraticx1
KXIPORIPPLING,company_earnings,,,0.85,0.25,maker_free(census),rule,Financials,quadraticx1
KXTOPALBUMRECORDOR,entertainment_culture,,,0.84,1.25,maker_free(census),rule,Entertainment,quadraticx1
KXYTUBESUBSISHOWSPEED,entertainment_culture,,,0.84,0.75,maker_free(census),rule,Entertainment,quadraticx1
KXNIKKEI,equity_indices,,,0.83,1.62,maker_free(census),api,Financials,quadraticx1
KXFREYOUT,politics_geopolitics,,,0.83,0.38,maker_free(census),api,Politics,quadraticx1
KXALBUMRELEASETRAVYE,entertainment_culture,,,0.82,0.62,maker_free(census),rule,Entertainment,quadraticx1
KXAVGTKAUS,other,,,0.82,0.38,UNKNOWN,guess,,
KXACAENROLLMENT,politics_geopolitics,,,0.79,0.38,maker_free(census),api,Politics,quadraticx1
KXALBUMRELEASEDATEJB,entertainment_culture,,,0.79,0.75,maker_free(census),rule,Entertainment,quadraticx1
HOUSENY18,politics_geopolitics,,,0.79,0.5,maker_free(census),rule,Elections,quadraticx1
KXACQANNOUNCEWDAY,other,,,0.79,0.25,UNKNOWN,guess,,
KXSERIEARELEGATION,sports_soccer,SERIEA,futures,0.78,0.25,maker_free(census),rule,Sports,quadraticx1
KXNATIONALIZESPACEX,politics_geopolitics,,,0.78,0.38,maker_free(census),api,Politics,quadraticx1
EUEXPANSION,other,,,0.78,0.38,UNKNOWN,guess,,
KXLEBUSFLIGHT,politics_geopolitics,,,0.78,0.25,maker_free(census),api,Politics,quadraticx1
KXHOUSEWINSTATE-FLD,politics_geopolitics,,,0.78,0.62,UNKNOWN,rule,,
KXPERSONAWARD,entertainment_culture,,,0.77,0.5,maker_free(census),api,Entertainment,quadraticx1
KXWMT,company_earnings,,,0.76,0.62,maker_free(census),rule,Financials,quadraticx1
KXALBUMRELEASEDATEDUALIPA,entertainment_culture,,,0.76,0.62,maker_free(census),rule,Entertainment,quadraticx1
KXRDDTA,equity_indices,,,0.75,0.38,maker_free(census),api,Financials,quadraticx1
KXKLARA,equity_indices,,,0.74,0.25,maker_free(census),api,Financials,quadraticx1
KXRUNBYMIDTERM,politics_geopolitics,,,0.73,0.75,maker_free(census),api,Elections,quadraticx1
KXMOSD8,other,,,0.73,0.12,UNKNOWN,guess,,
KXLEAGUECITYFLOCK,other,,,0.73,0.25,UNKNOWN,guess,,
KXWINGA,equity_indices,,,0.72,0.5,maker_free(census),api,Financials,quadraticx1
KXTOTALPRODSALES,other,,,0.71,0.12,UNKNOWN,guess,,
KXSTEPHDEAL,sports_other,,,0.71,0.38,maker_free(census),api,Sports,quadraticx1
KXPLTRA,company_earnings,,,0.71,1.0,maker_free(census),rule,Financials,quadraticx1
KXH5N1COUNT,tech_ai,,,0.71,0.25,maker_free(census),api,Science and Technology,quadraticx1
GOVPARTYWV,politics_geopolitics,,,0.71,0.62,maker_free(census),rule,Elections,quadraticx1
HOUSENY19,politics_geopolitics,,,0.7,1.5,maker_free(census),rule,Elections,quadraticx1
KXUSEDCARCPI,rates_macro,,,0.7,0.25,maker_free(census),api,Economics,quadraticx1
KXBOLAUNCH,tech_ai,,,0.7,0.38,maker_free(census),api,Science and Technology,quadraticx1
KXSNAPELECTIONFR,politics_geopolitics,,,0.7,0.25,maker_free(census),rule,Elections,quadraticx1
KXUSFUNDHEAD,politics_geopolitics,,,0.7,0.5,maker_free(census),api,Politics,quadraticx1
KXTRUMPOSHEA,politics_geopolitics,,,0.7,0.12,maker_free(census),rule,Entertainment,quadraticx1
KXTALARICOPAXTONDEBATE,politics_geopolitics,,,0.69,1.12,UNKNOWN,rule,,
KXPGAFUTURE,sports_golf,PGA,props,0.68,0.38,maker_free(census),rule,Sports,quadraticx1
KXUELGAME,sports_soccer,UEL,game,0.66,0.12,UNKNOWN(Aug-2 maker-free; Sept-26 league in maker-fee set),rule,Sports,quadraticx1
KXKPOPDH2,equity_indices,,,0.65,1.38,maker_free(census),api,Financials,quadraticx1
KXLYFT,company_kpi_altdata,,,0.65,0.12,maker_free(census),rule,Financials,quadraticx1
KXENGAGEMENTTOMBRADYEARLE,entertainment_culture,,,0.64,0.62,maker_free(census),api,Entertainment,quadraticx1
KXMINLEAD120,other,,,0.64,0.62,UNKNOWN,guess,,
KXBALANCESHEET,rates_macro,,,0.63,0.25,maker_free(census),api,Economics,quadraticx1
KXVALORANTAWARD,sports_esports,VALORANT,futures,0.62,0.25,UNKNOWN,rule,,
KXNCAAMBBIG10,sports_basketball,NCAAMB,props,0.62,0.5,maker_free(census),rule,Sports,quadraticx1
KXTACAPORTBTTS,other,,,0.62,0.5,UNKNOWN,guess,,
KXOSSOFFRUN,politics_geopolitics,,,0.62,0.25,maker_free(census),api,Elections,quadraticx1
KXCHNSL,sports_other,,,0.61,0.12,maker_free(census),api,Sports,quadraticx1
KXBUNDESLIGATOP,sports_soccer,BUNDESLIGA,futures,0.61,0.25,UNKNOWN,rule,,
KXNFLLONGESTFG,sports_football_us,NFL,props,0.61,0.25,UNKNOWN,rule,,
KXICEREFORM,politics_geopolitics,,,0.61,0.62,maker_free(census),api,Politics,quadraticx1
KXNCAAMBTEAMSQUAL,sports_basketball,NCAAMB,futures,0.61,0.5,UNKNOWN,rule,,
GOVPARTYLA,politics_geopolitics,,,0.6,0.25,maker_free(census),rule,Elections,quadraticx1
KXHOUSERACE-SDAL,politics_geopolitics,,,0.6,1.0,UNKNOWN,rule,,
KXTRUMPTHUNEOUT,politics_geopolitics,,,0.6,0.12,maker_free(census),rule,Politics,quadraticx1
KXCASEN26,politics_geopolitics,,,0.6,0.38,maker_free(census),api,Elections,quadraticx1
KXNCAAMBBIG12REG,sports_basketball,NCAAMB,props,0.6,0.12,maker_free(census),rule,Sports,quadraticx1
KXPRESNOMG,politics_geopolitics,,,0.6,0.12,maker_free(census),rule,Elections,quadraticx1
KXGTLB,other,,,0.59,0.12,UNKNOWN,guess,,
KXDEMMENVOTE,other,,,0.59,0.12,UNKNOWN,guess,,
KXSECSTATEIA,other,,,0.59,0.12,UNKNOWN,guess,,
KXNETWORTHKAICENAT,rates_macro,,,0.59,0.5,maker_free(census),api,Economics,quadraticx1
KXWBCLIGHTWEIGHTTITLE,sports_other,,,0.59,0.12,maker_free(census),api,Sports,quadraticx1
KXTVSEASONANNOUNCE-JANB,other,,,0.59,0.38,UNKNOWN,guess,,
KXCOACHOUTNBADATE,sports_other,,,0.58,0.25,maker_free(census),api,Sports,quadraticx1
KXDEMTRUMPVOTERS,other,,,0.58,0.25,UNKNOWN,guess,,
KXUSGDPSHARE,rates_macro,,,0.57,0.12,maker_free(census),api,Economics,quadraticx1
KXSTOPTRADE,politics_geopolitics,,,0.56,0.62,maker_free(census),api,Politics,quadraticx1
KXSENATEPAD,politics_geopolitics,,,0.56,0.25,maker_free(census),rule,Elections,quadraticx1
KXLIGUE1TOP,sports_soccer,LIGUE1,futures,0.55,0.62,UNKNOWN,rule,,
KXSTRIPESCASE,other,,,0.54,0.38,UNKNOWN,guess,,
KXBIRTHTOURISMVOTE,politics_geopolitics,,,0.53,0.5,maker_free(census),api,Politics,quadraticx1
KXSORONDO,sports_other,,,0.53,0.25,maker_free(census),api,Sports,quadraticx1
KXTRUMPPRES,politics_geopolitics,,,0.52,0.88,maker_free(census),rule,Elections,quadraticx1
KXFRAGRANCE,entertainment_culture,,,0.52,0.75,maker_free(census),api,Entertainment,quadraticx1
KXHOUSERACE-VTAL,politics_geopolitics,,,0.51,1.38,UNKNOWN,rule,,
KXBRASILEIROTOPX,sports_soccer,BRASILEIRO,props,0.51,0.25,maker_free(census),rule,Sports,quadraticx1
KX48ETAXCREDIT,politics_geopolitics,,,0.51,0.12,maker_free(census),api,Politics,quadraticx1
KXCPSBOARDPRES,politics_geopolitics,,,0.5,0.12,UNKNOWN,rule,,
KXNFLTIE,sports_football_us,NFL,props,0.5,0.75,UNKNOWN,rule,,
KXKOSPI,equity_indices,,,0.5,0.12,maker_free(census),api,Financials,quadraticx1
KXMNSTATEAUDITOR,other,,,0.5,0.5,UNKNOWN,guess,,
KXNFLCAREERRSHYDS,sports_football_us,NFL,props,0.49,0.5,UNKNOWN,rule,,
KXSTEELBRIDGE,other,,,0.49,0.62,UNKNOWN,guess,,
KXCONMEBOLSUD,sports_soccer,CONMEBOL,props,0.49,0.12,UNKNOWN,rule,,
KXITALYDEPUTIES,politics_geopolitics,,,0.49,0.12,maker_free(census),api,Elections,quadraticx1
KXSOTHLEAVE,politics_geopolitics,,,0.48,1.12,maker_free(census),api,Politics,quadraticx1
KXMLBWINS-STL,sports_baseball,MLB,futures,0.48,0.88,maker_free(census),rule,Sports,quadraticx1
KXNZDUSDAD,commodities_fx_other,,,0.47,0.88,UNKNOWN,rule,,
KXYOUA,equity_indices,,,0.47,0.25,maker_free(census),api,Financials,quadraticx1
KXDSAMEMBERSHIP,politics_geopolitics,,,0.47,0.25,maker_free(census),api,Politics,quadraticx1
KXMTCATTLE,commodities_fx_other,,,0.46,0.12,UNKNOWN,rule,,
KXMAMDANIWHVISIT,other,,,0.46,0.38,UNKNOWN,guess,,
KXRACE,other,,,0.45,0.12,UNKNOWN,guess,,
KXPRESPRIOROFFICE,politics_geopolitics,,,0.45,0.25,UNKNOWN,rule,,
KXNYCSAVINGS,politics_geopolitics,,,0.45,0.12,maker_free(census),api,Politics,quadraticx1
KXEPSTEIN,politics_geopolitics,,,0.45,1.62,maker_free(census),rule,Politics,quadraticx1
KXNEWOUTBREAKEBOLA,tech_ai,,,0.45,0.25,maker_free(census),api,Science and Technology,quadraticx1
KXAFRICALEADEROUT,politics_geopolitics,,,0.44,0.62,maker_free(census),api,Politics,quadraticx1
KXFCCBIG4,politics_geopolitics,,,0.43,0.12,maker_free(census),api,Politics,quadraticx1
HOUSECA21,politics_geopolitics,,,0.43,1.38,maker_free(census),rule,Elections,quadraticx1
KXIRANIMPORTS,politics_geopolitics,,,0.43,0.88,maker_free(census),rule,Economics,quadraticx1
KXCOREUND,rates_macro,,,0.43,0.5,maker_free(census),api,Economics,quadraticx1
KXHORMUZRENAME,politics_geopolitics,,,0.43,0.75,UNKNOWN,rule,,
COSTCOHOTDOG,other,,,0.42,1.25,UNKNOWN,guess,,
KXRIPPLINGDEEL,company_earnings,,,0.42,0.12,maker_free(census),api,Companies,quadraticx1
HOUSENV3,politics_geopolitics,,,0.41,0.62,maker_free(census),rule,Elections,quadraticx1
KXSPINOFF,entertainment_culture,,,0.41,0.25,maker_free(census),api,Entertainment,quadraticx1
KXSPGOV,politics_geopolitics,,,0.41,0.25,maker_free(census),rule,Elections,quadraticx1
KXCALLHERDADDYCANCELED,entertainment_culture,,,0.4,1.12,maker_free(census),api,Entertainment,quadraticx1
KXLOW,weather_climate,,,0.38,0.12,maker_free(census),rule,Financials,quadraticx1
KXHELLCAT,equity_indices,,,0.38,0.38,maker_free(census),api,Financials,quadraticx1
KXSNOWCRABCATCH,weather_climate,,,0.38,0.38,UNKNOWN,rule,,
KXCAC40,equity_indices,,,0.38,0.38,maker_free(census),api,Financials,quadraticx1
KXWNBANEXTCOMMISH,sports_basketball,WNBA,props,0.38,0.12,UNKNOWN,rule,,
KXFEDDC,rates_macro,,,0.37,0.38,maker_free(census),rule,Politics,quadraticx1
KXATTYGENNE,politics_geopolitics,,,0.37,0.25,maker_free(census),rule,Elections,quadraticx1
KXLMTA,equity_indices,,,0.37,0.12,maker_free(census),api,Financials,quadraticx1
KXMOSD30,other,,,0.36,0.12,UNKNOWN,guess,,
KXNFL60YARDFGS,sports_football_us,NFL,props,0.36,0.25,UNKNOWN,rule,,
KXUSDCCAPACITY,rates_macro,,,0.36,0.38,maker_free(census),api,Economics,quadraticx1
KXNCAAWBUNDEFEATED,sports_basketball,NCAAWB,futures,0.35,0.12,maker_free(census),rule,Sports,quadraticx1
KXENGAGEMENTKIMLEWIS,entertainment_culture,,,0.35,0.5,maker_free(census),api,Entertainment,quadraticx1
KXCATALOGUE,entertainment_culture,,,0.35,0.38,maker_free(census),api,Entertainment,quadraticx1
KXSIERRAOPEN,weather_climate,,,0.35,0.38,UNKNOWN,rule,,
KXPRESENDORSEMUSKD,politics_geopolitics,,,0.35,0.62,maker_free(census),rule,Elections,quadraticx1
KXFREDDIE,equity_indices,,,0.34,0.12,maker_free(census),api,Financials,quadraticx1
KXLAIOUT,politics_geopolitics,,,0.34,0.12,maker_free(census),api,Elections,quadraticx1
KXENGAGEMENTDURANTADAMS,entertainment_culture,,,0.34,0.38,maker_free(census),api,Entertainment,quadraticx1
HOUSENV4,politics_geopolitics,,,0.33,1.88,maker_free(census),rule,Elections,quadraticx1
KXMAR,other,,,0.33,0.5,UNKNOWN,guess,,
KXIBONDFIX,other,,,0.33,0.12,UNKNOWN,guess,,
KXTREASBLOCKCHAIN,politics_geopolitics,,,0.33,0.38,maker_free(census),api,Politics,quadraticx1
KXSOCCERTREBLE,other,,,0.32,0.38,UNKNOWN,guess,,
KXINDIANPM,politics_geopolitics,,,0.31,0.12,maker_free(census),rule,Elections,quadraticx1
KXYALEDOJSETTLE,politics_geopolitics,,,0.31,0.38,maker_free(census),api,Politics,quadraticx1
KXBEAVEROPEN,weather_climate,,,0.31,0.38,UNKNOWN,rule,,
KXFASTANDFURIOUSRELEASE,entertainment_culture,,,0.31,0.25,maker_free(census),api,Entertainment,quadraticx1
KXMLBAWARDCOMBO,sports_baseball,MLB,futures,0.3,0.5,maker_free(census),rule,Sports,quadraticx1
KXCAVAA,company_earnings,,,0.3,0.12,maker_free(census),api,Companies,quadraticx1
KXUSPSELECTION,politics_geopolitics,,,0.3,0.12,maker_free(census),rule,Politics,quadraticx1
KXMEDIARELEASESCREAM8,entertainment_culture,,,0.3,0.38,maker_free(census),api,Entertainment,quadraticx1
KXPUTINZELMEET,politics_geopolitics,,,0.3,0.38,UNKNOWN,rule,,
KXMEDIARELEASEQUIETPLACE3,entertainment_culture,,,0.29,0.12,maker_free(census),api,Entertainment,quadraticx1
KXMOA,company_earnings,,,0.28,0.5,maker_free(census),api,Companies,quadraticx1
KXLAYOFFSYPBS,rates_macro,,,0.28,0.38,maker_free(census),rule,Economics,quadraticx1
KXNPA,other,,,0.28,0.25,UNKNOWN,guess,,
KXPERFORMROLEBPANTHER,entertainment_culture,,,0.28,0.5,maker_free(census),rule,Entertainment,quadraticx1
KXVANCONDO,rates_macro,,,0.28,0.25,maker_free(census),api,Economics,quadraticx1
KXLEADERNFLINT,sports_other,,,0.28,0.62,maker_free(census),api,Sports,quadraticx1
KXNAURURENAME,politics_geopolitics,,,0.27,0.25,maker_free(census),api,Elections,quadraticx1
KXHOUSERACE-DEAL,politics_geopolitics,,,0.26,0.5,UNKNOWN,rule,,
KXIMPEACHJUDGE,politics_geopolitics,,,0.26,0.75,maker_free(census),rule,Politics,quadraticx1
KXLEGISLATIVECOMBO,politics_geopolitics,,,0.25,0.25,maker_free(census),rule,Politics,quadraticx1
KXAIREVIEW,tech_ai,,,0.25,0.25,maker_free(census),rule,Politics,quadraticx1
KXWBCBANTAMWEIGHTTITLE,sports_other,,,0.25,0.25,maker_free(census),api,Sports,quadraticx1
KXABASPREAD,sports_basketball,ABA,spread,0.25,1.38,UNKNOWN,rule,,
KXSTZ,equity_indices,,,0.24,0.25,maker_free(census),api,Financials,quadraticx1
KXNBASTAKESALE,sports_basketball,NBA,props,0.24,0.12,UNKNOWN,rule,,
KXSKYLINEDELAY,other,,,0.24,0.25,UNKNOWN,guess,,
KXNBAMVPDPOY,sports_basketball,NBA,futures,0.24,0.25,maker_free(census),rule,Sports,quadraticx1
KXTVCAST,other,,,0.24,0.12,UNKNOWN,guess,,
KXSTRIPEIPO,equity_indices,,,0.24,0.25,maker_free(census),api,Financials,quadraticx1
KXDEMORAESOUT,other,,,0.24,0.12,UNKNOWN,guess,,
KXBLANCHEDISBAR,politics_geopolitics,,,0.24,0.38,maker_free(census),api,Politics,quadraticx1
KXETSYA,other,,,0.24,0.12,UNKNOWN,guess,,
KXVICTORIAPREMIER,politics_geopolitics,,,0.23,0.12,UNKNOWN,rule,,
KXFESTIVALEVENTDNCMIDTERMS,politics_geopolitics,,,0.23,0.12,maker_free(census),api,Politics,quadraticx1
KXCANCARBON,politics_geopolitics,,,0.23,0.12,maker_free(census),api,Politics,quadraticx1
KXENGAGEMENTDARTBEER,entertainment_culture,,,0.22,0.38,maker_free(census),api,Entertainment,quadraticx1
KXNCAAMBMAMER,sports_basketball,NCAAMB,props,0.21,0.25,UNKNOWN,rule,,
KXPERLIGA1,sports_soccer,PERLIGA1,futures,0.21,0.38,maker_free(census),rule,Sports,quadraticx1
KXSBUDGETRES,politics_geopolitics,,,0.2,0.25,maker_free(census),api,Politics,quadraticx1
JPMCEOCHANGE,other,,,0.2,0.38,UNKNOWN,guess,,
KXWAGESAT,rates_macro,,,0.2,0.12,maker_free(census),rule,Economics,quadraticx1
KXNCAAMBSLC,sports_basketball,NCAAMB,props,0.2,0.12,UNKNOWN,rule,,
KXAAAGASDNM,macro_gas_prices,,,0.2,0.25,UNKNOWN,rule,,
KXENGAGEMENTBOBBIALTHOFF,entertainment_culture,,,0.2,0.12,maker_free(census),api,Entertainment,quadraticx1
KXRACEA,equity_indices,,,0.19,0.25,maker_free(census),api,Financials,quadraticx1
KXNU,equity_indices,,,0.19,0.25,maker_free(census),api,Financials,quadraticx1
KXRELYA,other,,,0.19,0.12,UNKNOWN,guess,,
KXMTLHOME,rates_macro,,,0.19,0.12,maker_free(census),api,Economics,quadraticx1
KXCHYMA,other,,,0.19,0.12,UNKNOWN,guess,,
KXNFLCOMPETE,sports_football_us,NFL,props,0.18,0.12,maker_free(census),rule,Sports,quadraticx1
KXMUSKBLUESKY,politics_geopolitics,,,0.17,0.25,maker_free(census),rule,Entertainment,quadraticx1
KXVADOMNEX,other,,,0.17,0.25,UNKNOWN,guess,,
KXWASUPREME3,other,,,0.17,0.12,UNKNOWN,guess,,
KXILPENDEBT,rates_macro,,,0.17,0.5,maker_free(census),api,Economics,quadraticx1
KXDEMWNCVOTE,other,,,0.16,0.12,UNKNOWN,guess,,
KXNIFTY,equity_indices,,,0.16,0.5,maker_free(census),api,Financials,quadraticx1
KXDKNGA,equity_indices,,,0.15,0.12,maker_free(census),api,Financials,quadraticx1
KXGRABA,company_earnings,,,0.15,0.25,maker_free(census),api,Companies,quadraticx1
KXSTABLETOTAL,other,,,0.15,0.12,UNKNOWN,guess,,
KXVISADEBIT,other,,,0.15,0.25,UNKNOWN,guess,,
KXIREREFCALL,other,,,0.15,0.25,UNKNOWN,guess,,
GOVPARTYNC,politics_geopolitics,,,0.15,0.38,maker_free(census),rule,Elections,quadraticx1
KXFISALENGTH,politics_geopolitics,,,0.15,0.12,maker_free(census),api,Politics,quadraticx1
KXZAISHARE,other,,,0.15,0.25,UNKNOWN,guess,,
KXEDMHOME,rates_macro,,,0.15,0.25,maker_free(census),api,Economics,quadraticx1
KXNWSAYLOR,rates_macro,,,0.14,0.38,maker_free(census),api,Economics,quadraticx1
KXLEAVITTVIEWHOST,other,,,0.14,0.25,UNKNOWN,guess,,
KXBTCHALF,crypto_daily_longer,,,0.14,0.38,maker_free(census),rule,Crypto,quadraticx1
KXTRUMPMOJTABA,politics_geopolitics,,,0.14,0.62,maker_free(census),rule,Politics,quadraticx1
KXKANYEISRAEL,politics_geopolitics,,,0.14,0.38,maker_free(census),api,Politics,quadraticx1
KXKLEAGUE1HSPREAD,sports_soccer,KLEAGUE,period,0.14,0.5,UNKNOWN,rule,,
KXKAMALAGOV,politics_geopolitics,,,0.13,0.12,maker_free(census),rule,Elections,quadraticx1
KXBRAZILU,rates_macro,,,0.13,0.12,maker_free(census),api,Economics,quadraticx1
KXHSI,equity_indices,,,0.13,0.25,maker_free(census),api,Financials,quadraticx1
KXSTEFONDIGGSCARDIB,entertainment_culture,,,0.13,0.5,maker_free(census),api,Entertainment,quadraticx1
GOVPARTYMO,politics_geopolitics,,,0.13,0.25,maker_free(census),rule,Elections,quadraticx1
KXNFLALLPRO,sports_football_us,NFL,futures,0.12,0.25,UNKNOWN,rule,,
KXJUMANJI3DELAY,entertainment_culture,,,0.12,0.12,maker_free(census),api,Entertainment,quadraticx1
KXCLUBCHANGEMBAPPE,sports_other,,,0.12,0.38,maker_free(census),api,Sports,quadraticx1
KXNBAWFINMVP,sports_basketball,NBA,futures,0.12,0.12,UNKNOWN,rule,,
KXNHLADAMS,sports_hockey,NHL,props,0.12,0.12,UNKNOWN,rule,,
KXYTVIEWSD,entertainment_culture,,,0.12,0.12,UNKNOWN,rule,,
KXNBA2NDTEAM,sports_basketball,NBA,props,0.12,0.12,UNKNOWN,rule,,
KXAAAGASDKS,macro_gas_prices,,,0.12,0.12,UNKNOWN,rule,,
KXYTMONTHLYG,entertainment_culture,,,0.12,0.12,UNKNOWN,rule,,
KXAAAGASDME,macro_gas_prices,,,0.12,0.12,UNKNOWN,rule,,
KXUSPPI,other,,,0.12,0.12,UNKNOWN,guess,,
KXWBCMIDDLEWEIGHTTITLE,sports_other,,,0.12,0.12,maker_free(census),api,Sports,quadraticx1
KXGA4GW,other,,,0.12,0.12,UNKNOWN,guess,,
KXNBA1STTEAM,sports_basketball,NBA,props,0.12,0.12,UNKNOWN,rule,,
KXMNST,other,,,0.12,0.12,UNKNOWN,guess,,
KXHOWMANYSPEAKERHOUSE,politics_geopolitics,,,0.12,0.25,maker_free(census),api,Politics,quadraticx1
KXNBACUPMVP,sports_basketball,NBA,futures,0.12,0.12,UNKNOWN,rule,,
KXNBAMOSTWINS,sports_basketball,NBA,futures,0.12,0.12,maker_free(census),rule,Sports,quadraticx1
KXPGAPLAYOFF,sports_golf,PGA,futures,0.12,0.12,maker_free(census),rule,Sports,quadraticx1
SENATEPA,politics_geopolitics,,,0.12,0.25,maker_free(census),rule,Elections,quadraticx1
KXBUBECKLEAVE,other,,,0.12,0.12,UNKNOWN,guess,,
KXMICONSTITUTION,politics_geopolitics,,,0.12,0.12,maker_free(census),api,Elections,quadraticx1
KXRENOMAYOR,politics_geopolitics,,,0.12,0.12,maker_free(census),rule,Elections,quadraticx1
KXWEN,equity_indices,,,0.12,0.38,maker_free(census),api,Financials,quadraticx1
KXNBASEED,sports_basketball,NBA,props,0.12,0.12,UNKNOWN,rule,,
KXBELGIANPL,other,,,0.12,0.12,UNKNOWN,guess,,
KXAVGTKDEN,other,,,0.12,0.12,UNKNOWN,guess,,
KXVOTESAVEAMERICA,politics_geopolitics,,,0.12,0.38,maker_free(census),rule,Politics,quadraticx1
KXSBHOST,sports_other,,,0.11,0.12,maker_free(census),api,Sports,quadraticx1
KXSCTRANSEMP,other,,,0.11,0.12,UNKNOWN,guess,,
KXBBP418,equity_indices,,,0.11,0.12,maker_free(census),api,Financials,quadraticx1
KXWENA,company_earnings,,,0.11,0.12,maker_free(census),api,Companies,quadraticx1
KXYOUTHUN,rates_macro,,,0.11,0.12,maker_free(census),api,Economics,quadraticx1
KXCAMDENYARDS,other,,,0.11,0.38,UNKNOWN,guess,,
KXUBER,company_earnings,,,0.11,0.12,maker_free(census),rule,Financials,quadraticx1
KXVTMAPLE,other,,,0.1,0.12,UNKNOWN,guess,,
KXALBUMRELEASENBAYB,entertainment_culture,,,0.1,0.12,maker_free(census),rule,Entertainment,quadraticx1
KXSPORTSOWNERLBJ,sports_other,,,0.1,0.25,maker_free(census),api,Sports,quadraticx1
KXCONGESTIONEND,politics_geopolitics,,,0.1,0.25,maker_free(census),api,Politics,quadraticx1
KXDONATEMRBEAST,sports_other,,,0.1,0.25,maker_free(census),api,Sports,quadraticx1
KXVINE,equity_indices,,,0.1,0.12,maker_free(census),api,Financials,quadraticx1
KXYOSEMITEEXCHANGE,other,,,0.1,0.25,UNKNOWN,guess,,
KXRANKLISTSONGGOL,entertainment_culture,,,0.1,0.12,maker_free(census),api,Entertainment,quadraticx1
KXNICKELSTOP,commodities_fx_other,,,0.1,0.25,maker_free(census),rule,Politics,quadraticx1
KXEARLYVOTE,other,,,0.1,0.12,UNKNOWN,guess,,
KXSANDERSPRES,politics_geopolitics,,,0.09,0.12,maker_free(census),rule,Elections,quadraticx1
KXSPCXA,other,,,0.09,0.38,UNKNOWN,guess,,
KXUKCOALITION,commodities_fx_other,,,0.09,0.38,maker_free(census),rule,Elections,quadraticx1
KXRPRESPRIMARY,politics_geopolitics,,,0.09,0.25,maker_free(census),rule,Elections,quadraticx1
KXMALAYSIAPARLI,politics_geopolitics,,,0.09,0.12,UNKNOWN,rule,,
KXNYCMINWAGE,politics_geopolitics,,,0.09,0.25,maker_free(census),api,Politics,quadraticx1
KXGDPSHAREMANU,rates_macro,,,0.09,0.38,maker_free(census),rule,Economics,quadraticx1
KXSNAPELECTIONSPAIN,politics_geopolitics,,,0.09,0.12,maker_free(census),rule,Elections,quadraticx1
KXNFLFFPLAYERHIGH,sports_football_us,NFL,props,0.09,0.62,UNKNOWN,rule,,
KXANTHROPICBANKPUBLIC,tech_ai,,,0.09,0.25,maker_free(census),rule,Financials,quadraticx1
KXUSL,sports_soccer,USL,futures,0.08,0.25,maker_free(census),rule,Sports,quadraticx1
KXINDIANAPOWELL,entertainment_culture,,,0.08,0.12,maker_free(census),api,Entertainment,quadraticx1
KXAAAGASMINNY,macro_gas_prices,,,0.07,0.38,maker_free(census),rule,Politics,quadraticx1
KXWALESSNAPPROV,other,,,0.07,0.25,UNKNOWN,guess,,
KXSPANISHPM,politics_geopolitics,,,0.07,0.12,maker_free(census),rule,Elections,quadraticx1
KXPERSONPRESFUENTES,politics_geopolitics,,,0.07,0.12,maker_free(census),api,Elections,quadraticx1
KXXISUCCESSOR,politics_geopolitics,,,0.07,0.5,maker_free(census),api,Elections,quadraticx1
KXPRESNOML,politics_geopolitics,,,0.07,0.38,maker_free(census),rule,Elections,quadraticx1
KXCHINABIRTHLIMITS,politics_geopolitics,,,0.07,0.12,maker_free(census),rule,Politics,quadraticx1
KXHEISMANFINSPECIAL,sports_football_us,NCAAF,props,0.06,0.12,UNKNOWN,rule,,
KXUSFUND,politics_geopolitics,,,0.06,0.5,maker_free(census),api,Politics,quadraticx1
KXACQANNOUNCEGS,other,,,0.06,0.12,UNKNOWN,guess,,
KXCOMEYREINSTATE,politics_geopolitics,,,0.06,0.12,maker_free(census),api,Politics,quadraticx1
KXSINNERFINISH,sports_other,,,0.06,0.12,maker_free(census),api,Sports,quadraticx1
KXSNLHOST,entertainment_culture,,,0.06,0.25,UNKNOWN,rule,,
KXTRUMPDCTAKEOVER,politics_geopolitics,,,0.06,0.12,maker_free(census),rule,Politics,quadraticx1
KXBEZELP,equity_indices,,,0.05,0.38,maker_free(census),api,Financials,quadraticx1
KXZETA,equity_indices,,,0.05,0.5,maker_free(census),api,Financials,quadraticx1
KXBROWNHUSTEDDEBATE,politics_geopolitics,,,0.05,0.12,UNKNOWN,rule,,
KXWALESREFCALL,other,,,0.05,0.25,UNKNOWN,guess,,
KXVISITAREAKANYE,entertainment_culture,,,0.05,0.25,maker_free(census),api,Entertainment,quadraticx1
KXBRBALLOT,politics_geopolitics,,,0.05,0.25,maker_free(census),rule,Elections,quadraticx1
KXBEZELRO,equity_indices,,,0.05,0.25,maker_free(census),api,Financials,quadraticx1
GOVPARTYND,politics_geopolitics,,,0.04,0.12,maker_free(census),rule,Elections,quadraticx1
KXNCPHARMAEMP,other,,,0.04,0.12,UNKNOWN,guess,,
KXSCOTUSCERTFLAG,politics_geopolitics,,,0.04,0.25,maker_free(census),rule,Politics,quadraticx1
KXGAFILMSPEND,other,,,0.04,0.25,UNKNOWN,guess,,
KXUMICHOVR,rates_macro,,,0.04,0.12,maker_free(census),rule,Economics,quadraticx1
KXLEAVECONGRESS,politics_geopolitics,,,0.04,0.25,maker_free(census),api,Politics,quadraticx1
KXYANGMILLS,other,,,0.04,0.38,UNKNOWN,guess,,
KXFISHBACKRUN,other,,,0.03,0.12,UNKNOWN,guess,,
KXPOLIOELIM,tech_ai,,,0.03,0.25,maker_free(census),api,Science and Technology,quadraticx1
SCOTREF,other,,,0.03,0.25,UNKNOWN,guess,,
KXSCHUMEROUT,politics_geopolitics,,,0.03,0.38,maker_free(census),rule,Politics,quadraticx1
KXMLBWINS-PIT,sports_baseball,MLB,futures,0.03,0.25,maker_free(census),rule,Sports,quadraticx1
KXWVPOP,other,,,0.03,0.12,UNKNOWN,guess,,
KXKOSA,politics_geopolitics,,,0.03,0.12,maker_free(census),api,Politics,quadraticx1
KXFSLRA,equity_indices,,,0.03,0.12,maker_free(census),api,Financials,quadraticx1
KXUPONLY,entertainment_culture,,,0.03,0.12,maker_free(census),api,Entertainment,quadraticx1
KXCABUILDPERMITS,other,,,0.02,0.25,UNKNOWN,guess,,
KXSNAPRESTRICT,politics_geopolitics,,,0.02,0.25,maker_free(census),api,Politics,quadraticx1
KXTOKENUST,rates_macro,,,0.02,0.12,maker_free(census),api,Economics,quadraticx1
KXBEZELR,equity_indices,,,0.02,0.25,maker_free(census),api,Financials,quadraticx1
KXHINOJOSAABBOTTDEBATE,politics_geopolitics,,,0.02,0.25,UNKNOWN,rule,,
KXYOUTUBESUBS,entertainment_culture,,,0.02,0.25,maker_free(census),api,Entertainment,quadraticx1
KXDOGEY,crypto_daily_longer,,,0.02,0.12,maker_free(census),rule,Crypto,quadraticx1
KXNHMAPLE,other,,,0.02,0.25,UNKNOWN,guess,,
KXNCAAMBSWAC,sports_basketball,NCAAMB,props,0.02,0.12,UNKNOWN,rule,,
KXMOVIEDELAY,entertainment_culture,,,0.02,0.12,maker_free(census),rule,Entertainment,quadraticx1
KXAPCALLSENATE,politics_geopolitics,,,0.02,0.12,UNKNOWN,rule,,
KXPNP,other,,,0.02,0.12,UNKNOWN,guess,,
KXBUCKMASTERSUE,other,,,0.02,0.12,UNKNOWN,guess,,
KXGHANAPRES,politics_geopolitics,,,0.02,0.25,maker_free(census),rule,Elections,quadraticx1
KXWARSHOUT,politics_geopolitics,,,0.02,0.12,maker_free(census),rule,Economics,quadraticx1
KXDESANTISRUN,politics_geopolitics,,,0.01,0.12,maker_free(census),api,Elections,quadraticx1
KXMUSKSPORTS,politics_geopolitics,,,0.01,0.12,maker_free(census),rule,Entertainment,quadraticx1
KXNBAFINMVP,sports_basketball,NBA,futures,0.01,0.12,UNKNOWN,rule,,
KXNYTRESTAURANTS,entertainment_culture,,,0.01,0.12,maker_free(census),rule,Entertainment,quadraticx1
KXRETIREMACE,politics_geopolitics,,,0.01,0.12,maker_free(census),api,Politics,quadraticx1
KXUKRAINEEU,politics_geopolitics,,,0.01,0.12,maker_free(census),rule,Politics,quadraticx1
KXFREEBUSES,politics_geopolitics,,,0.01,0.12,maker_free(census),api,Politics,quadraticx1
KXTRUMPWEP,politics_geopolitics,,,0.01,0.12,maker_free(census),rule,Politics,quadraticx1
KXPAPJM,politics_geopolitics,,,0.01,0.12,maker_free(census),api,Politics,quadraticx1
KXEXPUNGEIMPEACH,politics_geopolitics,,,0.01,0.12,maker_free(census),api,Politics,quadraticx1
KXCASECESSION,politics_geopolitics,,,0.01,0.12,maker_free(census),api,Elections,quadraticx1
KXNHHOMEPRICE,other,,,0.01,0.12,UNKNOWN,guess,,
KXDHS100KOPT,politics_geopolitics,,,0.01,0.25,maker_free(census),api,Politics,quadraticx1
KXNCAAMBPAC12,sports_basketball,NCAAMB,futures,0.01,0.12,UNKNOWN,rule,,
KXAFCCLGAME,sports_other,,,0.01,0.12,maker_free(census),api,Sports,quadraticx1
KXSANTACATARINA,politics_geopolitics,,,0.01,0.12,maker_free(census),api,Elections,quadraticx1
KXWNBAGAMESPLAYED,sports_basketball,WNBA,props,0.0,0.12,maker_free(census),rule,Sports,quadraticx1
KXRELOCATEUNITED,equity_indices,,,0.0,0.12,maker_free(census),api,Financials,quadraticx1
KXALVEHICLEPROD,other,,,0.0,0.12,UNKNOWN,guess,,
KXPRICEINCREASESPOTIFY,equity_indices,,,0.0,0.12,maker_free(census),api,Financials,quadraticx1
KXTERMLIMITS,politics_geopolitics,,,0.0,0.12,maker_free(census),api,Politics,quadraticx1
KXSMITHSONIAN,other,,,0.0,0.12,UNKNOWN,guess,,
KXPLATNERCOLLINSDEBATE,politics_geopolitics,,,0.0,0.12,maker_free(census),rule,Politics,quadraticx1
KXNDQHUD,equity_indices,,,0.0,0.12,maker_free(census),api,Financials,quadraticx1
KXDGA,other,,,0.0,0.12,UNKNOWN,guess,,
KXLIGUE1TEAMPOINTS,sports_soccer,LIGUE1,props,0.0,0.12,maker_free(census),rule,Sports,quadraticx1
KXIBOV,equity_indices,,,0.0,0.25,maker_free(census),api,Financials,quadraticx1
KXCAPCONTROL,politics_geopolitics,,,0.0,0.12,maker_free(census),api,Politics,quadraticx1
